t,valence,arousal,dominance,joy,hope,fear,distress,surprise,cmd_vx,tempo_style,head_posture,behaviour,v_fwd,tilt_deg
0.02,0.0,0.0,0.0,0,0,0,0,0,0.13,0.0,0.0,walk forward,-0.08170100168036896,0.3130323828427051
0.04,0.0,0.0,0.0,0,0,0,0,0,0.13,0.0,0.0,walk forward,-0.06246785288678862,0.8252865870014419
0.06,0.0,0.0,0.0,0,0,0,0,0,0.13,0.0,0.0,walk forward,-0.008377851058041981,1.3338551565238466
0.08,0.0,0.0,0.0,0,0,0,0,0,0.13,0.0,0.0,walk forward,0.02303384508181134,1.6113498344802353
0.1,0.0,0.0,0.0,0,0,0,0,0,0.13,0.0,0.0,walk forward,0.04401482716803179,1.8387903289007856
0.12,0.0,0.0,0.0,0,0,0,0,0,0.13,0.0,0.0,walk forward,0.06231392527977772,2.032020635840367
0.14,0.0,0.0,0.0,0,0,0,0,0,0.13,0.0,0.0,walk forward,0.07444290068541574,2.2267413613833313
0.16,0.0,0.0,0.0,0,0,0,0,0,0.13,0.0,0.0,walk forward,0.09375582330989012,2.475693718666625
0.18,0.0,0.0,0.0,0,0,0,0,0,0.13,0.0,0.0,walk forward,0.10932281452362419,2.7352250477390503
0.2,0.0,0.0,0.0,0,0,0,0,0,0.13,0.0,0.0,walk forward,0.10077103579090023,2.9417870439307565
0.22,0.0,0.0,0.0,0,0,0,0,0,0.13,0.0,0.0,walk forward,0.0971886549483536,3.1384235500680946
0.24,0.0,0.0,0.0,0,0,0,0,0,0.13,0.0,0.0,walk forward,0.07608026135377247,3.123438169302726
0.26,0.0,0.0,0.0,0,0,0,0,0,0.13,0.0,0.0,walk forward,0.05816069612911792,2.880032200715089
0.28,0.0,0.0,0.0,0,0,0,0,0,0.13,0.0,0.0,walk forward,0.0492497194581534,2.756855948060414
0.3,0.0,0.0,0.0,0,0,0,0,0,0.13,0.0,0.0,walk forward,0.027219531249050848,2.590702602292611
0.32,0.0,0.0,0.0,0,0,0,0,0,0.13,0.0,0.0,walk forward,0.036100090380828335,2.7130404053991675
0.34,0.0,0.0,0.0,0,0,0,0,0,0.13,0.0,0.0,walk forward,0.057204675252122174,2.9277332934066145
0.36,0.0,0.0,0.0,0,0,0,0,0,0.13,0.0,0.0,walk forward,0.08158222426910142,3.090248749041723
0.38,0.0,0.0,0.0,0,0,0,0,0,0.13,0.0,0.0,walk forward,0.09882459085086676,3.2079542235894443
0.4,0.0,0.0,0.0,0,0,0,0,0,0.13,0.0,0.0,walk forward,0.11914569175413896,3.3776449049049018
0.42,0.0,0.0,0.0,0,0,0,0,0,0.13,0.0,0.0,walk forward,0.10658758990535612,3.6385405958092667
0.44,0.0,0.0,0.0,0,0,0,0,0,0.13,0.0,0.0,walk forward,0.08931535215489474,3.9599178936603936
0.46,0.0,0.0,0.0,0,0,0,0,0,0.13,0.0,0.0,walk forward,0.0938212296001023,4.2035742249722405
0.48,0.0,0.0,0.0,0,0,0,0,0,0.13,0.0,0.0,walk forward,0.09128612105176002,4.142655446463117
0.5,0.0,0.0,0.0,0,0,0,0,0,0.13,0.0,0.0,walk forward,0.09278532465760561,3.6656316233197543
0.52,0.0,0.0,0.0,0,0,0,0,0,0.13,0.0,0.0,walk forward,0.09833011574221937,2.70997889860061
0.54,0.0,0.0,0.0,0,0,0,0,0,0.13,0.0,0.0,walk forward,0.09922345401496861,1.5250143870871737
0.56,0.0,0.0,0.0,0,0,0,0,0,0.13,0.0,0.0,walk forward,0.1027661234296383,1.4536629544515751
0.58,0.0,0.0,0.0,0,0,0,0,0,0.13,0.0,0.0,walk forward,0.05276320564216095,2.5583360929071173
0.6,0.0,0.0,0.0,0,0,0,0,0,0.13,0.0,0.0,walk forward,0.03958470093073105,2.941341065099694
0.62,0.0,0.0,0.0,0,0,0,0,0,0.13,0.0,0.0,walk forward,0.04222182262508533,3.134005539927266
0.64,0.0,0.0,0.0,0,0,0,0,0,0.13,0.0,0.0,walk forward,0.04643888088303937,3.208881920481314
0.66,0.0,0.0,0.0,0,0,0,0,0,0.13,0.0,0.0,walk forward,0.06595153060949899,3.2234595940088973
0.68,0.0,0.0,0.0,0,0,0,0,0,0.13,0.0,0.0,walk forward,0.07062924103813811,3.2847700630061176
0.7,0.0,0.0,0.0,0,0,0,0,0,0.13,0.0,0.0,walk forward,0.08159388020413125,3.459074209650002
0.72,0.0,0.0,0.0,0,0,0,0,0,0.13,0.0,0.0,walk forward,0.07833633355048839,3.68260653874477
0.74,0.0,0.0,0.0,0,0,0,0,0,0.13,0.0,0.0,walk forward,0.07093923514461571,3.933976700870708
0.76,0.0,0.0,0.0,0,0,0,0,0,0.13,0.0,0.0,walk forward,0.07730408794493977,4.052606118117871
0.78,0.0,0.0,0.0,0,0,0,0,0,0.13,0.0,0.0,walk forward,0.09247464376109837,3.8665735746275334
0.8,0.0,0.0,0.0,0,0,0,0,0,0.13,0.0,0.0,walk forward,0.09885109861500538,3.3868344703722095
0.82,0.0,0.0,0.0,0,0,0,0,0,0.13,0.0,0.0,walk forward,0.10228401493040827,2.645773473582361
0.84,0.0,0.0,0.0,0,0,0,0,0,0.13,0.0,0.0,walk forward,0.09442676522807476,2.111872939937179
0.86,0.0,0.0,0.0,0,0,0,0,0,0.13,0.0,0.0,walk forward,0.08951205587560743,2.537118452496877
0.88,0.0,0.0,0.0,0,0,0,0,0,0.13,0.0,0.0,walk forward,0.091254364802522,3.0941695154352136
0.9,0.0,0.0,0.0,0,0,0,0,0,0.13,0.0,0.0,walk forward,0.08844866849963766,3.1616883489056717
0.92,0.0,0.0,0.0,0,0,0,0,0,0.13,0.0,0.0,walk forward,0.0960055532016269,3.16580732837337
0.94,0.0,0.0,0.0,0,0,0,0,0,0.13,0.0,0.0,walk forward,0.09570860930979785,3.2184369803886432
0.96,0.0,0.0,0.0,0,0,0,0,0,0.13,0.0,0.0,walk forward,0.09936342114939697,3.446419067620543
0.98,0.0,0.0,0.0,0,0,0,0,0,0.13,0.0,0.0,walk forward,0.08083812427220873,3.7639990774861207
1.0,0.0,0.0,0.0,0,0,0,0,0,0.13,0.0,0.0,walk forward,0.0744098349258314,4.113546593173602
1.02,0.0,0.0,0.0,0,0,0,0,0,0.13,0.0,0.0,walk forward,0.07167133131090099,4.279335472995754
1.04,0.0,0.0,0.0,0,0,0,0,0,0.13,0.0,0.0,walk forward,0.0701333694492778,4.065454451815531
1.06,0.0,0.0,0.0,0,0,0,0,0,0.13,0.0,0.0,walk forward,0.07837902755044504,3.4171433304300955
1.08,0.0,0.0,0.0,0,0,0,0,0,0.13,0.0,0.0,walk forward,0.08204347786701602,2.320660330512246
1.1,0.0,0.0,0.0,0,0,0,0,0,0.13,0.0,0.0,walk forward,0.08287472672698719,0.9458475647279628
1.12,0.0,0.0,0.0,0,0,0,0,0,0.13,0.0,0.0,walk forward,0.08736278460588402,1.3641685177829836
1.14,0.0,0.0,0.0,0,0,0,0,0,0.13,0.0,0.0,walk forward,0.08641895014868153,2.145861033464414
1.16,0.0,0.0,0.0,0,0,0,0,0,0.13,0.0,0.0,walk forward,0.061563835787419516,2.3370649035621636
1.18,0.0,0.0,0.0,0,0,0,0,0,0.13,0.0,0.0,walk forward,0.06244631439527302,2.426204278416488
1.2,0.0,0.0,0.0,0,0,0,0,0,0.13,0.0,0.0,walk forward,0.07781245607884647,2.4622643638162347
1.22,0.0,0.0,0.0,0,0,0,0,0,0.13,0.0,0.0,walk forward,0.08184596425450717,2.5306642951821536
1.24,0.0,0.0,0.0,0,0,0,0,0,0.13,0.0,0.0,walk forward,0.08330043182118683,2.707303409240011
1.26,0.0,0.0,0.0,0,0,0,0,0,0.13,0.0,0.0,walk forward,0.07823607761339317,2.9773989654869517
1.28,0.0,0.0,0.0,0,0,0,0,0,0.13,0.0,0.0,walk forward,0.07691592906702097,3.2361873281081954
1.3,0.0,0.0,0.0,0,0,0,0,0,0.13,0.0,0.0,walk forward,0.07547079866394717,3.2659534590317896
1.32,0.0,0.0,0.0,0,0,0,0,0,0.13,0.0,0.0,walk forward,0.09052133690745581,3.032733341822904
1.34,0.0,0.0,0.0,0,0,0,0,0,0.13,0.0,0.0,walk forward,0.09905705028715611,2.5731008381779046
1.36,0.0,0.0,0.0,0,0,0,0,0,0.13,0.0,0.0,walk forward,0.10135068796758316,1.8726391614728382
1.38,0.0,0.0,0.0,0,0,0,0,0,0.13,0.0,0.0,walk forward,0.1001118723301318,1.5098477359301528
1.4,0.0,0.0,0.0,0,0,0,0,0,0.13,0.0,0.0,walk forward,0.08862462954863788,2.4125273450357256
1.42,0.0,0.0,0.0,0,0,0,0,0,0.13,0.0,0.0,walk forward,0.08899057785860899,2.951268268276915
1.44,0.0,0.0,0.0,0,0,0,0,0,0.13,0.0,0.0,walk forward,0.12237622294822025,3.211290148655772
1.46,0.0,0.0,0.0,0,0,0,0,0,0.13,0.0,0.0,walk forward,0.12879483856062623,3.3146872785134573
1.48,0.0,0.0,0.0,0,0,0,0,0,0.13,0.0,0.0,walk forward,0.1186821374263298,3.392764052906677
1.5,0.0,0.0,0.0,0,0,0,0,0,0.13,0.0,0.0,walk forward,0.10590150309783052,3.6226092197860296
1.52,0.0,0.0,0.0,0,0,0,0,0,0.13,0.0,0.0,walk forward,0.09187697144503852,3.954629974195064
1.54,0.0,0.0,0.0,0,0,0,0,0,0.13,0.0,0.0,walk forward,0.07426489663387109,4.308331802770701
1.56,0.0,0.0,0.0,0,0,0,0,0,0.13,0.0,0.0,walk forward,0.0738967008989145,4.553627339230715
1.58,0.0,0.0,0.0,0,0,0,0,0,0.13,0.0,0.0,walk forward,0.07253487873954773,4.40308690918057
1.6,0.0,0.0,0.0,0,0,0,0,0,0.13,0.0,0.0,walk forward,0.07565027118700438,3.7191108963264856
1.62,0.0,0.0,0.0,0,0,0,0,0,0.13,0.0,0.0,walk forward,0.08061666088664614,2.58086062013119
1.64,0.0,0.0,0.0,0,0,0,0,0,0.13,0.0,0.0,walk forward,0.08213659412608341,1.2740368580881185
1.66,0.0,0.0,0.0,0,0,0,0,0,0.13,0.0,0.0,walk forward,0.07841782935896355,1.634430180123883
1.68,0.0,0.0,0.0,0,0,0,0,0,0.13,0.0,0.0,walk forward,0.05454736415167448,2.3131530721756106
1.7,0.0,0.0,0.0,0,0,0,0,0,0.13,0.0,0.0,walk forward,0.04797219486339088,2.6210910711193076
1.72,0.0,0.0,0.0,0,0,0,0,0,0.13,0.0,0.0,walk forward,0.058436949547939994,2.813797429401345
1.74,0.0,0.0,0.0,0,0,0,0,0,0.13,0.0,0.0,walk forward,0.06754658284852767,2.918462553440395
1.76,0.0,0.0,0.0,0,0,0,0,0,0.13,0.0,0.0,walk forward,0.0734248551630215,3.068717152775468
1.78,0.0,0.0,0.0,0,0,0,0,0,0.13,0.0,0.0,walk forward,0.07764416476954901,3.2605546494930717
1.8,0.0,0.0,0.0,0,0,0,0,0,0.13,0.0,0.0,walk forward,0.0769413203812241,3.498872953058459
1.82,0.0,0.0,0.0,0,0,0,0,0,0.13,0.0,0.0,walk forward,0.0725290664136776,3.7713101326900516
1.84,0.0,0.0,0.0,0,0,0,0,0,0.13,0.0,0.0,walk forward,0.08173792586009422,3.876403018600242
1.86,0.0,0.0,0.0,0,0,0,0,0,0.13,0.0,0.0,walk forward,0.08620756521501222,3.725084573573394
1.88,0.0,0.0,0.0,0,0,0,0,0,0.13,0.0,0.0,walk forward,0.09533466938039367,3.3523232692442617
1.9,0.0,0.0,0.0,0,0,0,0,0,0.13,0.0,0.0,walk forward,0.09915757999520224,2.7754591847582453
1.92,0.0,0.0,0.0,0,0,0,0,0,0.13,0.0,0.0,walk forward,0.09384696773625419,2.204911304896856
1.94,0.0,0.0,0.0,0,0,0,0,0,0.13,0.0,0.0,walk forward,0.09141105808642687,2.290894180209968
1.96,0.0,0.0,0.0,0,0,0,0,0,0.13,0.0,0.0,walk forward,0.10061244491046965,2.973539011382791
1.98,0.0,0.0,0.0,0,0,0,0,0,0.13,0.0,0.0,walk forward,0.1061151248558345,3.1038643790874176
2.0,0.0,0.0,0.0,0,0,0,0,0,0.13,0.0,0.0,walk forward,0.10419300511814321,3.1656215163349737
2.02,0.003179289841159977,0.0015804279228812806,0.0035767010713049774,0.07802479296226662,0,0,0,0,0.13,0.006321711691525123,0.008444988640581193,walk forward,0.10080463308489168,3.3129414469574825
2.04,0.003179289841159977,0.0015804279228812806,0.0035767010713049774,0.07802479296226662,0,0,0,0,0.13,0.006321711691525123,0.008444988640581193,walk forward,0.09182689088432137,3.5551714671342785
2.06,0.003179289841159977,0.0015804279228812806,0.0035767010713049774,0.07802479296226662,0,0,0,0,0.13,0.006321711691525123,0.008444988640581193,walk forward,0.08032910507774409,3.9300529773512265
2.08,0.003179289841159977,0.0015804279228812806,0.0035767010713049774,0.07802479296226662,0,0,0,0,0.13,0.006321711691525123,0.008444988640581193,walk forward,0.07135577379873205,4.364431551620946
2.1,0.003179289841159977,0.0015804279228812806,0.0035767010713049774,0.07802479296226662,0,0,0,0,0.13,0.006321711691525123,0.008444988640581193,walk forward,0.07122183323893992,4.5757314881256175
2.12,0.006239944976063283,0.003083784130264236,0.007019938098071166,0.07609835396005712,0,0,0,0,0.13,0.012335136521056944,0.01657485384266806,walk forward,0.07422399172638915,4.4157116244535315
2.14,0.006239944976063283,0.003083784130264236,0.007019938098071166,0.07609835396005712,0,0,0,0,0.13,0.012335136521056944,0.01657485384266806,walk forward,0.07574757634720229,3.8117114437648083
2.16,0.006239944976063283,0.003083784130264236,0.007019938098071166,0.07609835396005712,0,0,0,0,0.13,0.012335136521056944,0.01657485384266806,walk forward,0.07881758061126565,2.814993425550004
2.18,0.006239944976063283,0.003083784130264236,0.007019938098071166,0.07609835396005712,0,0,0,0,0.13,0.012335136521056944,0.01657485384266806,walk forward,0.08574508536407038,1.5373993645628279
2.2,0.006239944976063283,0.003083784130264236,0.007019938098071166,0.07609835396005712,0,0,0,0,0.13,0.012335136521056944,0.01657485384266806,walk forward,0.08564378499879702,0.8200208046598892
2.22,0.009186577137448942,0.004513463693952335,0.01033489927963005,0.07421947890628423,0,0,0,0,0.13,0.01805385477580934,0.02440184552134874,walk forward,0.07734328636437258,1.8696016695584063
2.24,0.009186577137448942,0.004513463693952335,0.01033489927963005,0.07421947890628423,0,0,0,0,0.13,0.01805385477580934,0.02440184552134874,walk forward,0.062031896167347236,2.1636925716127773
2.26,0.009186577137448942,0.004513463693952335,0.01033489927963005,0.07421947890628423,0,0,0,0,0.13,0.01805385477580934,0.02440184552134874,walk forward,0.06323879499890037,2.295589510455595
2.28,0.009186577137448942,0.004513463693952335,0.01033489927963005,0.07421947890628423,0,0,0,0,0.13,0.01805385477580934,0.02440184552134874,walk forward,0.07011460094946917,2.3677456193661732
2.3,0.009186577137448942,0.004513463693952335,0.01033489927963005,0.07421947890628423,0,0,0,0,0.13,0.01805385477580934,0.02440184552134874,walk forward,0.07663283049781443,2.4877529045921563
2.32,0.01202358405493939,0.005872693478574116,0.013526532061806817,0.07238699344287676,0,0,0,0,0.13,0.023490773914296464,0.03193764514593276,walk forward,0.07787713364069636,2.7142311698234693
2.34,0.01202358405493939,0.005872693478574116,0.013526532061806817,0.07238699344287676,0,0,0,0,0.13,0.023490773914296464,0.03193764514593276,walk forward,0.07465726524808639,2.9997246488157527
2.36,0.01202358405493939,0.005872693478574116,0.013526532061806817,0.07238699344287676,0,0,0,0,0.13,0.023490773914296464,0.03193764514593276,walk forward,0.06399212868955602,3.283228865138286
2.38,0.01202358405493939,0.005872693478574116,0.013526532061806817,0.07238699344287676,0,0,0,0,0.13,0.023490773914296464,0.03193764514593276,walk forward,0.0754652136108815,3.4640865203342392
2.4,0.01202358405493939,0.005872693478574116,0.013526532061806817,0.07238699344287676,0,0,0,0,0.13,0.023490773914296464,0.03193764514593276,walk forward,0.08071423152134394,3.3874161945610832
2.42,0.01475516119085249,0.0071645418857632925,0.016599556339709054,0.07059975220676762,0,0,0,0,0.13,0.02865816754305317,0.03919339691320193,walk forward,0.09473124447050368,3.0158842471144953
2.44,0.01475516119085249,0.0071645418857632925,0.016599556339709054,0.07059975220676762,0,0,0,0,0.13,0.02865816754305317,0.03919339691320193,walk forward,0.09799539498015983,2.3946985170249384
2.46,0.01475516119085249,0.0071645418857632925,0.016599556339709054,0.07059975220676762,0,0,0,0,0.13,0.02865816754305317,0.03919339691320193,walk forward,0.09505640572669821,1.7024038021946457
2.48,0.01475516119085249,0.0071645418857632925,0.016599556339709054,0.07059975220676762,0,0,0,0,0.13,0.02865816754305317,0.03919339691320193,walk forward,0.09580164661638274,1.6084983885065638
2.5,0.01475516119085249,0.0071645418857632925,0.016599556339709054,0.07059975220676762,0,0,0,0,0.13,0.02865816754305317,0.03919339691320193,walk forward,0.09123157012935532,2.4127750664788663
2.52,0.017385312741503123,0.008391927955846715,0.019558476834191013,0.06885663811400461,0,0,0,0,0.13,0.03356771182338686,0.04617973696961767,walk forward,0.09686636079466023,2.651978313458945
2.54,0.017385312741503123,0.008391927955846715,0.019558476834191013,0.06885663811400461,0,0,0,0,0.13,0.03356771182338686,0.04617973696961767,walk forward,0.10941584326992777,2.773941084751196
2.56,0.017385312741503123,0.008391927955846715,0.019558476834191013,0.06885663811400461,0,0,0,0,0.13,0.03356771182338686,0.04617973696961767,walk forward,0.10913143228436657,2.9649304505788576
2.58,0.017385312741503123,0.008391927955846715,0.019558476834191013,0.06885663811400461,0,0,0,0,0.13,0.03356771182338686,0.04617973696961767,walk forward,0.10307202127756074,3.302525699459692
2.6,0.017385312741503123,0.008391927955846715,0.019558476834191013,0.06885663811400461,0,0,0,0,0.13,0.03356771182338686,0.04617973696961767,walk forward,0.08290940328263036,3.6950229227334934
2.62,0.019917861955136923,0.009557629873891214,0.02240759469952905,0.06715656166153657,0,0,0,0,0.13,0.03823051949556486,0.052906820818332465,walk forward,0.08437628627576084,3.9913553983835786
2.64,0.019917861955136923,0.009557629873891214,0.02240759469952905,0.06715656166153657,0,0,0,0,0.13,0.03823051949556486,0.052906820818332465,walk forward,0.08403863053486839,4.04664606911188
2.66,0.019917861955136923,0.009557629873891214,0.02240759469952905,0.06715656166153657,0,0,0,0,0.13,0.03823051949556486,0.052906820818332465,walk forward,0.08679278782418809,3.714039745816111
2.68,0.019917861955136923,0.009557629873891214,0.02240759469952905,0.06715656166153657,0,0,0,0,0.13,0.03823051949556486,0.052906820818332465,walk forward,0.09278602688302563,2.9149732138726256
2.7,0.019917861955136923,0.009557629873891214,0.02240759469952905,0.06715656166153657,0,0,0,0,0.13,0.03823051949556486,0.052906820818332465,walk forward,0.10143641499355852,1.6972751546964997
2.72,0.02235646081373807,0.01066429292324058,0.025151018415455334,0.06549846024623852,0,0,0,0,0.13,0.04265717169296232,0.05938434903649176,walk forward,0.09679984010763873,0.39172681918687513
2.74,0.02235646081373807,0.01066429292324058,0.025151018415455334,0.06549846024623852,0,0,0,0,0.13,0.04265717169296232,0.05938434903649176,walk forward,0.09492087618179927,1.8133453955053525
2.76,0.02235646081373807,0.01066429292324058,0.025151018415455334,0.06549846024623852,0,0,0,0,0.13,0.04265717169296232,0.05938434903649176,walk forward,0.0836299851682377,2.42163289896752
2.78,0.02235646081373807,0.01066429292324058,0.025151018415455334,0.06549846024623852,0,0,0,0,0.13,0.04265717169296232,0.05938434903649176,walk forward,0.0851135293608524,2.4256256046541
2.8,0.02235646081373807,0.01066429292324058,0.025151018415455334,0.06549846024623852,0,0,0,0,0.13,0.04265717169296232,0.05938434903649176,walk forward,0.0893355971004309,2.3106820629579636
2.82,0.024704599122372745,0.0117144369262724,0.027792674012669327,0.06388129750075014,0,0,0,0,0.13,0.0468577477050896,0.06562159141880258,walk forward,0.08579820609245332,2.206916183039565
2.84,0.024704599122372745,0.0117144369262724,0.027792674012669327,0.06388129750075014,0,0,0,0,0.13,0.0468577477050896,0.06562159141880258,walk forward,0.08628202203547015,2.2417028444441662
2.86,0.024704599122372745,0.0117144369262724,0.027792674012669327,0.06388129750075014,0,0,0,0,0.13,0.0468577477050896,0.06562159141880258,walk forward,0.08202843985317901,2.433559447129786
2.88,0.024704599122372745,0.0117144369262724,0.027792674012669327,0.06388129750075014,0,0,0,0,0.13,0.0468577477050896,0.06562159141880258,walk forward,0.07849627462360806,2.7315648781779998
2.9,0.024704599122372745,0.0117144369262724,0.027792674012669327,0.06388129750075014,0,0,0,0,0.13,0.0468577477050896,0.06562159141880258,walk forward,0.0795787194888725,3.0204629094678515
2.92,0.026965613046445736,0.01271046320899323,0.030336314677251452,0.062304062645712366,0,0,0,0,0.13,0.05084185283597292,0.07162740965462149,walk forward,0.08859238436743226,3.0914101468084914
2.94,0.026965613046445736,0.01271046320899323,0.030336314677251452,0.062304062645712366,0,0,0,0,0.13,0.05084185283597292,0.07162740965462149,walk forward,0.10188214309394784,2.875360688657797
2.96,0.026965613046445736,0.01271046320899323,0.030336314677251452,0.062304062645712366,0,0,0,0,0.13,0.05084185283597292,0.07162740965462149,walk forward,0.10378279287151183,2.388824326919743
2.98,0.026965613046445736,0.01271046320899323,0.030336314677251452,0.062304062645712366,0,0,0,0,0.13,0.05084185283597292,0.07162740965462149,walk forward,0.10871501396184867,1.6215114390827525
3.0,0.026965613046445736,0.01271046320899323,0.030336314677251452,0.062304062645712366,0,0,0,0,0.13,0.05084185283597292,0.07162740965462149,walk forward,0.10178557982560242,0.9395201927851905
3.02,0.029142693134230263,0.013654661123241645,0.03278552977600904,0.060765769857997455,0,0,0,0,0.13,0.05461864449296658,0.07741027863779913,walk forward,0.09806834876086229,1.7249862455222962
3.04,0.029142693134230263,0.013654661123241645,0.03278552977600904,0.060765769857997455,0,0,0,0,0.13,0.05461864449296658,0.07741027863779913,walk forward,0.10587333411204661,2.34158472578393
3.06,0.029142693134230263,0.013654661123241645,0.03278552977600904,0.060765769857997455,0,0,0,0,0.13,0.05461864449296658,0.07741027863779913,walk forward,0.12043743544923959,2.5217136740088892
3.08,0.029142693134230263,0.013654661123241645,0.03278552977600904,0.060765769857997455,0,0,0,0,0.13,0.05461864449296658,0.07741027863779913,walk forward,0.11432497497349337,2.703238310230624
3.1,0.029142693134230263,0.013654661123241645,0.03278552977600904,0.060765769857997455,0,0,0,0,0.13,0.05461864449296658,0.07741027863779913,walk forward,0.10657410024686112,3.0054763139817786
3.12,0.031238891859258933,0.014549214157659703,0.03514375334166628,0.059265457654537404,0,0,0,0,0.13,0.05819685663063881,0.0829783065011565,walk forward,0.09383398901755731,3.451248273427928
3.14,0.031238891859258933,0.014549214157659703,0.03514375334166628,0.059265457654537404,0,0,0,0,0.13,0.05819685663063881,0.0829783065011565,walk forward,0.08322607203505282,3.875604075427257
3.16,0.031238891859258933,0.014549214157659703,0.03514375334166628,0.059265457654537404,0,0,0,0,0.13,0.05819685663063881,0.0829783065011565,walk forward,0.0854142166726764,4.162935536077966
3.18,0.031238891859258933,0.014549214157659703,0.03514375334166628,0.059265457654537404,0,0,0,0,0.13,0.05819685663063881,0.0829783065011565,walk forward,0.08777896511024046,4.108455750300877
3.2,0.031238891859258933,0.014549214157659703,0.03514375334166628,0.059265457654537404,0,0,0,0,0.13,0.05819685663063881,0.0829783065011565,walk forward,0.09417168089024834,3.615080436969983
3.22,0.03325713071461456,0.015396205666201652,0.03741427205394138,0.05780218829136575,0,0,0,0,0.13,0.06158482266480661,0.08833925346069492,walk forward,0.09952770042958058,2.7333399773419886
3.24,0.03325713071461456,0.015396205666201652,0.03741427205394138,0.05780218829136575,0,0,0,0,0.13,0.06158482266480661,0.08833925346069492,walk forward,0.0955622716911084,1.5461930779243371
3.26,0.03325713071461456,0.015396205666201652,0.03741427205394138,0.05780218829136575,0,0,0,0,0.13,0.06158482266480661,0.08833925346069492,walk forward,0.0978643910840467,0.3733495737043808
3.28,0.03325713071461456,0.015396205666201652,0.03741427205394138,0.05780218829136575,0,0,0,0,0.13,0.06158482266480661,0.08833925346069492,walk forward,0.09065494824290543,1.5845157356498745
3.3,0.03325713071461456,0.015396205666201652,0.03741427205394138,0.05780218829136575,0,0,0,0,0.13,0.06158482266480661,0.08833925346069492,walk forward,0.07498965545067987,1.8818643894700948
3.32,0.0352002068888147,0.016197624240755416,0.03960023274991656,0.05637504717749704,0,0,0,0,0.13,0.06479049696302167,0.09350054954841408,walk forward,0.06881207768842192,1.9732025061633973
3.34,0.0352002068888147,0.016197624240755416,0.03960023274991656,0.05637504717749704,0,0,0,0,0.13,0.06479049696302167,0.09350054954841408,walk forward,0.07817070729565294,2.0320531476469386
3.36,0.0352002068888147,0.016197624240755416,0.03960023274991656,0.05637504717749704,0,0,0,0,0.13,0.06479049696302167,0.09350054954841408,walk forward,0.087461359054916,2.102188120705018
3.38,0.0352002068888147,0.016197624240755416,0.03960023274991656,0.05637504717749704,0,0,0,0,0.13,0.06479049696302167,0.09350054954841408,walk forward,0.08859830334333511,2.292949915454158
3.4,0.0352002068888147,0.016197624240755416,0.03960023274991656,0.05637504717749704,0,0,0,0,0.13,0.06479049696302167,0.09350054954841408,walk forward,0.07830435786689813,2.576426889634728
3.42,0.03707079955082451,0.016955368752439602,0.04170464949467759,0.05498314230327774,0,0,0,0,0.13,0.06782147500975841,0.09846931130687762,walk forward,0.07810720598680326,2.8709350786102776
3.44,0.03707079955082451,0.016955368752439602,0.04170464949467759,0.05498314230327774,0,0,0,0,0.13,0.06782147500975841,0.09846931130687762,walk forward,0.07650197838094719,3.0482161419339517
3.46,0.03707079955082451,0.016955368752439602,0.04170464949467759,0.05498314230327774,0,0,0,0,0.13,0.06782147500975841,0.09846931130687762,walk forward,0.09192922803976732,2.9772575363320644
3.48,0.03707079955082451,0.016955368752439602,0.04170464949467759,0.05498314230327774,0,0,0,0,0.13,0.06782147500975841,0.09846931130687762,walk forward,0.10396330536407654,2.6109040730530078
3.5,0.03707079955082451,0.016955368752439602,0.04170464949467759,0.05498314230327774,0,0,0,0,0.13,0.06782147500975841,0.09846931130687762,walk forward,0.11198368180328341,1.9944517335175798
3.52,0.038871475769744285,0.0176712530842908,0.04373041024096233,0.05362560368285111,0,0,0,0,0.13,0.0706850123371632,0.10325235751338327,walk forward,0.10914430474917812,1.3350024706289014
3.54,0.038871475769744285,0.0176712530842908,0.04373041024096233,0.05362560368285111,0,0,0,0,0.13,0.0706850123371632,0.10325235751338327,walk forward,0.10268050413849382,1.474276184508152
3.56,0.038871475769744285,0.0176712530842908,0.04373041024096233,0.05362560368285111,0,0,0,0,0.13,0.0706850123371632,0.10325235751338327,walk forward,0.09701247290035395,2.4349386681453002
3.58,0.038871475769744285,0.0176712530842908,0.04373041024096233,0.05362560368285111,0,0,0,0,0.13,0.0706850123371632,0.10325235751338327,walk forward,0.10002323672559366,2.7287463033414414
3.6,0.038871475769744285,0.0176712530842908,0.04373041024096233,0.05362560368285111,0,0,0,0,0.13,0.0706850123371632,0.10325235751338327,walk forward,0.10476292006072002,2.9481778477064933
3.62,0.04060469609288572,0.01834701057635789,0.045680283104496455,0.05230158281038774,0,0,0,0,0.13,0.07338804230543156,0.10785622399672773,walk forward,0.1144974510583807,3.1484115583468766
3.64,0.04060469609288572,0.01834701057635789,0.045680283104496455,0.05230158281038774,0,0,0,0,0.13,0.07338804230543156,0.10785622399672773,walk forward,0.10299632508007446,3.440306455229821
3.66,0.04060469609288572,0.01834701057635789,0.045680283104496455,0.05230158281038774,0,0,0,0,0.13,0.07338804230543156,0.10785622399672773,walk forward,0.0878160809180011,3.865473801047996
3.68,0.04060469609288572,0.01834701057635789,0.045680283104496455,0.05230158281038774,0,0,0,0,0.13,0.07338804230543156,0.10785622399672773,walk forward,0.08122969714829407,4.224764671601299
3.7,0.04060469609288572,0.01834701057635789,0.045680283104496455,0.05230158281038774,0,0,0,0,0.13,0.07338804230543156,0.10785622399672773,walk forward,0.07799949967570073,4.298649202704219
3.72,0.04227281980426087,0.01898429820265943,0.047556922279793495,0.05101025212974182,0,0,0,0,0.13,0.07593719281063772,0.11228717760506796,walk forward,0.08508160534548165,4.004686330130098
3.74,0.04227281980426087,0.01898429820265943,0.047556922279793495,0.05101025212974182,0,0,0,0,0.13,0.07593719281063772,0.11228717760506796,walk forward,0.09046028751939963,3.3079921529535747
3.76,0.04227281980426087,0.01898429820265943,0.047556922279793495,0.05101025212974182,0,0,0,0,0.13,0.07593719281063772,0.11228717760506796,walk forward,0.10003322154576219,2.2425677357804727
3.78,0.04227281980426087,0.01898429820265943,0.047556922279793495,0.05101025212974182,0,0,0,0,0.13,0.07593719281063772,0.11228717760506796,walk forward,0.10037731423993795,0.9098936740745023
3.8,0.04227281980426087,0.01898429820265943,0.047556922279793495,0.05101025212974182,0,0,0,0,0.13,0.07593719281063772,0.11228717760506796,walk forward,0.10567016011237783,1.070961540908956
3.82,0.04387810988394894,0.019584700498024573,0.04936287361944258,0.04975080451720156,0,0,0,0,0.13,0.07833880199209829,0.1165512293792394,walk forward,0.09038650952826122,2.0186043995718315
3.84,0.04387810988394894,0.019584700498024573,0.04936287361944258,0.04975080451720156,0,0,0,0,0.13,0.07833880199209829,0.1165512293792394,walk forward,0.06838012143840667,2.069156855723426
3.86,0.04387810988394894,0.019584700498024573,0.04936287361944258,0.04975080451720156,0,0,0,0,0.13,0.07833880199209829,0.1165512293792394,walk forward,0.06428534248253007,1.9902702864545891
3.88,0.04387810988394894,0.019584700498024573,0.04936287361944258,0.04975080451720156,0,0,0,0,0.13,0.07833880199209829,0.1165512293792394,walk forward,0.07340297706035806,1.9012793986728684
3.9,0.04387810988394894,0.019584700498024573,0.04936287361944258,0.04975080451720156,0,0,0,0,0.13,0.07833880199209829,0.1165512293792394,walk forward,0.08129222274084304,1.97268102920872
3.92,0.04542273768736699,0.020149733251516738,0.051100579898287896,0.04852245277701063,0,0,0,0,0.13,0.08059893300606695,0.12065414698206861,walk forward,0.08285769476076527,2.2013400036018225
3.94,0.04542273768736699,0.020149733251516738,0.051100579898287896,0.04852245277701063,0,0,0,0,0.13,0.08059893300606695,0.12065414698206861,walk forward,0.07620887723498311,2.5015842202399288
3.96,0.04542273768736699,0.020149733251516738,0.051100579898287896,0.04852245277701063,0,0,0,0,0.13,0.08059893300606695,0.12065414698206861,walk forward,0.07791225681358005,2.788696523771651
3.98,0.04542273768736699,0.020149733251516738,0.051100579898287896,0.04852245277701063,0,0,0,0,0.13,0.08059893300606695,0.12065414698206861,walk forward,0.08536861717722165,2.864362067408464
4.0,0.04542273768736699,0.020149733251516738,0.051100579898287896,0.04852245277701063,0,0,0,0,0.13,0.08059893300606695,0.12065414698206861,walk forward,0.09589191576625487,2.6544150893226393
4.02,0.04690878736214146,0.02068084698192298,0.0527723857824092,0.04732442914934516,0,0,0,0,0.13,0.08272338792769192,0.12460146643068833,walk forward,0.10337711048096876,2.174682369171796
4.04,0.04690878736214146,0.02068084698192298,0.0527723857824092,0.04732442914934516,0,0,0,0,0.13,0.08272338792769192,0.12460146643068833,walk forward,0.1019136160601081,1.428044411109409
4.06,0.04690878736214146,0.02068084698192298,0.0527723857824092,0.04732442914934516,0,0,0,0,0.13,0.08272338792769192,0.12460146643068833,walk forward,0.09524689877166595,0.8179508874039871
4.08,0.04690878736214146,0.02068084698192298,0.0527723857824092,0.04732442914934516,0,0,0,0,0.13,0.08272338792769192,0.12460146643068833,walk forward,0.09456283491013304,1.7848295403099699
4.1,0.04690878736214146,0.02068084698192298,0.0527723857824092,0.04732442914934516,0,0,0,0,0.13,0.08272338792769192,0.12460146643068833,walk forward,0.10829403837047685,2.362685038767415
4.12,0.048338260019049145,0.021179430209670995,0.05438054252143032,0.04615598483043889,0,0,0,0,0.13,0.08471772083868398,0.12839850317559934,walk forward,0.10708544355372196,2.4627460347411834
4.14,0.048338260019049145,0.021179430209670995,0.05438054252143032,0.04615598483043889,0,0,0,0,0.13,0.08471772083868398,0.12839850317559934,walk forward,0.10530742456824134,2.605186958661189
4.16,0.048338260019049145,0.021179430209670995,0.05438054252143032,0.04615598483043889,0,0,0,0,0.13,0.08471772083868398,0.12839850317559934,walk forward,0.09874134470845722,2.837475974094379
4.18,0.048338260019049145,0.021179430209670995,0.05438054252143032,0.04615598483043889,0,0,0,0,0.13,0.08471772083868398,0.12839850317559934,walk forward,0.08516996017228985,3.1385407843055333
4.2,0.048338260019049145,0.021179430209670995,0.05438054252143032,0.04615598483043889,0,0,0,0,0.13,0.08471772083868398,0.12839850317559934,walk forward,0.06908115458539119,3.5153140686686086
4.22,0.049713077672360495,0.021646812538502834,0.05592721238140558,0.04501638950455641,0,0,0,0,0.13,0.08658725015401134,0.1320503625672076,walk forward,0.07258831246561656,3.8305223263496138
4.24,0.049713077672360495,0.021646812538502834,0.05592721238140558,0.04501638950455641,0,0,0,0,0.13,0.08658725015401134,0.1320503625672076,walk forward,0.0701394438218052,3.8432906366756563
4.26,0.049713077672360495,0.021646812538502834,0.05592721238140558,0.04501638950455641,0,0,0,0,0.13,0.08658725015401134,0.1320503625672076,walk forward,0.08077720623912048,3.4152337068668985
4.28,0.049713077672360495,0.021646812538502834,0.05592721238140558,0.04501638950455641,0,0,0,0,0.13,0.08658725015401134,0.1320503625672076,walk forward,0.08294413222754053,2.565826110702844
4.3,0.049713077672360495,0.021646812538502834,0.05592721238140558,0.04501638950455641,0,0,0,0,0.13,0.08658725015401134,0.1320503625672076,walk forward,0.08769170740729991,1.4047720632288523
4.32,0.05103508696386802,0.022084267559281445,0.057414472834351526,0.043904930887522065,0,0,0,0,0.13,0.08833707023712578,0.13556194974777444,walk forward,0.09410792979286828,0.4885521024145387
4.34,0.05103508696386802,0.022084267559281445,0.057414472834351526,0.043904930887522065,0,0,0,0,0.13,0.08833707023712578,0.13556194974777444,walk forward,0.08556117648520538,1.7274111522895947
4.36,0.05103508696386802,0.022084267559281445,0.057414472834351526,0.043904930887522065,0,0,0,0,0.13,0.08833707023712578,0.13556194974777444,walk forward,0.06035675554618221,1.9576149674322538
4.38,0.05103508696386802,0.022084267559281445,0.057414472834351526,0.043904930887522065,0,0,0,0,0.13,0.08833707023712578,0.13556194974777444,walk forward,0.057580190370892466,1.9768191243452609
4.4,0.05103508696386802,0.022084267559281445,0.057414472834351526,0.043904930887522065,0,0,0,0,0.13,0.08833707023712578,0.13556194974777444,walk forward,0.06907048719590879,2.000363419906795
4.42,0.05230606268390969,0.022493015587427004,0.05884432051939842,0.04282091428151917,0,0,0,0,0.13,0.08997206234970802,0.13893797900413513,walk forward,0.07898982287615268,2.046646920143658
4.44,0.05230606268390969,0.022493015587427004,0.05884432051939842,0.04282091428151917,0,0,0,0,0.13,0.08997206234970802,0.13893797900413513,walk forward,0.08284112710683879,2.20062387911174
4.46,0.05230606268390969,0.022493015587427004,0.05884432051939842,0.04282091428151917,0,0,0,0,0.13,0.08997206234970802,0.13893797900413513,walk forward,0.07514510318379226,2.447310245276793
4.48,0.05230606268390969,0.022493015587427004,0.05884432051939842,0.04282091428151917,0,0,0,0,0.13,0.08997206234970802,0.13893797900413513,walk forward,0.07990171584535485,2.6987995363071895
4.5,0.05230606268390969,0.022493015587427004,0.05884432051939842,0.04282091428151917,0,0,0,0,0.13,0.08997206234970802,0.13893797900413513,walk forward,0.08227770272143473,2.7912717484431027
4.52,0.05352771110179766,0.0228742262446683,0.06021867498952238,0.04176366214088124,0,0,0,0,0.13,0.0914969049786732,0.14218298261415005,walk forward,0.0886309430234539,2.645170252695468
4.54,0.05352771110179766,0.0228742262446683,0.06021867498952238,0.04176366214088124,0,0,0,0,0.13,0.0914969049786732,0.14218298261415005,walk forward,0.09681607471695555,2.2338890116592305
4.56,0.05352771110179766,0.0228742262446683,0.06021867498952238,0.04176366214088124,0,0,0,0,0.13,0.0914969049786732,0.14218298261415005,walk forward,0.09034080194195192,1.5604339118649573
4.58,0.05352771110179766,0.0228742262446683,0.06021867498952238,0.04176366214088124,0,0,0,0,0.13,0.0914969049786732,0.14218298261415005,walk forward,0.09065950646490124,0.9044087578387466
4.6,0.05352771110179766,0.0228742262446683,0.06021867498952238,0.04176366214088124,0,0,0,0,0.13,0.0914969049786732,0.14218298261415005,walk forward,0.08536660018343292,1.5480446185344883
4.62,0.054701673117227484,0.02322902089504458,0.06153938225688094,0.040732513648603884,0,0,0,0,0.13,0.09291608358017832,0.14530131921763553,walk forward,0.09701894188559027,2.376437627246732
4.64,0.054701673117227484,0.02322902089504458,0.06153938225688094,0.040732513648603884,0,0,0,0,0.13,0.09291608358017832,0.14530131921763553,walk forward,0.11162375849764515,2.5905775122253103
4.66,0.054701673117227484,0.02322902089504458,0.06153938225688094,0.040732513648603884,0,0,0,0,0.13,0.09291608358017832,0.14530131921763553,walk forward,0.1310830861717314,2.7623965006513815
4.68,0.054701673117227484,0.02322902089504458,0.06153938225688094,0.040732513648603884,0,0,0,0,0.13,0.09291608358017832,0.14530131921763553,walk forward,0.11588284205806866,2.9671874784511605
4.7,0.054701673117227484,0.02322902089504458,0.06153938225688094,0.040732513648603884,0,0,0,0,0.13,0.09291608358017832,0.14530131921763553,walk forward,0.09005278056778303,3.271594773907138
4.72,0.05582952724347112,0.02355847494440036,0.06280821814890503,0.03972682430331271,0,0,0,0,0.13,0.09423389977760144,0.14829718174047019,walk forward,0.08379010060791955,3.6892687117880856
4.74,0.05582952724347112,0.02355847494440036,0.06280821814890503,0.03972682430331271,0,0,0,0,0.13,0.09423389977760144,0.14829718174047019,walk forward,0.07646239420049009,4.056383532838306
4.76,0.05582952724347112,0.02355847494440036,0.06280821814890503,0.03972682430331271,0,0,0,0,0.13,0.09423389977760144,0.14829718174047019,walk forward,0.08240996140664886,4.102855660851023
4.78,0.05582952724347112,0.02355847494440036,0.06280821814890503,0.03972682430331271,0,0,0,0,0.13,0.09423389977760144,0.14829718174047019,walk forward,0.08547257253971506,3.7727864467245835
4.8,0.05582952724347112,0.02355847494440036,0.06280821814890503,0.03972682430331271,0,0,0,0,0.13,0.09423389977760144,0.14829718174047019,walk forward,0.09226687335351211,3.073014700620582
4.82,0.05691279243243884,0.023863620011974937,0.06402689148649371,0.03874596551642894,0,0,0,0,0.13,0.09545448004789975,0.1511746048986657,walk forward,0.09555182515200383,1.9936829034958765
4.84,0.05691279243243884,0.023863620011974937,0.06402689148649371,0.03874596551642894,0,0,0,0,0.13,0.09545448004789975,0.1511746048986657,walk forward,0.10025975670586909,0.5879084408867212
4.86,0.05691279243243884,0.023863620011974937,0.06402689148649371,0.03874596551642894,0,0,0,0,0.13,0.09545448004789975,0.1511746048986657,walk forward,0.10818813673944044,1.1358672582254365
4.88,0.05691279243243884,0.023863620011974937,0.06402689148649371,0.03874596551642894,0,0,0,0,0.13,0.09545448004789975,0.1511746048986657,walk forward,0.09758066082388119,1.7534914923798093
4.9,0.05691279243243884,0.023863620011974937,0.06402689148649371,0.03874596551642894,0,0,0,0,0.13,0.09545448004789975,0.1511746048986657,walk forward,0.09926871975495308,1.7767431201889905
4.92,0.0579529307510306,0.024145445982095615,0.06519704709490945,0.03778932421928112,0,0,0,0,0.13,0.09658178392838246,0.15393747230742505,walk forward,0.08876040687214501,1.7559253320191914
4.94,0.0579529307510306,0.024145445982095615,0.06519704709490945,0.03778932421928112,0,0,0,0,0.13,0.09658178392838246,0.15393747230742505,walk forward,0.08287795372857842,1.7174298454888992
4.96,0.0579529307510306,0.024145445982095615,0.06519704709490945,0.03778932421928112,0,0,0,0,0.13,0.09658178392838246,0.15393747230742505,walk forward,0.08092142177673547,1.7865096219717516
4.98,0.0579529307510306,0.024145445982095615,0.06519704709490945,0.03778932421928112,0,0,0,0,0.13,0.09658178392838246,0.15393747230742505,walk forward,0.07639587861889476,2.0211701310344514
5.0,0.0579529307510306,0.024145445982095615,0.06519704709490945,0.03778932421928112,0,0,0,0,0.13,0.09658178392838246,0.15393747230742505,walk forward,0.07462420631656487,2.368049340490862
5.02,0.058951349917579804,0.024404902943435034,0.0663202686572773,0.03685630247991721,0,0,0,0,0.13,0.09761961177374014,0.1565895232185714,walk forward,0.08006449399865251,2.674390171054969
5.04,0.058951349917579804,0.024404902943435034,0.0663202686572773,0.03685630247991721,0,0,0,0,0.13,0.09761961177374014,0.1565895232185714,walk forward,0.09067363763311811,2.7418361114883987
5.06,0.058951349917579804,0.024404902943435034,0.0663202686572773,0.03685630247991721,0,0,0,0,0.13,0.09761961177374014,0.1565895232185714,walk forward,0.10579660844236108,2.5084954359356915
5.08,0.058951349917579804,0.024404902943435034,0.0663202686572773,0.03685630247991721,0,0,0,0,0.13,0.09761961177374014,0.1565895232185714,walk forward,0.1119461699669991,1.9801257803238517
5.1,0.058951349917579804,0.024404902943435034,0.0663202686572773,0.03685630247991721,0,0,0,0,0.13,0.09761961177374014,0.1565895232185714,walk forward,0.10661744607710669,1.3009187502611261
5.12,0.059909405706618526,0.024642903022785025,0.06739808141994587,0.035946317129377674,0,0,0,0,0.13,0.0985716120911401,0.1591343589082055,walk forward,0.1063580773498004,1.245017200471765
5.14,0.059909405706618526,0.024642903022785025,0.06739808141994587,0.035946317129377674,0,0,0,0,0.13,0.0985716120911401,0.1591343589082055,walk forward,0.10975648884785032,2.1464069324147608
5.16,0.059909405706618526,0.024642903022785025,0.06739808141994587,0.035946317129377674,0,0,0,0,0.13,0.0985716120911401,0.1591343589082055,walk forward,0.10331435631667911,2.442580864888312
5.18,0.059909405706618526,0.024642903022785025,0.06739808141994587,0.035946317129377674,0,0,0,0,0.13,0.0985716120911401,0.1591343589082055,walk forward,0.10584982292743209,2.6265373904330076
5.2,0.059909405706618526,0.024642903022785025,0.06739808141994587,0.035946317129377674,0,0,0,0,0.13,0.0985716120911401,0.1591343589082055,walk forward,0.10892430179020797,2.844272108260099
5.22,0.06082840422966093,0.0248603221198287,0.06843195475836858,0.03505879939719588,0,0,0,0,0.13,0.0994412884793148,0.16157544873503688,walk forward,0.09540413601521357,3.1302445318139616
5.24,0.06082840422966093,0.0248603221198287,0.06843195475836858,0.03505879939719588,0,0,0,0,0.13,0.0994412884793148,0.16157544873503688,walk forward,0.08681010188354857,3.469896262662375
5.26,0.06082840422966093,0.0248603221198287,0.06843195475836858,0.03505879939719588,0,0,0,0,0.13,0.0994412884793148,0.16157544873503688,walk forward,0.0791389386142531,3.7658370604307008
5.28,0.06082840422966093,0.0248603221198287,0.06843195475836858,0.03505879939719588,0,0,0,0,0.13,0.0994412884793148,0.16157544873503688,walk forward,0.07808007698606959,3.75982154881764
5.3,0.06082840422966093,0.0248603221198287,0.06843195475836858,0.03505879939719588,0,0,0,0,0.13,0.0994412884793148,0.16157544873503688,walk forward,0.08593684923695231,3.3263010570519995
5.32,0.06170960409920592,0.025058001548956328,0.06942330461160669,0.034193194555898074,0,0,0,0,0.13,0.10023200619582531,0.16391613588851578,walk forward,0.09249351652454665,2.447772860647807
5.34,0.06170960409920592,0.025058001548956328,0.06942330461160669,0.034193194555898074,0,0,0,0,0.13,0.10023200619582531,0.16391613588851578,walk forward,0.09579348534983194,1.2469787875969731
5.36,0.06170960409920592,0.025058001548956328,0.06942330461160669,0.034193194555898074,0,0,0,0,0.13,0.10023200619582531,0.16391613588851578,walk forward,0.0934792406232605,0.8134869784109441
5.38,0.06170960409920592,0.025058001548956328,0.06942330461160669,0.034193194555898074,0,0,0,0,0.13,0.10023200619582531,0.16391613588851578,walk forward,0.08826890171116575,2.073411021158343
5.4,0.06170960409920592,0.025058001548956328,0.06942330461160669,0.034193194555898074,0,0,0,0,0.13,0.10023200619582531,0.16391613588851578,walk forward,0.05770365528277311,2.329954905713241
5.42,0.06255421848269951,0.025236749593766036,0.07037349579303698,0.03334896157428061,0,0,0,0,0.13,0.10094699837506414,0.1661596428446706,walk forward,0.05325794033083326,2.370732623807638
5.44,0.06255421848269951,0.025236749593766036,0.07037349579303698,0.03334896157428061,0,0,0,0,0.13,0.10094699837506414,0.1661596428446706,walk forward,0.06484075652227775,2.433003134352201
5.46,0.06255421848269951,0.025236749593766036,0.07037349579303698,0.03334896157428061,0,0,0,0,0.13,0.10094699837506414,0.1661596428446706,walk forward,0.08098021211748568,2.4760628128793183
5.48,0.06255421848269951,0.025236749593766036,0.07037349579303698,0.03334896157428061,0,0,0,0,0.13,0.10094699837506414,0.1661596428446706,walk forward,0.07451670074132735,2.4994043027658375
5.5,0.06255421848269951,0.025236749593766036,0.07037349579303698,0.03334896157428061,0,0,0,0,0.13,0.10094699837506414,0.1661596428446706,walk forward,0.07279920392910622,2.576331271217531
5.52,0.06336341705276896,0.025397342979515104,0.0712838441843651,0.03252557277924787,0,0,0,0,0.13,0.10158937191806042,0.16830907654641758,walk forward,0.06498088402633265,2.755256877185656
5.54,0.06336341705276896,0.025397342979515104,0.0712838441843651,0.03252557277924787,0,0,0,0,0.13,0.10158937191806042,0.16830907654641758,walk forward,0.07505786294609999,2.923362902987004
5.56,0.06336341705276896,0.025397342979515104,0.0712838441843651,0.03252557277924787,0,0,0,0,0.13,0.10158937191806042,0.16830907654641758,walk forward,0.08655467026578033,2.844466556556035
5.58,0.06336341705276896,0.025397342979515104,0.0712838441843651,0.03252557277924787,0,0,0,0,0.13,0.10158937191806042,0.16830907654641758,walk forward,0.09233551118876067,2.517948402837424
5.6,0.06336341705276896,0.025397342979515104,0.0712838441843651,0.03252557277924787,0,0,0,0,0.13,0.10158937191806042,0.16830907654641758,walk forward,0.09725181101354537,1.9948864948686955
5.62,0.06413832783964155,0.02554052826843931,0.07215561881959677,0.03172251352599937,0,0,0,0,0.13,0.10216211307375724,0.1703674333240479,walk forward,0.09974484143039303,1.3260894303502222
5.64,0.06413832783964155,0.02554052826843931,0.07215561881959677,0.03172251352599937,0,0,0,0,0.13,0.10216211307375724,0.1703674333240479,walk forward,0.09824129809065647,1.2170276038026202
5.66,0.06413832783964155,0.02554052826843931,0.07215561881959677,0.03172251352599937,0,0,0,0,0.13,0.10216211307375724,0.1703674333240479,walk forward,0.0863067172193438,2.1767159753470713
5.68,0.06413832783964155,0.02554052826843931,0.07215561881959677,0.03172251352599937,0,0,0,0,0.13,0.10216211307375724,0.1703674333240479,walk forward,0.09518158656910504,2.5214682578133063
5.7,0.06413832783964155,0.02554052826843931,0.07215561881959677,0.03172251352599937,0,0,0,0,0.13,0.10216211307375724,0.1703674333240479,walk forward,0.10823377140670587,2.7744945813419855
5.72,0.06488003899128958,0.025667023182534405,0.0729900438652008,0.030939281876360036,0,0,0,0,0.13,0.10266809273013762,0.17233760357061298,walk forward,0.10493258670606101,3.0405813302169857
5.74,0.06488003899128958,0.025667023182534405,0.0729900438652008,0.030939281876360036,0,0,0,0,0.13,0.10266809273013762,0.17233760357061298,walk forward,0.08997623263448677,3.3820374161721505
5.76,0.06488003899128958,0.025667023182534405,0.0729900438652008,0.030939281876360036,0,0,0,0,0.13,0.10266809273013762,0.17233760357061298,walk forward,0.08005052045668584,3.7274705664245356
5.78,0.06488003899128958,0.025667023182534405,0.0729900438652008,0.030939281876360036,0,0,0,0,0.13,0.10266809273013762,0.17233760357061298,walk forward,0.07455633337506729,4.007396037822783
5.8,0.06488003899128958,0.025667023182534405,0.0729900438652008,0.030939281876360036,0,0,0,0,0.13,0.10266809273013762,0.17233760357061298,walk forward,0.07562121911156441,4.048971913408671
5.82,0.0655896004464969,0.025777517858093353,0.07378830050230904,0.030175388285052493,0,0,0,0,0.13,0.10311007143237341,0.17422237618600744,walk forward,0.0865355570144725,3.6766587907127426
5.84,0.0655896004464969,0.025777517858093353,0.07378830050230904,0.030175388285052493,0,0,0,0,0.13,0.10311007143237341,0.17422237618600744,walk forward,0.09394300093781502,2.872463416762734
5.86,0.0655896004464969,0.025777517858093353,0.07378830050230904,0.030175388285052493,0,0,0,0,0.13,0.10311007143237341,0.17422237618600744,walk forward,0.10164089960786432,1.7164777718664974
5.88,0.0655896004464969,0.025777517858093353,0.07378830050230904,0.030175388285052493,0,0,0,0,0.13,0.10311007143237341,0.17422237618600744,walk forward,0.10736179349680347,0.24643225705792235
5.9,0.0655896004464969,0.025777517858093353,0.07378830050230904,0.030175388285052493,0,0,0,0,0.13,0.10311007143237341,0.17422237618600744,walk forward,0.11386507595723112,1.5791512997284844
5.92,0.06626802552571999,0.025872676036013727,0.07455152871643501,0.029430355293715325,0,0,0,0,0.13,0.10349070414405491,0.17602444280269375,walk forward,0.10162814514117434,2.3192622101247924
5.94,0.06626802552571999,0.025872676036013727,0.07455152871643501,0.029430355293715325,0,0,0,0,0.13,0.10349070414405491,0.17602444280269375,walk forward,0.07917334669854499,2.3835169517111257
5.96,0.06626802552571999,0.025872676036013727,0.07455152871643501,0.029430355293715325,0,0,0,0,0.13,0.10349070414405491,0.17602444280269375,walk forward,0.071871165067604,2.356950293148498
5.98,0.06626802552571999,0.025872676036013727,0.07455152871643501,0.029430355293715325,0,0,0,0,0.13,0.10349070414405491,0.17602444280269375,walk forward,0.07106387395067056,2.301884040087168
6.0,0.06626802552571999,0.025872676036013727,0.07455152871643501,0.029430355293715325,0,0,0,0,0.13,0.10349070414405491,0.17602444280269375,walk forward,0.07369272219776675,2.2800181647687427
6.02,0.06691629244431535,0.02595313619163011,0.07528082899985479,0.028703717232476066,0,0,0,0,0.13,0.10381254476652044,0.17774640180521267,walk forward,0.07362986089440059,2.3815343725433995
6.04,0.06691629244431535,0.02595313619163011,0.07528082899985479,0.028703717232476066,0,0,0,0,0.13,0.10381254476652044,0.17774640180521267,walk forward,0.07020912711086537,2.6070353497676426
6.06,0.06691629244431535,0.02595313619163011,0.07528082899985479,0.028703717232476066,0,0,0,0,0.13,0.10381254476652044,0.17774640180521267,walk forward,0.07036235183380318,2.82601472174884
6.08,0.06691629244431535,0.02595313619163011,0.07528082899985479,0.028703717232476066,0,0,0,0,0.13,0.10381254476652044,0.17774640180521267,walk forward,0.07819909573571827,2.8220436667359463
6.1,0.06691629244431535,0.02595313619163011,0.07528082899985479,0.028703717232476066,0,0,0,0,0.13,0.10381254476652044,0.17774640180521267,walk forward,0.09163683015236625,2.582617147058317
6.12,0.06753534575242497,0.02601951260758485,0.07597726397147811,0.02799501992889237,0,0,0,0,0.13,0.1040780504303394,0.1793907621548788,walk forward,0.10059836957970049,2.0951498921367073
6.14,0.06753534575242497,0.02601951260758485,0.07597726397147811,0.02799501992889237,0,0,0,0,0.13,0.1040780504303394,0.1793907621548788,walk forward,0.10351238069917014,1.2834339866697901
6.16,0.06753534575242497,0.02601951260758485,0.07597726397147811,0.02799501992889237,0,0,0,0,0.13,0.1040780504303394,0.1793907621548788,walk forward,0.10140076121027203,0.5761477807197002
6.18,0.06753534575242497,0.02601951260758485,0.07597726397147811,0.02799501992889237,0,0,0,0,0.13,0.1040780504303394,0.1793907621548788,walk forward,0.0965179652802429,1.6196836102075567
6.2,0.06753534575242497,0.02601951260758485,0.07597726397147811,0.02799501992889237,0,0,0,0,0.13,0.1040780504303394,0.1793907621548788,walk forward,0.09928626411073166,2.161616116928245
6.22,0.0681260977055494,0.026072396393025856,0.07664185991874309,0.027303820424079434,0,0,0,0,0.13,0.10428958557210342,0.1809599470303656,walk forward,0.10945591844984986,2.3939606021922892
6.24,0.0681260977055494,0.026072396393025856,0.07664185991874309,0.027303820424079434,0,0,0,0,0.13,0.10428958557210342,0.1809599470303656,walk forward,0.10931206780152644,2.6150174632677263
6.26,0.0681260977055494,0.026072396393025856,0.07664185991874309,0.027303820424079434,0,0,0,0,0.13,0.10428958557210342,0.1809599470303656,walk forward,0.09248867627319143,2.8740144606231226
6.28,0.0681260977055494,0.026072396393025856,0.07664185991874309,0.027303820424079434,0,0,0,0,0.13,0.10428958557210342,0.1809599470303656,walk forward,0.07908855870425367,3.2622900158778716
6.3,0.0681260977055494,0.026072396393025856,0.07664185991874309,0.027303820424079434,0,0,0,0,0.13,0.10428958557210342,0.1809599470303656,walk forward,0.07435912605313495,3.6655184366555456
6.32,0.06868942956959354,0.026112356452210897,0.07727560826579274,0.026629686695846304,0,0,0,0,0.13,0.10444942580884359,0.18245629729423285,walk forward,0.07142838182841989,3.9264944774428048
6.34,0.06868942956959354,0.026112356452210897,0.07727560826579274,0.026629686695846304,0,0,0,0,0.13,0.10444942580884359,0.18245629729423285,walk forward,0.07394726746608409,3.870824001218076
6.36,0.06868942956959354,0.026112356452210897,0.07727560826579274,0.026629686695846304,0,0,0,0,0.13,0.10444942580884359,0.18245629729423285,walk forward,0.08663783244178443,3.401908024181208
6.38,0.06868942956959354,0.026112356452210897,0.07727560826579274,0.026629686695846304,0,0,0,0,0.13,0.10444942580884359,0.18245629729423285,walk forward,0.09096423129131388,2.5692212371394434
6.4,0.06868942956959354,0.026112356452210897,0.07727560826579274,0.026629686695846304,0,0,0,0,0.13,0.10444942580884359,0.18245629729423285,walk forward,0.09363427462817189,1.4160861032131737
6.42,0.06922619286394231,0.02613994040540315,0.07787946697193512,0.02597219738866792,0,0,0,0,0.13,0.1045597616216126,0.18388207479484678,walk forward,0.09824477326495194,0.3760572426089704
6.44,0.06922619286394231,0.02613994040540315,0.07787946697193512,0.02597219738866792,0,0,0,0,0.13,0.1045597616216126,0.18388207479484678,walk forward,0.09379683090541331,1.6721179941785127
6.46,0.06922619286394231,0.02613994040540315,0.07787946697193512,0.02597219738866792,0,0,0,0,0.13,0.1045597616216126,0.18388207479484678,walk forward,0.07761309366228428,1.987059460690333
6.48,0.06922619286394231,0.02613994040540315,0.07787946697193512,0.02597219738866792,0,0,0,0,0.13,0.1045597616216126,0.18388207479484678,walk forward,0.06497990518337071,2.0773572621367395
6.5,0.06922619286394231,0.02613994040540315,0.07787946697193512,0.02597219738866792,0,0,0,0,0.13,0.1045597616216126,0.18388207479484678,walk forward,0.07042980495038065,2.118428248382722
6.52,0.06973721054590953,0.02615567546476119,0.07845436186414825,0.0253309415503242,0,0,0,0,0.13,0.10462270185904476,0.18523946551257223,walk forward,0.07567823211497215,2.2168229398185373
6.54,0.06973721054590953,0.02615567546476119,0.07845436186414825,0.0253309415503242,0,0,0,0,0.13,0.10462270185904476,0.18523946551257223,walk forward,0.07571134289096414,2.468259990240401
6.56,0.06973721054590953,0.02615567546476119,0.07845436186414825,0.0253309415503242,0,0,0,0,0.13,0.10462270185904476,0.18523946551257223,walk forward,0.07543865105367184,2.771624056941431
6.58,0.06973721054590953,0.02615567546476119,0.07845436186414825,0.0253309415503242,0,0,0,0,0.13,0.10462270185904476,0.18523946551257223,walk forward,0.06418595707666402,3.045735955812245
6.6,0.06973721054590953,0.02615567546476119,0.07845436186414825,0.0253309415503242,0,0,0,0,0.13,0.10462270185904476,0.18523946551257223,walk forward,0.0763417070203897,3.2361294943401444
6.62,0.07022327813970443,0.02616006926775753,0.07900118790716752,0.02470551837504153,0,0,0,0,0.13,0.10464027707103012,0.18653058255858995,walk forward,0.09053883896695691,3.141954160534508
6.64,0.07022327813970443,0.02616006926775753,0.07900118790716752,0.02470551837504153,0,0,0,0,0.13,0.10464027707103012,0.18653058255858995,walk forward,0.09743613794058535,2.733164580813933
6.66,0.07022327813970443,0.02616006926775753,0.07900118790716752,0.02470551837504153,0,0,0,0,0.13,0.10464027707103012,0.18653058255858995,walk forward,0.10178439744965329,2.079149302247068
6.68,0.07022327813970443,0.02616006926775753,0.07900118790716752,0.02470551837504153,0,0,0,0,0.13,0.10464027707103012,0.18653058255858995,walk forward,0.09515466099686609,1.4698583046993647
6.7,0.07022327813970443,0.02616006926775753,0.07900118790716752,0.02470551837504153,0,0,0,0,0.13,0.10464027707103012,0.18653058255858995,walk forward,0.08900870851625403,1.8055209889678956
6.72,0.07068516481287346,0.026153610670501985,0.07952081041448268,0.02409553695297611,0,0,0,0,0.13,0.10461444268200794,0.18775746903419516,walk forward,0.09737631360872182,2.4852863610370446
6.74,0.07068516481287346,0.026153610670501985,0.07952081041448268,0.02409553695297611,0,0,0,0,0.13,0.10461444268200794,0.18775746903419516,walk forward,0.09108883013783958,2.6803748001565495
6.76,0.07068516481287346,0.026153610670501985,0.07952081041448268,0.02409553695297611,0,0,0,0,0.13,0.10461444268200794,0.18775746903419516,walk forward,0.09314624860932513,2.833624363762079
6.78,0.07068516481287346,0.026153610670501985,0.07952081041448268,0.02409553695297611,0,0,0,0,0.13,0.10461444268200794,0.18775746903419516,walk forward,0.08943767447020957,3.091266131293191
6.8,0.07068516481287346,0.026153610670501985,0.07952081041448268,0.02409553695297611,0,0,0,0,0.13,0.10461444268200794,0.18775746903419516,walk forward,0.08580874342456722,3.4897483666079565
6.82,0.07112361440300086,0.02613677050319923,0.080014066203376,0.023500616025882565,0,0,0,0,0.13,0.10454708201279692,0.18892210075797108,walk forward,0.07847275392915208,3.902590120813621
6.84,0.07112361440300086,0.02613677050319923,0.080014066203376,0.023500616025882565,0,0,0,0,0.13,0.10454708201279692,0.18892210075797108,walk forward,0.06848136599890615,4.1620638642864725
6.86,0.07112361440300086,0.02613677050319923,0.080014066203376,0.023500616025882565,0,0,0,0,0.13,0.10454708201279692,0.18892210075797108,walk forward,0.0767516788927655,4.129443432707105
6.88,0.07112361440300086,0.02613677050319923,0.080014066203376,0.023500616025882565,0,0,0,0,0.13,0.10454708201279692,0.18892210075797108,walk forward,0.0882020659571955,3.755889690804559
6.9,0.07112361440300086,0.02613677050319923,0.080014066203376,0.023500616025882565,0,0,0,0,0.13,0.10454708201279692,0.18892210075797108,walk forward,0.0983322824772915,2.987478009358476
6.92,0.07153934639728812,0.026110002289832426,0.08048176469694918,0.022920383748815148,0,0,0,0,0.13,0.1044400091593297,0.19002638886779663,walk forward,0.10127062307610565,1.8787806558501485
6.94,0.07153934639728812,0.026110002289832426,0.08048176469694918,0.022920383748815148,0,0,0,0,0.13,0.1044400091593297,0.19002638886779663,walk forward,0.10801532613248227,0.6271505377228227
6.96,0.07153934639728812,0.026110002289832426,0.08048176469694918,0.022920383748815148,0,0,0,0,0.13,0.1044400091593297,0.19002638886779663,walk forward,0.10142095755305802,1.4892515481300475
6.98,0.07153934639728812,0.026110002289832426,0.08048176469694918,0.022920383748815148,0,0,0,0,0.13,0.1044400091593297,0.19002638886779663,walk forward,0.082210026502676,1.9644832677894448
7.0,0.07153934639728812,0.026110002289832426,0.08048176469694918,0.022920383748815148,0,0,0,0,0.13,0.1044400091593297,0.19002638886779663,walk forward,0.068177209181628,2.058470541623363
7.02,0.07193305686747976,0.026073742934036803,0.08092468897591477,0.022354477457712525,0,0,0,0,0.13,0.10429497173614721,0.19107218230424317,walk forward,0.07129808054389221,2.068474320633583
7.04,0.07193305686747976,0.026073742934036803,0.08092468897591477,0.022354477457712525,0,0,0,0,0.13,0.10429497173614721,0.19107218230424317,walk forward,0.07503749776097349,2.123568569441667
7.06,0.07193305686747976,0.026073742934036803,0.08092468897591477,0.022354477457712525,0,0,0,0,0.13,0.10429497173614721,0.19107218230424317,walk forward,0.07737497312420315,2.2682587391255513
7.08,0.07193305686747976,0.026073742934036803,0.08092468897591477,0.022354477457712525,0,0,0,0,0.13,0.10429497173614721,0.19107218230424317,walk forward,0.07664603978979402,2.527101555433422
7.1,0.07193305686747976,0.026073742934036803,0.08092468897591477,0.022354477457712525,0,0,0,0,0.13,0.10429497173614721,0.19107218230424317,walk forward,0.06626187528550695,2.7856429546384147
7.12,0.07230541936245971,0.026028413373007417,0.08134359678276723,0.021802543442720947,0,0,0,0,0.13,0.10411365349202967,0.19206127018153368,walk forward,0.07211107290461023,2.9361685213224993
7.14,0.07230541936245971,0.026028413373007417,0.08134359678276723,0.021802543442720947,0,0,0,0,0.13,0.10411365349202967,0.19206127018153368,walk forward,0.08537269283302534,2.8376643049881403
7.16,0.07230541936245971,0.026028413373007417,0.08134359678276723,0.021802543442720947,0,0,0,0,0.13,0.10411365349202967,0.19206127018153368,walk forward,0.09628378707229107,2.469014326875589
7.18,0.07230541936245971,0.026028413373007417,0.08134359678276723,0.021802543442720947,0,0,0,0,0.13,0.10411365349202967,0.19206127018153368,walk forward,0.10040120166697632,1.8254570144210145
7.2,0.07230541936245971,0.026028413373007417,0.08134359678276723,0.021802543442720947,0,0,0,0,0.13,0.10411365349202967,0.19206127018153368,walk forward,0.09919908770555087,1.0424072564732394
7.22,0.07265708576070865,0.02597441920117347,0.08173922148079729,0.021264236727114066,0,0,0,0,0.13,0.10389767680469388,0.19299538405188243,walk forward,0.09432110457386834,1.088886479323948
7.24,0.07265708576070865,0.02597441920117347,0.08173922148079729,0.021264236727114066,0,0,0,0,0.13,0.10389767680469388,0.19299538405188243,walk forward,0.09110798914108768,2.0202702723809924
7.26,0.07265708576070865,0.02597441920117347,0.08173922148079729,0.021264236727114066,0,0,0,0,0.13,0.10389767680469388,0.19299538405188243,walk forward,0.09794721943998369,2.2492093785913108
7.28,0.07265708576070865,0.02597441920117347,0.08173922148079729,0.021264236727114066,0,0,0,0,0.13,0.10389767680469388,0.19299538405188243,walk forward,0.09387944440898591,2.4498856358429477
7.3,0.07265708576070865,0.02597441920117347,0.08173922148079729,0.021264236727114066,0,0,0,0,0.13,0.10389767680469388,0.19299538405188243,walk forward,0.09087194719097604,2.7456534269382673
7.32,0.07298868708468681,0.025912151265267202,0.08211227297027272,0.02073922085167126,0,0,0,0,0.13,0.10364860506106881,0.19387620006869943,walk forward,0.08766994164042645,3.1135823899073456
7.34,0.07298868708468681,0.025912151265267202,0.08211227297027272,0.02073922085167126,0,0,0,0,0.13,0.10364860506106881,0.19387620006869943,walk forward,0.07233228654981984,3.511849390237279
7.36,0.07298868708468681,0.025912151265267202,0.08211227297027272,0.02073922085167126,0,0,0,0,0.13,0.10364860506106881,0.19387620006869943,walk forward,0.06679851176984092,3.7734861801280397
7.38,0.07298868708468681,0.025912151265267202,0.08211227297027272,0.02073922085167126,0,0,0,0,0.13,0.10364860506106881,0.19387620006869943,walk forward,0.0700813756626649,3.712556346362653
7.4,0.07298868708468681,0.025912151265267202,0.08211227297027272,0.02073922085167126,0,0,0,0,0.13,0.10364860506106881,0.19387620006869943,walk forward,0.08342056898158828,3.2309800151466552
7.42,0.07330083427908934,0.02584198623231771,0.08246343856397559,0.02022716766437966,0,0,0,0,0.13,0.10336794492927084,0.19470534105383117,walk forward,0.09594226802232057,2.383285517313317
7.44,0.07330083427908934,0.02584198623231771,0.08246343856397559,0.02022716766437966,0,0,0,0,0.13,0.10336794492927084,0.19470534105383117,walk forward,0.10195145878194524,1.2120204765226743
7.46,0.07330083427908934,0.02584198623231771,0.08246343856397559,0.02022716766437966,0,0,0,0,0.13,0.10336794492927084,0.19470534105383117,walk forward,0.10670311558753386,0.2709721449264453
7.48,0.07330083427908934,0.02584198623231771,0.08246343856397559,0.02022716766437966,0,0,0,0,0.13,0.10336794492927084,0.19470534105383117,walk forward,0.10488250225984529,1.809619423892421
7.5,0.07330083427908934,0.02584198623231771,0.08246343856397559,0.02022716766437966,0,0,0,0,0.13,0.10336794492927084,0.19470534105383117,walk forward,0.07512183730285112,2.184445328023447
7.52,0.07359411895481051,0.025764287132008713,0.0827933838241619,0.01972775711532846,0,0,0,0,0.13,0.10305714852803485,0.1954843784737155,walk forward,0.0572784586121936,2.223528391163901
7.54,0.07359411895481051,0.025764287132008713,0.0827933838241619,0.01972775711532846,0,0,0,0,0.13,0.10305714852803485,0.1954843784737155,walk forward,0.06579308797942192,2.2073264226079155
7.56,0.07359411895481051,0.025764287132008713,0.0827933838241619,0.01972775711532846,0,0,0,0,0.13,0.10305714852803485,0.1954843784737155,walk forward,0.07260034961256413,2.250104160348144
7.58,0.07359411895481051,0.025764287132008713,0.0827933838241619,0.01972775711532846,0,0,0,0,0.13,0.10305714852803485,0.1954843784737155,walk forward,0.08122325343843331,2.358455395468495
7.6,0.07359411895481051,0.025764287132008713,0.0827933838241619,0.01972775711532846,0,0,0,0,0.13,0.10305714852803485,0.1954843784737155,walk forward,0.0816220698209936,2.59057390289561
7.62,0.07386911410034946,0.02567940387475393,0.08310275336289323,0.019240677056667314,0,0,0,0,0.13,0.10271761549901572,0.1962148343290534,walk forward,0.0731583367035788,2.8286135691780574
7.64,0.07386911410034946,0.02567940387475393,0.08310275336289323,0.019240677056667314,0,0,0,0,0.13,0.10271761549901572,0.1962148343290534,walk forward,0.0781404132773126,2.941247050380277
7.66,0.07386911410034946,0.02567940387475393,0.08310275336289323,0.019240677056667314,0,0,0,0,0.13,0.10271761549901572,0.1962148343290534,walk forward,0.08511620270043088,2.821515304261758
7.68,0.07386911410034946,0.02567940387475393,0.08310275336289323,0.019240677056667314,0,0,0,0,0.13,0.10271761549901572,0.1962148343290534,walk forward,0.09145166166882875,2.4074767738717453
7.7,0.07386911410034946,0.02567940387475393,0.08310275336289323,0.019240677056667314,0,0,0,0,0.13,0.10271761549901572,0.1962148343290534,walk forward,0.09080362725031658,1.7115143765274632
7.72,0.07412637476229336,0.02558767374676378,0.08339217160758011,0.018765623047503757,0,0,0,0,0.13,0.10235069498705512,0.19689818296234185,walk forward,0.09116772563707606,0.8461593754359599
7.74,0.07412637476229336,0.02558767374676378,0.08339217160758011,0.018765623047503757,0,0,0,0,0.13,0.10235069498705512,0.19689818296234185,walk forward,0.08708980071559037,0.9860589650379505
7.76,0.07412637476229336,0.02558767374676378,0.08339217160758011,0.018765623047503757,0,0,0,0,0.13,0.10235069498705512,0.19689818296234185,walk forward,0.08749219176058305,2.066219417155065
7.78,0.07412637476229336,0.02558767374676378,0.08339217160758011,0.018765623047503757,0,0,0,0,0.13,0.10235069498705512,0.19689818296234185,walk forward,0.10450569176106991,2.3295538875291553
7.8,0.07412637476229336,0.02558767374676378,0.08339217160758011,0.018765623047503757,0,0,0,0,0.13,0.10235069498705512,0.19689818296234185,walk forward,0.11417065665435372,2.558584204768702
7.82,0.07436643869642187,0.02548942188330233,0.08366224353347468,0.01830229816361774,0,0,0,0,0.13,0.10195768753320932,0.19753585278737068,walk forward,0.10381930247471394,2.8755818486587716
7.84,0.07436643869642187,0.02548942188330233,0.08366224353347468,0.01830229816361774,0,0,0,0,0.13,0.10195768753320932,0.19753585278737068,walk forward,0.08636162933592625,3.232236341877536
7.86,0.07436643869642187,0.02548942188330233,0.08366224353347468,0.01830229816361774,0,0,0,0,0.13,0.10195768753320932,0.19753585278737068,walk forward,0.07373720649743448,3.6318223576483337
7.88,0.07436643869642187,0.02548942188330233,0.08366224353347468,0.01830229816361774,0,0,0,0,0.13,0.10195768753320932,0.19753585278737068,walk forward,0.0796411958961516,3.9419402335198948
7.9,0.07436643869642187,0.02548942188330233,0.08366224353347468,0.01830229816361774,0,0,0,0,0.13,0.10195768753320932,0.19753585278737068,walk forward,0.08163698733464195,3.9054360719487837
7.92,0.0745898269908916,0.025384961721263293,0.08391355536475312,0.01785041281187433,0,0,0,0,0.13,0.10153984688505317,0.1981292279445559,walk forward,0.08696572978118873,3.4457086282195877
7.94,0.0745898269908916,0.025384961721263293,0.08391355536475312,0.01785041281187433,0,0,0,0,0.13,0.10153984688505317,0.1981292279445559,walk forward,0.09443332481939681,2.610867494600875
7.96,0.0745898269908916,0.025384961721263293,0.08391355536475312,0.01785041281187433,0,0,0,0,0.13,0.10153984688505317,0.1981292279445559,walk forward,0.09876702123598476,1.4308008139977066
7.98,0.0745898269908916,0.025384961721263293,0.08391355536475312,0.01785041281187433,0,0,0,0,0.13,0.10153984688505317,0.1981292279445559,walk forward,0.10429146676487085,0.3041423603589334
8.0,0.0745898269908916,0.025384961721263293,0.08391355536475312,0.01785041281187433,0,0,0,0,0.13,0.10153984688505317,0.1981292279445559,walk forward,0.10380610958095693,1.7618595487032385
8.02,0.07580294356054293,0.02581157150093268,0.08527831150561085,0.0954344775114852,0,0,0,0,0.13,0.10324628600373072,0.20135156883269223,walk forward,0.0844595355013523,2.142244650985618
8.04,0.07580294356054293,0.02581157150093268,0.08527831150561085,0.0954344775114852,0,0,0,0,0.13,0.10324628600373072,0.20135156883269223,walk forward,0.06339479931019407,2.224207456291169
8.06,0.07580294356054293,0.02581157150093268,0.08527831150561085,0.0954344775114852,0,0,0,0,0.13,0.10324628600373072,0.20135156883269223,walk forward,0.07202883441102798,2.1932765816127158
8.08,0.07580294356054293,0.02581157150093268,0.08527831150561085,0.0954344775114852,0,0,0,0,0.13,0.10324628600373072,0.20135156883269223,walk forward,0.07541811722589979,2.1779202440780483
8.1,0.07580294356054293,0.02581157150093268,0.08527831150561085,0.0954344775114852,0,0,0,0,0.13,0.10324628600373072,0.20135156883269223,walk forward,0.07837475118932948,2.293276383400401
8.12,0.07696521970808558,0.02620829002798748,0.08658587217159633,0.09307819186619651,0,0,0,0,0.13,0.10483316011194992,0.2044388648496024,walk forward,0.06689453705210485,2.459163386403461
8.14,0.07696521970808558,0.02620829002798748,0.08658587217159633,0.09307819186619651,0,0,0,0,0.13,0.10483316011194992,0.2044388648496024,walk forward,0.0656599916745988,2.6827891489811657
8.16,0.07696521970808558,0.02620829002798748,0.08658587217159633,0.09307819186619651,0,0,0,0,0.13,0.10483316011194992,0.2044388648496024,walk forward,0.07214283563737248,2.873147938335172
8.18,0.07696521970808558,0.02620829002798748,0.08658587217159633,0.09307819186619651,0,0,0,0,0.13,0.10483316011194992,0.2044388648496024,walk forward,0.07953756267964908,2.7575036817393017
8.2,0.07696521970808558,0.02620829002798748,0.08658587217159633,0.09307819186619651,0,0,0,0,0.13,0.10483316011194992,0.2044388648496024,walk forward,0.08913034763658575,2.3472878981131933
8.22,0.07807838642171747,0.026576358442573358,0.0878381847244322,0.09078008312077639,0,0,0,0,0.13,0.10630543377029343,0.20739571393268708,walk forward,0.09886628640187714,1.7130004407437678
8.24,0.07807838642171747,0.026576358442573358,0.0878381847244322,0.09078008312077639,0,0,0,0,0.13,0.10630543377029343,0.20739571393268708,walk forward,0.09962144203822187,1.1077028733514263
8.26,0.07807838642171747,0.026576358442573358,0.0878381847244322,0.09078008312077639,0,0,0,0,0.13,0.10630543377029343,0.20739571393268708,walk forward,0.1002303611563396,1.47282397712862
8.28,0.07807838642171747,0.026576358442573358,0.0878381847244322,0.09078008312077639,0,0,0,0,0.13,0.10630543377029343,0.20739571393268708,walk forward,0.0965254309828626,2.509596380949177
8.3,0.07807838642171747,0.026576358442573358,0.0878381847244322,0.09078008312077639,0,0,0,0,0.13,0.10630543377029343,0.20739571393268708,walk forward,0.09542436469117974,2.8012910323367555
8.32,0.07914410699403028,0.026916965599750837,0.0890371203682841,0.08853871488244913,0,0,0,0,0.13,0.10766786239900335,0.210226534202893,walk forward,0.09570248450030949,3.0416319013593514
8.34,0.07914410699403028,0.026916965599750837,0.0890371203682841,0.08853871488244913,0,0,0,0,0.13,0.10766786239900335,0.210226534202893,walk forward,0.09166601566109525,3.267053184057372
8.36,0.07914410699403028,0.026916965599750837,0.0890371203682841,0.08853871488244913,0,0,0,0,0.13,0.10766786239900335,0.210226534202893,walk forward,0.08429702207412916,3.514987448433099
8.38,0.07914410699403028,0.026916965599750837,0.0890371203682841,0.08853871488244913,0,0,0,0,0.13,0.10766786239900335,0.210226534202893,walk forward,0.07298378514442065,3.818413632715387
8.4,0.07914410699403028,0.026916965599750837,0.0890371203682841,0.08853871488244913,0,0,0,0,0.13,0.10766786239900335,0.210226534202893,walk forward,0.06758186280598821,4.081413520480578
8.42,0.08016398018823141,0.02723125062336333,0.09018447771176036,0.08635268622310309,0,0,0,0,0.13,0.10892500249345333,0.2129355723749897,walk forward,0.06592078706043991,4.141174656467755
8.44,0.08016398018823141,0.02723125062336333,0.09018447771176036,0.08635268622310309,0,0,0,0,0.13,0.10892500249345333,0.2129355723749897,walk forward,0.07390729731036082,3.869750638169658
8.46,0.08016398018823141,0.02723125062336333,0.09018447771176036,0.08635268622310309,0,0,0,0,0.13,0.10892500249345333,0.2129355723749897,walk forward,0.084675298769958,3.2055118436658883
8.48,0.08016398018823141,0.02723125062336333,0.09018447771176036,0.08635268622310309,0,0,0,0,0.13,0.10892500249345333,0.2129355723749897,walk forward,0.095164569876366,2.155504856845065
8.5,0.08016398018823141,0.02723125062336333,0.09018447771176036,0.08635268622310309,0,0,0,0,0.13,0.10892500249345333,0.2129355723749897,walk forward,0.10606220492191654,0.7643372377511249
8.52,0.08113954323247503,0.027520305314388028,0.09128198613653443,0.08422063080366489,0,0,0,0,0.13,0.11008122125755211,0.21552691171126181,walk forward,0.11203334508900231,1.0897156052304935
8.54,0.08113954323247503,0.027520305314388028,0.09128198613653443,0.08422063080366489,0,0,0,0,0.13,0.11008122125755211,0.21552691171126181,walk forward,0.10309311497472459,1.943759574859468
8.56,0.08113954323247503,0.027520305314388028,0.09128198613653443,0.08422063080366489,0,0,0,0,0.13,0.11008122125755211,0.21552691171126181,walk forward,0.08821257599326793,1.9996211982524172
8.58,0.08113954323247503,0.027520305314388028,0.09128198613653443,0.08422063080366489,0,0,0,0,0.13,0.11008122125755211,0.21552691171126181,walk forward,0.07510583145118514,1.9348123643001605
8.6,0.08113954323247503,0.027520305314388028,0.09128198613653443,0.08422063080366489,0,0,0,0,0.13,0.11008122125755211,0.21552691171126181,walk forward,0.07702376795653162,1.8308182436705651
8.62,0.08207227465276959,0.027785176423081242,0.0923313089843658,0.08214121602009307,0,0,0,0,0.13,0.11114070569232497,0.21800447954641922,walk forward,0.08050151425621044,1.8731900053374624
8.64,0.08207227465276959,0.027785176423081242,0.0923313089843658,0.08214121602009307,0,0,0,0,0.13,0.11114070569232497,0.21800447954641922,walk forward,0.07576934113935864,2.1108745023916167
8.66,0.08207227465276959,0.027785176423081242,0.0923313089843658,0.08214121602009307,0,0,0,0,0.13,0.11114070569232497,0.21800447954641922,walk forward,0.06749753627576403,2.4509806644691343
8.68,0.08207227465276959,0.027785176423081242,0.0923313089843658,0.08214121602009307,0,0,0,0,0.13,0.11114070569232497,0.21800447954641922,walk forward,0.07457581831430324,2.7819104284318343
8.7,0.08207227465276959,0.027785176423081242,0.0923313089843658,0.08214121602009307,0,0,0,0,0.13,0.11114070569232497,0.21800447954641922,walk forward,0.07890832336279346,2.876029591450563
8.72,0.08296359695422868,0.028026867793578776,0.09333404657350727,0.08011314217045724,0,0,0,0,0.13,0.1121074711743151,0.22037205440966995,walk forward,0.0953168141132791,2.7024647152492784
8.74,0.08296359695422868,0.028026867793578776,0.09333404657350727,0.08011314217045724,0,0,0,0,0.13,0.1121074711743151,0.22037205440966995,walk forward,0.1065213569556604,2.2731276283109962
8.76,0.08296359695422868,0.028026867793578776,0.09333404657350727,0.08011314217045724,0,0,0,0,0.13,0.1121074711743151,0.22037205440966995,walk forward,0.11018442319761364,1.5185126161290359
8.78,0.08296359695422868,0.028026867793578776,0.09333404657350727,0.08011314217045724,0,0,0,0,0.13,0.1121074711743151,0.22037205440966995,walk forward,0.10515095804476098,0.5636035206885177
8.8,0.08296359695422868,0.028026867793578776,0.09333404657350727,0.08011314217045724,0,0,0,0,0.13,0.1121074711743151,0.22037205440966995,walk forward,0.0989137186213556,1.2541957863825492
8.82,0.08381487915978238,0.028246342389010096,0.09429173905475519,0.07813514164258197,0,0,0,0,0.13,0.11298536955604038,0.22263327276817194,walk forward,0.11894921685345149,1.8356131986256512
8.84,0.08381487915978238,0.028246342389010096,0.09429173905475519,0.07813514164258197,0,0,0,0,0.13,0.11298536955604038,0.22263327276817194,walk forward,0.1139926322875061,2.009300006944802
8.86,0.08381487915978238,0.028246342389010096,0.09429173905475519,0.07813514164258197,0,0,0,0,0.13,0.11298536955604038,0.22263327276817194,walk forward,0.11244073056883652,2.2580201425070783
8.88,0.08381487915978238,0.028246342389010096,0.09429173905475519,0.07813514164258197,0,0,0,0,0.13,0.11298536955604038,0.22263327276817194,walk forward,0.10430382472762746,2.611047146173697
8.9,0.08381487915978238,0.028246342389010096,0.09429173905475519,0.07813514164258197,0,0,0,0,0.13,0.11298536955604038,0.22263327276817194,walk forward,0.0860141468907045,3.0764664756397364
8.92,0.08462743921486343,0.028444524204628396,0.09520586911672137,0.07620597812174792,0,0,0,0,0.13,0.11377809681851359,0.224791635414481,walk forward,0.07629307696954156,3.5563587849188503
8.94,0.08462743921486343,0.028444524204628396,0.09520586911672137,0.07620597812174792,0,0,0,0,0.13,0.11377809681851359,0.224791635414481,walk forward,0.06562203877206131,3.8308470658238796
8.96,0.08462743921486343,0.028444524204628396,0.09520586911672137,0.07620597812174792,0,0,0,0,0.13,0.11377809681851359,0.224791635414481,walk forward,0.07606404028035997,3.695036841424555
8.98,0.08462743921486343,0.028444524204628396,0.09520586911672137,0.07620597812174792,0,0,0,0,0.13,0.11377809681851359,0.224791635414481,walk forward,0.08798181510805067,3.161620063837068
9.0,0.08462743921486343,0.028444524204628396,0.09520586911672137,0.07620597812174792,0,0,0,0,0.13,0.11377809681851359,0.224791635414481,walk forward,0.09727289355435552,2.258768330442277
9.02,0.08540254626602366,0.02862230007594356,0.09607786454927662,0.07432444581795501,0,0,0,0,0.13,0.11448920030377424,0.22685051351912536,walk forward,0.10409833252835235,1.049253869838487
9.04,0.08540254626602366,0.02862230007594356,0.09607786454927662,0.07432444581795501,0,0,0,0,0.13,0.11448920030377424,0.22685051351912536,walk forward,0.11576507808661782,0.7159900292752508
9.06,0.08540254626602366,0.02862230007594356,0.09607786454927662,0.07432444581795501,0,0,0,0,0.13,0.11448920030377424,0.22685051351912536,walk forward,0.10658622909554862,2.035441937383369
9.08,0.08540254626602366,0.02862230007594356,0.09607786454927662,0.07432444581795501,0,0,0,0,0.13,0.11448920030377424,0.22685051351912536,walk forward,0.10011794558497787,2.181540360068291
9.1,0.08540254626602366,0.02862230007594356,0.09607786454927662,0.07432444581795501,0,0,0,0,0.13,0.11448920030377424,0.22685051351912536,walk forward,0.08562217402869679,2.1132569689188543
9.12,0.08614142282091619,0.028780521388368015,0.09690910067353072,0.07248936871226427,0,0,0,0,0.13,0.11512208555347206,0.2288131543680586,walk forward,0.08195567923244955,1.9838439638851322
9.14,0.08614142282091619,0.028780521388368015,0.09690910067353072,0.07248936871226427,0,0,0,0,0.13,0.11512208555347206,0.2288131543680586,walk forward,0.08385869034370366,1.9154879549401835
9.16,0.08614142282091619,0.028780521388368015,0.09690910067353072,0.07248936871226427,0,0,0,0,0.13,0.11512208555347206,0.2288131543680586,walk forward,0.08276720826793811,1.9915179975876312
9.18,0.08614142282091619,0.028780521388368015,0.09690910067353072,0.07248936871226427,0,0,0,0,0.13,0.11512208555347206,0.2288131543680586,walk forward,0.07953910429247721,2.270297635108727
9.2,0.08614142282091619,0.028780521388368015,0.09690910067353072,0.07248936871226427,0,0,0,0,0.13,0.11512208555347206,0.2288131543680586,walk forward,0.0825638760951707,2.6028738596284207
9.22,0.08684524679659684,0.028920005694443772,0.09770090264617144,0.07069959982174784,0,0,0,0,0.13,0.11568002277777509,0.23068268680346035,walk forward,0.0803997245452105,2.7329925077415442
9.24,0.08684524679659684,0.028920005694443772,0.09770090264617144,0.07069959982174784,0,0,0,0,0.13,0.11568002277777509,0.23068268680346035,walk forward,0.09154869828072609,2.6280051844997723
9.26,0.08684524679659684,0.028920005694443772,0.09770090264617144,0.07069959982174784,0,0,0,0,0.13,0.11568002277777509,0.23068268680346035,walk forward,0.10467714491051364,2.2695384616792458
9.28,0.08684524679659684,0.028920005694443772,0.09770090264617144,0.07069959982174784,0,0,0,0,0.13,0.11568002277777509,0.23068268680346035,walk forward,0.10531452844017193,1.5865600669441953
9.3,0.08684524679659684,0.028920005694443772,0.09770090264617144,0.07069959982174784,0,0,0,0,0.13,0.11568002277777509,0.23068268680346035,walk forward,0.10351991492135347,0.7332431346943907
9.32,0.0875151534626495,0.029041538244309495,0.09845454764548069,0.0689540204825872,0,0,0,0,0.13,0.11616615297723798,0.23246212638516273,walk forward,0.10305747282068928,0.9605871405074092
9.34,0.0875151534626495,0.029041538244309495,0.09845454764548069,0.0689540204825872,0,0,0,0,0.13,0.11616615297723798,0.23246212638516273,walk forward,0.10026609279717401,1.8792951021797089
9.36,0.0875151534626495,0.029041538244309495,0.09845454764548069,0.0689540204825872,0,0,0,0,0.13,0.11616615297723798,0.23246212638516273,walk forward,0.10667817129956633,1.9862744371181718
9.38,0.0875151534626495,0.029041538244309495,0.09845454764548069,0.0689540204825872,0,0,0,0,0.13,0.11616615297723798,0.23246212638516273,walk forward,0.12639402098493266,2.113589188345499
9.4,0.0875151534626495,0.029041538244309495,0.09845454764548069,0.0689540204825872,0,0,0,0,0.13,0.11616615297723798,0.23246212638516273,walk forward,0.12339337517660444,2.3800891485979343
9.42,0.08815223728522323,0.029145873434686907,0.09917126694587614,0.06725153965087197,0,0,0,0,0.13,0.11658349373874763,0.2341543802888742,walk forward,0.10311830195765577,2.772657892481595
9.44,0.08815223728522323,0.029145873434686907,0.09917126694587614,0.06725153965087197,0,0,0,0,0.13,0.11658349373874763,0.2341543802888742,walk forward,0.07645819313804697,3.114081737192087
9.46,0.08815223728522323,0.029145873434686907,0.09917126694587614,0.06725153965087197,0,0,0,0,0.13,0.11658349373874763,0.2341543802888742,walk forward,0.07519381802540623,3.3702379946320313
9.48,0.08815223728522323,0.029145873434686907,0.09917126694587614,0.06725153965087197,0,0,0,0,0.13,0.11658349373874763,0.2341543802888742,walk forward,0.08967786109280583,3.316254866974072
9.5,0.08815223728522323,0.029145873434686907,0.09917126694587614,0.06725153965087197,0,0,0,0,0.13,0.11658349373874763,0.2341543802888742,walk forward,0.10031284288737655,2.8938615511657466
9.52,0.08875755367768114,0.0292337361813137,0.09985224788739128,0.06559109322066187,0,0,0,0,0.13,0.1169349447252548,0.23576225195634049,walk forward,0.10447044615699684,2.112155762826647
9.54,0.08875755367768114,0.0292337361813137,0.09985224788739128,0.06559109322066187,0,0,0,0,0.13,0.1169349447252548,0.23576225195634049,walk forward,0.10387210039314916,1.0039420536007553
9.56,0.08875755367768114,0.0292337361813137,0.09985224788739128,0.06559109322066187,0,0,0,0,0.13,0.1169349447252548,0.23576225195634049,walk forward,0.10413302815157457,0.8155940198122515
9.58,0.08875755367768114,0.0292337361813137,0.09985224788739128,0.06559109322066187,0,0,0,0,0.13,0.1169349447252548,0.23576225195634049,walk forward,0.09188247812989878,1.9564187970715752
9.6,0.08875755367768114,0.0292337361813137,0.09985224788739128,0.06559109322066187,0,0,0,0,0.13,0.1169349447252548,0.23576225195634049,walk forward,0.0725103378029316,2.1822757339140817
9.62,0.08933212066319968,0.02930582321942344,0.10049863574609963,0.06397164335888589,0,0,0,0,0.13,0.11722329287769376,0.23728844551162415,walk forward,0.058932302881897054,2.234086896964463
9.64,0.08933212066319968,0.02930582321942344,0.10049863574609963,0.06397164335888589,0,0,0,0,0.13,0.11722329287769376,0.23728844551162415,walk forward,0.0587531367320795,2.2052660567885782
9.66,0.08933212066319968,0.02930582321942344,0.10049863574609963,0.06397164335888589,0,0,0,0,0.13,0.11722329287769376,0.23728844551162415,walk forward,0.06529449955192362,2.1767538076443778
9.68,0.08933212066319968,0.02930582321942344,0.10049863574609963,0.06397164335888589,0,0,0,0,0.13,0.11722329287769376,0.23728844551162415,walk forward,0.06531153837532126,2.276359647631143
9.7,0.08933212066319968,0.02930582321942344,0.10049863574609963,0.06397164335888589,0,0,0,0,0.13,0.11722329287769376,0.23728844551162415,walk forward,0.07079376467010177,2.47475016794031
9.72,0.0898769204543213,0.029362804336569612,0.10111153551111146,0.06239217785666286,0,0,0,0,0.13,0.11745121734627845,0.23873556995679096,walk forward,0.06482029335999583,2.702334309125113
9.74,0.0898769204543213,0.029362804336569612,0.10111153551111146,0.06239217785666286,0,0,0,0,0.13,0.11745121734627845,0.23873556995679096,walk forward,0.07464292834228342,2.833145333295756
9.76,0.0898769204543213,0.029362804336569612,0.10111153551111146,0.06239217785666286,0,0,0,0,0.13,0.11745121734627845,0.23873556995679096,walk forward,0.09030182129096352,2.7024649564244867
9.78,0.0898769204543213,0.029362804336569612,0.10111153551111146,0.06239217785666286,0,0,0,0,0.13,0.11745121734627845,0.23873556995679096,walk forward,0.09616829859278482,2.274386276677588
9.8,0.0898769204543213,0.029362804336569612,0.10111153551111146,0.06239217785666286,0,0,0,0,0.13,0.11745121734627845,0.23873556995679096,walk forward,0.10027988806224204,1.6314802353016102
9.82,0.09039290095414988,0.02940532354180915,0.10169201357341862,0.060851709496637936,0,0,0,0,0.13,0.1176212941672366,0.2401061431594606,walk forward,0.09553310974355005,1.0935821857358794
9.84,0.09039290095414988,0.02940532354180915,0.10169201357341862,0.060851709496637936,0,0,0,0,0.13,0.1176212941672366,0.2401061431594606,walk forward,0.09847148641765216,1.653295233542281
9.86,0.09039290095414988,0.02940532354180915,0.10169201357341862,0.060851709496637936,0,0,0,0,0.13,0.1176212941672366,0.2401061431594606,walk forward,0.11221088046565167,2.2566243896906175
9.88,0.09039290095414988,0.02940532354180915,0.10169201357341862,0.060851709496637936,0,0,0,0,0.13,0.1176212941672366,0.2401061431594606,walk forward,0.10518114395685972,2.337450043307015
9.9,0.09039290095414988,0.02940532354180915,0.10169201357341862,0.060851709496637936,0,0,0,0,0.13,0.1176212941672366,0.2401061431594606,walk forward,0.0997670239398425,2.479087993383234
9.92,0.0908809771835867,0.029434000174999073,0.10224109933153505,0.0593492754359396,0,0,0,0,0.13,0.11773600069999629,0.2414025956439022,walk forward,0.08883750790021099,2.7023456731071094
9.94,0.0908809771835867,0.029434000174999073,0.10224109933153505,0.0593492754359396,0,0,0,0,0.13,0.11773600069999629,0.2414025956439022,walk forward,0.07059662876801447,3.064095799363041
9.96,0.0908809771835867,0.029434000174999073,0.10224109933153505,0.0593492754359396,0,0,0,0,0.13,0.11773600069999629,0.2414025956439022,walk forward,0.06854653894298686,3.383340483961093
9.98,0.0908809771835867,0.029434000174999073,0.10224109933153505,0.0593492754359396,0,0,0,0,0.13,0.11773600069999629,0.2414025956439022,walk forward,0.07138893447256403,3.5553918514266
10.0,0.0908809771835867,0.029434000174999073,0.10224109933153505,0.0593492754359396,0,0,0,0,0.13,0.11773600069999629,0.2414025956439022,walk forward,0.0798551812851766,3.4267487358869735
10.02,0.09134203263873275,0.029449429959716424,0.10275978671857434,0.057883936604371536,0,0,0,0,0.13,0.1177977198388657,0.24262727419663385,walk forward,0.0930126230238122,2.8876989324329108
10.04,0.09134203263873275,0.029449429959716424,0.10275978671857434,0.057883936604371536,0,0,0,0,0.13,0.1177977198388657,0.24262727419663385,walk forward,0.10193691549352804,1.9562630617031724
10.06,0.09134203263873275,0.029449429959716424,0.10275978671857434,0.057883936604371536,0,0,0,0,0.13,0.1177977198388657,0.24262727419663385,walk forward,0.10662048197085837,0.7415470819024252
10.08,0.09134203263873275,0.029449429959716424,0.10275978671857434,0.057883936604371536,0,0,0,0,0.13,0.1177977198388657,0.24262727419663385,walk forward,0.11754118573116815,1.0913297933306947
10.1,0.09134203263873275,0.029449429959716424,0.10275978671857434,0.057883936604371536,0,0,0,0,0.13,0.1177977198388657,0.24262727419663385,walk forward,0.09813019451352398,2.298850116310623
10.12,0.09177692058232917,0.029452186003085398,0.10324903565512032,0.05645477711746318,0,0,0,0,0.13,0.11780874401234159,0.24378244529681187,walk forward,0.09844527032422022,2.4782006643349224
10.14,0.09177692058232917,0.029452186003085398,0.10324903565512032,0.05645477711746318,0,0,0,0,0.13,0.11780874401234159,0.24378244529681187,walk forward,0.09945991301123286,2.4500617925866517
10.16,0.09177692058232917,0.029452186003085398,0.10324903565512032,0.05645477711746318,0,0,0,0,0.13,0.11780874401234159,0.24378244529681187,walk forward,0.10801611804550101,2.317334942988611
10.18,0.09177692058232917,0.029452186003085398,0.10324903565512032,0.05645477711746318,0,0,0,0,0.13,0.11780874401234159,0.24378244529681187,walk forward,0.10544645137470958,2.1940453889480636
10.2,0.09177692058232917,0.029452186003085398,0.10324903565512032,0.05645477711746318,0,0,0,0,0.13,0.11780874401234159,0.24378244529681187,walk forward,0.09292102700589323,2.195822790196932
10.22,0.09218646527287125,0.02944281974558495,0.10370977343198017,0.05506090370401214,0,0,0,0,0.13,0.1177712789823398,0.24487029838106425,walk forward,0.08236337667719944,2.2969713803705223
10.24,0.09218646527287125,0.02944281974558495,0.10370977343198017,0.05506090370401214,0,0,0,0,0.13,0.1177712789823398,0.24487029838106425,walk forward,0.07701415907531613,2.4949612891827004
10.26,0.09218646527287125,0.02944281974558495,0.10370977343198017,0.05506090370401214,0,0,0,0,0.13,0.1177712789823398,0.24487029838106425,walk forward,0.07769732852995807,2.673396594553117
10.28,0.09218646527287125,0.02944281974558495,0.10370977343198017,0.05506090370401214,0,0,0,0,0.13,0.1177712789823398,0.24487029838106425,walk forward,0.09667509425935741,2.5672648727004526
10.3,0.09218646527287125,0.02944281974558495,0.10370977343198017,0.05506090370401214,0,0,0,0,0.13,0.1177712789823398,0.24487029838106425,walk forward,0.10387090759757994,2.1964655291758564
10.32,0.09257146313480988,0.029421861863714146,0.10414289602666113,0.043904930887522065,0,0,0,0,0.13,0.11768744745485658,0.24589294895183877,walk forward,0.11183169047115027,1.5544341823876942
10.34,0.09257146313480988,0.029421861863714146,0.10414289602666113,0.043904930887522065,0,0,0,0,0.13,0.11768744745485658,0.24589294895183877,walk forward,0.11157921761030842,0.827968379419604
10.36,0.09257146313480988,0.029421861863714146,0.10414289602666113,0.043904930887522065,0,0,0,0,0.13,0.11768744745485658,0.24589294895183877,walk forward,0.1103321357136695,1.366652796703977
10.38,0.09257146313480988,0.029421861863714146,0.10414289602666113,0.043904930887522065,0,0,0,0,0.13,0.11768744745485658,0.24589294895183877,walk forward,0.11025865746172743,2.0464783030202316
10.4,0.09257146313480988,0.029421861863714146,0.10414289602666113,0.043904930887522065,0,0,0,0,0.13,0.11768744745485658,0.24589294895183877,walk forward,0.10928831242180781,2.2441631894746963
10.42,0.09345421744951847,0.02967771639716603,0.1051359946307083,0.04282091428151917,0,0,0,0,0.13,0.11871086558866412,0.24823776510028345,walk forward,0.10287310536792076,2.4735593866943435
10.44,0.09345421744951847,0.02967771639716603,0.1051359946307083,0.04282091428151917,0,0,0,0,0.13,0.11871086558866412,0.24823776510028345,walk forward,0.09556618505300787,2.807357325626608
10.46,0.09345421744951847,0.02967771639716603,0.1051359946307083,0.04282091428151917,0,0,0,0,0.13,0.11871086558866412,0.24823776510028345,walk forward,0.08388823683249545,3.246658246395723
10.48,0.09345421744951847,0.02967771639716603,0.1051359946307083,0.04282091428151917,0,0,0,0,0.13,0.11871086558866412,0.24823776510028345,walk forward,0.06603339951303072,3.574117628988291
10.5,0.09345421744951847,0.02967771639716603,0.1051359946307083,0.04282091428151917,0,0,0,0,0.13,0.11871086558866412,0.24823776510028345,walk forward,0.08284355231343984,3.680669613330145
10.52,0.0942956920663184,0.029909982048617244,0.10608265357460822,0.04176366214088124,0,0,0,0,0.13,0.11963992819446898,0.2504729320511583,walk forward,0.08642729295440896,3.4469903988344925
10.54,0.0942956920663184,0.029909982048617244,0.10608265357460822,0.04176366214088124,0,0,0,0,0.13,0.11963992819446898,0.2504729320511583,walk forward,0.09748821911028818,2.8353307069438
10.56,0.0942956920663184,0.029909982048617244,0.10608265357460822,0.04176366214088124,0,0,0,0,0.13,0.11963992819446898,0.2504729320511583,walk forward,0.10665327240691877,1.9106039491213185
10.58,0.0942956920663184,0.029909982048617244,0.10608265357460822,0.04176366214088124,0,0,0,0,0.13,0.11963992819446898,0.2504729320511583,walk forward,0.112413783868324,0.7740517468250598
10.6,0.0942956920663184,0.029909982048617244,0.10608265357460822,0.04176366214088124,0,0,0,0,0.13,0.11963992819446898,0.2504729320511583,walk forward,0.11300317455125024,1.1182717900386048
10.62,0.09509726336850316,0.030119647925342247,0.10698442128956609,0.040732513648603884,0,0,0,0,0.13,0.12047859170136899,0.2526021058225866,walk forward,0.10164928795979719,1.9668727521760059
10.64,0.09509726336850316,0.030119647925342247,0.10698442128956609,0.040732513648603884,0,0,0,0,0.13,0.12047859170136899,0.2526021058225866,walk forward,0.10202901068991978,1.9956583846317917
10.66,0.09509726336850316,0.030119647925342247,0.10698442128956609,0.040732513648603884,0,0,0,0,0.13,0.12047859170136899,0.2526021058225866,walk forward,0.06948385485481004,1.9240016241841864
10.68,0.09509726336850316,0.030119647925342247,0.10698442128956609,0.040732513648603884,0,0,0,0,0.13,0.12047859170136899,0.2526021058225866,walk forward,0.07663264327209583,1.8853084420796495
10.7,0.09509726336850316,0.030119647925342247,0.10698442128956609,0.040732513648603884,0,0,0,0,0.13,0.12047859170136899,0.2526021058225866,walk forward,0.07454178561306563,1.9301850512089964
10.72,0.09586025589393926,0.030307662724039473,0.1078427878806817,0.03972682430331271,0,0,0,0,0.13,0.1212306508961579,0.2546288047182762,walk forward,0.07733127250952428,2.047323237026482
10.74,0.09586025589393926,0.030307662724039473,0.1078427878806817,0.03972682430331271,0,0,0,0,0.13,0.1212306508961579,0.2546288047182762,walk forward,0.08184278918948928,2.2593805004374454
10.76,0.09586025589393926,0.030307662724039473,0.1078427878806817,0.03972682430331271,0,0,0,0,0.13,0.1212306508961579,0.2546288047182762,walk forward,0.0726613525775453,2.518425629958631
10.78,0.09586025589393926,0.030307662724039473,0.1078427878806817,0.03972682430331271,0,0,0,0,0.13,0.1212306508961579,0.2546288047182762,walk forward,0.07358524648343824,2.713797403165119
10.8,0.09586025589393926,0.030307662724039473,0.1078427878806817,0.03972682430331271,0,0,0,0,0.13,0.1212306508961579,0.2546288047182762,walk forward,0.08568940494272388,2.6409928851000335
10.82,0.09658594467605079,0.0304749366286336,0.10865918776055718,0.03874596551642894,0,0,0,0,0.13,0.1218997465145344,0.25655641554576,walk forward,0.09849655359408839,2.2863761285892097
10.84,0.09658594467605079,0.0304749366286336,0.10865918776055718,0.03874596551642894,0,0,0,0,0.13,0.1218997465145344,0.25655641554576,walk forward,0.10185533747593481,1.8115108606466939
10.86,0.09658594467605079,0.0304749366286336,0.10865918776055718,0.03874596551642894,0,0,0,0,0.13,0.1218997465145344,0.25655641554576,walk forward,0.10822310835138653,1.417783561910972
10.88,0.09658594467605079,0.0304749366286336,0.10865918776055718,0.03874596551642894,0,0,0,0,0.13,0.1218997465145344,0.25655641554576,walk forward,0.10602936406611167,1.7097327219801455
10.9,0.09658594467605079,0.0304749366286336,0.10865918776055718,0.03874596551642894,0,0,0,0,0.13,0.1218997465145344,0.25655641554576,walk forward,0.1046108407237592,2.4796770737033738
10.92,0.09727555746146065,0.030622343103448673,0.10943500214414326,0.03778932421928112,0,0,0,0,0.13,0.12248937241379469,0.25838819950700487,walk forward,0.11270500742155108,2.7410543742395146
10.94,0.09727555746146065,0.030622343103448673,0.10943500214414326,0.03778932421928112,0,0,0,0,0.13,0.12248937241379469,0.25838819950700487,walk forward,0.10014538961259428,2.998105777020733
10.96,0.09727555746146065,0.030622343103448673,0.10943500214414326,0.03778932421928112,0,0,0,0,0.13,0.12248937241379469,0.25838819950700487,walk forward,0.09413539842958511,3.2654778526748007
10.98,0.09727555746146065,0.030622343103448673,0.10943500214414326,0.03778932421928112,0,0,0,0,0.13,0.12248937241379469,0.25838819950700487,walk forward,0.08113947935745426,3.5814143811307275
11.0,0.09727555746146065,0.030622343103448673,0.10943500214414326,0.03778932421928112,0,0,0,0,0.13,0.12248937241379469,0.25838819950700487,walk forward,0.06304965529716465,3.8972219910393657
11.02,0.09793027681159648,0.030750720588268964,0.11017156141304607,0.03685630247991721,0,0,0,0,0.13,0.12300288235307585,0.26012729778080323,walk forward,0.07195800671071594,4.158755574695999
11.04,0.09793027681159648,0.030750720588268964,0.11017156141304607,0.03685630247991721,0,0,0,0,0.13,0.12300288235307585,0.26012729778080323,walk forward,0.07750246158641874,4.17934784583286
11.06,0.09793027681159648,0.030750720588268964,0.11017156141304607,0.03685630247991721,0,0,0,0,0.13,0.12300288235307585,0.26012729778080323,walk forward,0.08624828632148779,3.832384279012419
11.08,0.09793027681159648,0.030750720588268964,0.11017156141304607,0.03685630247991721,0,0,0,0,0.13,0.12300288235307585,0.26012729778080323,walk forward,0.09807851081960342,3.09738065410399
11.1,0.09793027681159648,0.030750720588268964,0.11017156141304607,0.03685630247991721,0,0,0,0,0.13,0.12300288235307585,0.26012729778080323,walk forward,0.10211286102636363,2.0153311741295488
11.12,0.09855124209509374,0.030860874101360226,0.11087014735698048,0.035946317129377674,0,0,0,0,0.13,0.1234434964054409,0.2617767368150928,walk forward,0.10499254943473557,0.711576103526916
11.14,0.09855124209509374,0.030860874101360226,0.11087014735698048,0.035946317129377674,0,0,0,0,0.13,0.1234434964054409,0.2617767368150928,walk forward,0.10600495204912415,1.0529350194057685
11.16,0.09855124209509374,0.030860874101360226,0.11087014735698048,0.035946317129377674,0,0,0,0,0.13,0.1234434964054409,0.2617767368150928,walk forward,0.09842430765637748,1.9753252765734293
11.18,0.09855124209509374,0.030860874101360226,0.11087014735698048,0.035946317129377674,0,0,0,0,0.13,0.1234434964054409,0.2617767368150928,walk forward,0.08249760346788083,2.0663318308147556
11.2,0.09855124209509374,0.030860874101360226,0.11087014735698048,0.035946317129377674,0,0,0,0,0.13,0.1234434964054409,0.2617767368150928,walk forward,0.07119817945444254,2.0561650730498067
11.22,0.09913955137738525,0.030953576756112693,0.11153199529955843,0.03505879939719588,0,0,0,0,0.13,0.12381430702445077,0.2633394333461796,walk forward,0.07226165760088646,2.0343024553466265
11.24,0.09913955137738525,0.030953576756112693,0.11153199529955843,0.03505879939719588,0,0,0,0,0.13,0.12381430702445077,0.2633394333461796,walk forward,0.07337119282393621,2.0911532299484206
11.26,0.09913955137738525,0.030953576756112693,0.11153199529955843,0.03505879939719588,0,0,0,0,0.13,0.12381430702445077,0.2633394333461796,walk forward,0.06907793731538296,2.2432677043263656
11.28,0.09913955137738525,0.030953576756112693,0.11153199529955843,0.03505879939719588,0,0,0,0,0.13,0.12381430702445077,0.2633394333461796,walk forward,0.07035905757236588,2.3870854750943473
11.3,0.09913955137738525,0.030953576756112693,0.11153199529955843,0.03505879939719588,0,0,0,0,0.13,0.12381430702445077,0.2633394333461796,walk forward,0.0673597118770187,2.44640519596367
11.32,0.09969626321345597,0.031029571196585747,0.11215829611513799,0.034193194555898074,0,0,0,0,0.13,0.12411828478634299,0.26481819916074245,walk forward,0.07940785440590548,2.2641454677544677
11.34,0.09969626321345597,0.031029571196585747,0.11215829611513799,0.034193194555898074,0,0,0,0,0.13,0.12411828478634299,0.26481819916074245,walk forward,0.09116947434905584,1.8459411194744066
11.36,0.09969626321345597,0.031029571196585747,0.11215829611513799,0.034193194555898074,0,0,0,0,0.13,0.12411828478634299,0.26481819916074245,walk forward,0.096811517845983,1.184457361664227
11.38,0.09969626321345597,0.031029571196585747,0.11215829611513799,0.034193194555898074,0,0,0,0,0.13,0.12411828478634299,0.26481819916074245,walk forward,0.0981836822529141,0.3399893120111221
11.4,0.09969626321345597,0.031029571196585747,0.11215829611513799,0.034193194555898074,0,0,0,0,0.13,0.12411828478634299,0.26481819916074245,walk forward,0.1019718683041471,1.0795476264065502
11.42,0.10022239834935846,0.031089570956880638,0.1127501981430283,0.03334896157428061,0,0,0,0,0.13,0.12435828382752255,0.26621574561548345,walk forward,0.10388533265970806,2.0764185447153944
11.44,0.10022239834935846,0.031089570956880638,0.1127501981430283,0.03334896157428061,0,0,0,0,0.13,0.12435828382752255,0.26621574561548345,walk forward,0.10801095675398471,2.2279403461218723
11.46,0.10022239834935846,0.031089570956880638,0.1127501981430283,0.03334896157428061,0,0,0,0,0.13,0.12435828382752255,0.26621574561548345,walk forward,0.11027547711958624,2.3659112943028098
11.48,0.10022239834935846,0.031089570956880638,0.1127501981430283,0.03334896157428061,0,0,0,0,0.13,0.12435828382752255,0.26621574561548345,walk forward,0.09931444344476613,2.6366619870906893
11.5,0.10022239834935846,0.031089570956880638,0.1127501981430283,0.03334896157428061,0,0,0,0,0.13,0.12435828382752255,0.26621574561548345,walk forward,0.08009054656744437,2.9196193040555998
11.52,0.10071894133772928,0.03113426174893958,0.11330880900494546,0.03252557277924787,0,0,0,0,0.13,0.12453704699575832,0.26753468792834345,walk forward,0.07067613967016022,3.2209457989411643
11.54,0.10071894133772928,0.03113426174893958,0.11330880900494546,0.03252557277924787,0,0,0,0,0.13,0.12453704699575832,0.26753468792834345,walk forward,0.07563687866213331,3.481443707689308
11.56,0.10071894133772928,0.03113426174893958,0.11330880900494546,0.03252557277924787,0,0,0,0,0.13,0.12453704699575832,0.26753468792834345,walk forward,0.07880448277996378,3.434041854084437
11.58,0.10071894133772928,0.03113426174893958,0.11330880900494546,0.03252557277924787,0,0,0,0,0.13,0.12453704699575832,0.26753468792834345,walk forward,0.09154632819011743,2.962536052389467
11.6,0.10071894133772928,0.03113426174893958,0.11330880900494546,0.03252557277924787,0,0,0,0,0.13,0.12453704699575832,0.26753468792834345,walk forward,0.10427133092232328,2.0995639011242124
11.62,0.10118684207221479,0.0311643026830651,0.11383519733124166,0.03172251352599937,0,0,0,0,0.13,0.1246572107322604,0.2687775492543205,walk forward,0.10544857964179907,0.8845539535951119
11.64,0.10118684207221479,0.0311643026830651,0.11383519733124166,0.03172251352599937,0,0,0,0,0.13,0.1246572107322604,0.2687775492543205,walk forward,0.11443860673138555,0.7275987993311818
11.66,0.10118684207221479,0.0311643026830651,0.11383519733124166,0.03172251352599937,0,0,0,0,0.13,0.1246572107322604,0.2687775492543205,walk forward,0.10849246186085308,1.9174459350338935
11.68,0.10118684207221479,0.0311643026830651,0.11383519733124166,0.03172251352599937,0,0,0,0,0.13,0.1246572107322604,0.2687775492543205,walk forward,0.0780563813332667,2.1748372425889677
11.7,0.10118684207221479,0.0311643026830651,0.11383519733124166,0.03172251352599937,0,0,0,0,0.13,0.1246572107322604,0.2687775492543205,walk forward,0.07124850844998867,2.2557277335972636
11.72,0.10162701724540663,0.031180327425170743,0.11433039440108247,0.030939281876360036,0,0,0,0,0.13,0.12472130970068297,0.2699467645581114,walk forward,0.07190736955552694,2.325769562448959
11.74,0.10162701724540663,0.031180327425170743,0.11433039440108247,0.030939281876360036,0,0,0,0,0.13,0.12472130970068297,0.2699467645581114,walk forward,0.06910837236201438,2.356068552452029
11.76,0.10162701724540663,0.031180327425170743,0.11433039440108247,0.030939281876360036,0,0,0,0,0.13,0.12472130970068297,0.2699467645581114,walk forward,0.06732891531028652,2.4104729654691495
11.78,0.10162701724540663,0.031180327425170743,0.11433039440108247,0.030939281876360036,0,0,0,0,0.13,0.12472130970068297,0.2699467645581114,walk forward,0.06444130776469847,2.5677217615904264
11.8,0.10162701724540663,0.031180327425170743,0.11433039440108247,0.030939281876360036,0,0,0,0,0.13,0.12472130970068297,0.2699467645581114,walk forward,0.06125418458197057,2.814087922766145
11.82,0.10204035173459952,0.031182945294511773,0.11479539570142447,0.030175388285052493,0,0,0,0,0.13,0.12473178117804709,0.27104468429503,walk forward,0.07019339324242072,2.991866847770941
11.84,0.10204035173459952,0.031182945294511773,0.11479539570142447,0.030175388285052493,0,0,0,0,0.13,0.12473178117804709,0.27104468429503,walk forward,0.08166765532829663,2.9035166967655335
11.86,0.10204035173459952,0.031182945294511773,0.11479539570142447,0.030175388285052493,0,0,0,0,0.13,0.12473178117804709,0.27104468429503,walk forward,0.09437257989743225,2.5260379029913107
11.88,0.10204035173459952,0.031182945294511773,0.11479539570142447,0.030175388285052493,0,0,0,0,0.13,0.12473178117804709,0.27104468429503,walk forward,0.10512358442921917,1.8748062990463543
11.9,0.10204035173459952,0.031182945294511773,0.11479539570142447,0.030175388285052493,0,0,0,0,0.13,0.12473178117804709,0.27104468429503,walk forward,0.0999505378002969,1.1563140882771654
11.92,0.1024276999194163,0.03117274230540026,0.11523116240934335,0.029430355293715325,0,0,0,0,0.13,0.12469096922160104,0.27207357791094955,walk forward,0.09581753307466293,1.305067126398863
11.94,0.1024276999194163,0.03117274230540026,0.11523116240934335,0.029430355293715325,0,0,0,0,0.13,0.12469096922160104,0.27207357791094955,walk forward,0.08819941337697805,2.2072089418254746
11.96,0.1024276999194163,0.03117274230540026,0.11523116240934335,0.029430355293715325,0,0,0,0,0.13,0.12469096922160104,0.27207357791094955,walk forward,0.09504195478920383,2.4102696528535863
11.98,0.1024276999194163,0.03117274230540026,0.11523116240934335,0.029430355293715325,0,0,0,0,0.13,0.12469096922160104,0.27207357791094955,walk forward,0.10653580501225814,2.5440367179088312
12.0,0.1024276999194163,0.03117274230540026,0.11523116240934335,0.029430355293715325,0,0,0,0,0.13,0.12469096922160104,0.27207357791094955,walk forward,0.09959304585221179,2.756385315403058
12.02,0.10278988693509532,0.031150282156182204,0.11563862280198223,0.028703717232476066,0,0,0,0,0.13,0.12460112862472882,0.27303563717134693,walk forward,0.08224896593729161,3.101188590474207
12.04,0.10278988693509532,0.031150282156182204,0.11563862280198223,0.028703717232476066,0,0,0,0,0.13,0.12460112862472882,0.27303563717134693,walk forward,0.07788686427306789,3.5095188147486494
12.06,0.10278988693509532,0.031150282156182204,0.11563862280198223,0.028703717232476066,0,0,0,0,0.13,0.12460112862472882,0.27303563717134693,walk forward,0.07200520928290345,3.83724831914851
12.08,0.10278988693509532,0.031150282156182204,0.11563862280198223,0.028703717232476066,0,0,0,0,0.13,0.12460112862472882,0.27303563717134693,walk forward,0.07976173398676566,3.8792937991147856
12.1,0.10278988693509532,0.031150282156182204,0.11563862280198223,0.028703717232476066,0,0,0,0,0.13,0.12460112862472882,0.27303563717134693,walk forward,0.09038426900835442,3.515443500464048
12.12,0.10312770986500205,0.03111610716854319,0.11601867359812731,0.02799501992889237,0,0,0,0,0.13,0.12446442867417276,0.2739329793289117,walk forward,0.09538151100249949,2.7136048752610806
12.14,0.10312770986500205,0.03111610716854319,0.11601867359812731,0.02799501992889237,0,0,0,0,0.13,0.12446442867417276,0.2739329793289117,walk forward,0.09822162200370253,1.5258906874019247
12.16,0.10312770986500205,0.03111610716854319,0.11601867359812731,0.02799501992889237,0,0,0,0,0.13,0.12446442867417276,0.2739329793289117,walk forward,0.1095335034020792,0.014180148127114961
12.18,0.10312770986500205,0.03111610716854319,0.11601867359812731,0.02799501992889237,0,0,0,0,0.13,0.12446442867417276,0.2739329793289117,walk forward,0.10168703498294232,1.7234082382586127
12.2,0.10312770986500205,0.03111610716854319,0.11601867359812731,0.02799501992889237,0,0,0,0,0.13,0.12446442867417276,0.2739329793289117,walk forward,0.10063713074658796,2.147622604950281
12.22,0.1034419388757099,0.03107073918001272,0.11637218123517365,0.027303820424079434,0,0,0,0,0.13,0.12428295672005088,0.27476765013860444,walk forward,0.1009864245820572,2.1259499529326322
12.24,0.1034419388757099,0.03107073918001272,0.11637218123517365,0.027303820424079434,0,0,0,0,0.13,0.12428295672005088,0.27476765013860444,walk forward,0.08136134396596141,2.0012691832901157
12.26,0.1034419388757099,0.03107073918001272,0.11637218123517365,0.027303820424079434,0,0,0,0,0.13,0.12428295672005088,0.27476765013860444,walk forward,0.08034991284456613,1.9152950787965333
12.28,0.1034419388757099,0.03107073918001272,0.11637218123517365,0.027303820424079434,0,0,0,0,0.13,0.12428295672005088,0.27476765013860444,walk forward,0.07938278253073217,1.9582993993120268
12.3,0.1034419388757099,0.03107073918001272,0.11637218123517365,0.027303820424079434,0,0,0,0,0.13,0.12428295672005088,0.27476765013860444,walk forward,0.07811890245313953,2.1359917156924
12.32,0.10373331829779134,0.031014680392354558,0.11669998308501527,0.026629686695846304,0,0,0,0,0.13,0.12405872156941823,0.27554162672850824,walk forward,0.06973739140470103,2.439089140357857
12.34,0.10373331829779134,0.031014680392354558,0.11669998308501527,0.026629686695846304,0,0,0,0,0.13,0.12405872156941823,0.27554162672850824,walk forward,0.07253112695893525,2.6717363801776197
12.36,0.10373331829779134,0.031014680392354558,0.11669998308501527,0.026629686695846304,0,0,0,0,0.13,0.12405872156941823,0.27554162672850824,walk forward,0.08830041211550235,2.6361156347645944
12.38,0.10373331829779134,0.031014680392354558,0.11669998308501527,0.026629686695846304,0,0,0,0,0.13,0.12405872156941823,0.27554162672850824,walk forward,0.09767859710799925,2.3527000511493856
12.4,0.10373331829779134,0.031014680392354558,0.11669998308501527,0.026629686695846304,0,0,0,0,0.13,0.12405872156941823,0.27554162672850824,walk forward,0.09915331118766148,1.792546566815654
12.42,0.10400256765527183,0.030948414178360164,0.11700288861218082,0.02597219738866792,0,0,0,0,0.13,0.12379365671344066,0.2762568203343158,walk forward,0.09528884354206432,0.97898320427736
12.44,0.10400256765527183,0.030948414178360164,0.11700288861218082,0.02597219738866792,0,0,0,0,0.13,0.12379365671344066,0.2762568203343158,walk forward,0.08938399562312889,0.7165579712807809
12.46,0.10400256765527183,0.030948414178360164,0.11700288861218082,0.02597219738866792,0,0,0,0,0.13,0.12379365671344066,0.2762568203343158,walk forward,0.08473190796992329,1.7832953259053528
12.48,0.10400256765527183,0.030948414178360164,0.11700288861218082,0.02597219738866792,0,0,0,0,0.13,0.12379365671344066,0.2762568203343158,walk forward,0.09503718635931267,2.212180173897908
12.5,0.10400256765527183,0.030948414178360164,0.11700288861218082,0.02597219738866792,0,0,0,0,0.13,0.12379365671344066,0.2762568203343158,walk forward,0.09704987384062885,2.4353979076824497
12.52,0.10425038264652109,0.030872405849403692,0.11728168047733623,0.0253309415503242,0,0,0,0,0.13,0.12348962339761477,0.27691507890482164,walk forward,0.09130819243740922,2.723305150718884
12.54,0.10425038264652109,0.030872405849403692,0.11728168047733623,0.0253309415503242,0,0,0,0,0.13,0.12348962339761477,0.27691507890482164,walk forward,0.08355861964470762,3.0506206238806195
12.56,0.10425038264652109,0.030872405849403692,0.11728168047733623,0.0253309415503242,0,0,0,0,0.13,0.12348962339761477,0.27691507890482164,walk forward,0.06560827493109203,3.3255594240476016
12.58,0.10425038264652109,0.030872405849403692,0.11728168047733623,0.0253309415503242,0,0,0,0,0.13,0.12348962339761477,0.27691507890482164,walk forward,0.06812362559641501,3.5316756726087926
12.6,0.10425038264652109,0.030872405849403692,0.11728168047733623,0.0253309415503242,0,0,0,0,0.13,0.12348962339761477,0.27691507890482164,walk forward,0.0753559712223102,3.4856022274406318
12.62,0.10447743607919105,0.03078710338596921,0.11753711558908993,0.02470551837504153,0,0,0,0,0.13,0.12314841354387684,0.27751818958535124,walk forward,0.0855838558983649,3.0518052791521173
12.64,0.10447743607919105,0.03078710338596921,0.11753711558908993,0.02470551837504153,0,0,0,0,0.13,0.12314841354387684,0.27751818958535124,walk forward,0.09402056321009955,2.237054007440007
12.66,0.10447743607919105,0.03078710338596921,0.11753711558908993,0.02470551837504153,0,0,0,0,0.13,0.12314841354387684,0.27751818958535124,walk forward,0.10171467952073628,1.0902533910903316
12.68,0.10447743607919105,0.03078710338596921,0.11753711558908993,0.02470551837504153,0,0,0,0,0.13,0.12314841354387684,0.27751818958535124,walk forward,0.11353924974373207,0.5053764947625724
12.7,0.10447743607919105,0.03078710338596921,0.11753711558908993,0.02470551837504153,0,0,0,0,0.13,0.12314841354387684,0.27751818958535124,walk forward,0.10476004963700031,1.9483201289825676
12.72,0.10468437876165494,0.030692938133222984,0.1177699261068618,0.02409553695297611,0,0,0,0,0.13,0.12277175253289194,0.27806788108564595,walk forward,0.10945353308231666,2.20607385452956
12.74,0.10468437876165494,0.030692938133222984,0.1177699261068618,0.02409553695297611,0,0,0,0,0.13,0.12277175253289194,0.27806788108564595,walk forward,0.08489621933731183,2.1724241690623924
12.76,0.10468437876165494,0.030692938133222984,0.1177699261068618,0.02409553695297611,0,0,0,0,0.13,0.12277175253289194,0.27806788108564595,walk forward,0.07454461357007082,2.052600445952682
12.78,0.10468437876165494,0.030692938133222984,0.1177699261068618,0.02409553695297611,0,0,0,0,0.13,0.12277175253289194,0.27806788108564595,walk forward,0.07759395518659608,1.9754720279722453
12.8,0.10468437876165494,0.030692938133222984,0.1177699261068618,0.02409553695297611,0,0,0,0,0.13,0.12277175253289194,0.27806788108564595,walk forward,0.08253606149286749,2.0608248948685848
12.82,0.10487184035325703,0.03059032546357508,0.11798082039741414,0.023500616025882565,0,0,0,0,0.13,0.12236130185430032,0.27856582593833895,walk forward,0.07865783883001896,2.2609028904952666
12.84,0.10487184035325703,0.03059032546357508,0.11798082039741414,0.023500616025882565,0,0,0,0,0.13,0.12236130185430032,0.27856582593833895,walk forward,0.0709445629336188,2.526772266102991
12.86,0.10487184035325703,0.03059032546357508,0.11798082039741414,0.023500616025882565,0,0,0,0,0.13,0.12236130185430032,0.27856582593833895,walk forward,0.07983025289072346,2.7618903897056253
12.88,0.10487184035325703,0.03059032546357508,0.11798082039741414,0.023500616025882565,0,0,0,0,0.13,0.12236130185430032,0.27856582593833895,walk forward,0.09101853153334433,2.6996348614685166
12.9,0.10487184035325703,0.03059032546357508,0.11798082039741414,0.023500616025882565,0,0,0,0,0.13,0.12236130185430032,0.27856582593833895,walk forward,0.10237831591601176,2.350539321283889
12.92,0.10504043017554704,0.030479665408054697,0.11817048394749041,0.022920383748815148,0,0,0,0,0.13,0.12191866163221879,0.2790136426537968,walk forward,0.10605123610598209,1.7624537587011282
12.94,0.10504043017554704,0.030479665408054697,0.11817048394749041,0.022920383748815148,0,0,0,0,0.13,0.12191866163221879,0.2790136426537968,walk forward,0.1020597261606814,1.0290443396388593
12.96,0.10504043017554704,0.030479665408054697,0.11817048394749041,0.022920383748815148,0,0,0,0,0.13,0.12191866163221879,0.2790136426537968,walk forward,0.09812513561553077,0.9665081421157016
12.98,0.10504043017554704,0.030479665408054697,0.11817048394749041,0.022920383748815148,0,0,0,0,0.13,0.12191866163221879,0.2790136426537968,walk forward,0.09518248722911489,2.0447455576822837
13.0,0.10504043017554704,0.030479665408054697,0.11817048394749041,0.022920383748815148,0,0,0,0,0.13,0.12191866163221879,0.2790136426537968,walk forward,0.0979346343403723,2.432968755809689
13.02,0.1051907379865464,0.030361343258211573,0.1183395802348647,0.022354477457712525,0,0,0,0,0.13,0.12144537303284629,0.2794128977767639,walk forward,0.09334526506283439,2.6951639979963167
13.04,0.1051907379865464,0.030361343258211573,0.1183395802348647,0.022354477457712525,0,0,0,0,0.13,0.12144537303284629,0.2794128977767639,walk forward,0.0967667529219411,2.9954772602407664
13.06,0.1051907379865464,0.030361343258211573,0.1183395802348647,0.022354477457712525,0,0,0,0,0.13,0.12144537303284629,0.2794128977767639,walk forward,0.08465503815878678,3.3466798752277818
13.08,0.1051907379865464,0.030361343258211573,0.1183395802348647,0.022354477457712525,0,0,0,0,0.13,0.12144537303284629,0.2794128977767639,walk forward,0.07242886266727482,3.7130588327606264
13.1,0.1051907379865464,0.030361343258211573,0.1183395802348647,0.022354477457712525,0,0,0,0,0.13,0.12144537303284629,0.2794128977767639,walk forward,0.06598602064260822,3.9550887199572493
13.12,0.10532333471997457,0.030235730140151348,0.11848875155997138,0.021802543442720947,0,0,0,0,0.13,0.12094292056060539,0.2797651078499324,walk forward,0.07185637500734404,3.8639093242072717
13.14,0.10532333471997457,0.030235730140151348,0.11848875155997138,0.021802543442720947,0,0,0,0,0.13,0.12094292056060539,0.2797651078499324,walk forward,0.08379142441919171,3.399119518962182
13.16,0.10532333471997457,0.030235730140151348,0.11848875155997138,0.021802543442720947,0,0,0,0,0.13,0.12094292056060539,0.2797651078499324,walk forward,0.0914340266794082,2.590442319210335
13.18,0.10532333471997457,0.030235730140151348,0.11848875155997138,0.021802543442720947,0,0,0,0,0.13,0.12094292056060539,0.2797651078499324,walk forward,0.09874514173088633,1.4224539949291395
13.2,0.10532333471997457,0.030235730140151348,0.11848875155997138,0.021802543442720947,0,0,0,0,0.13,0.12094292056060539,0.2797651078499324,walk forward,0.10691033376185619,0.17811391668027415
13.22,0.10543877319125242,0.030103183562215113,0.11861861984015895,0.021264236727114066,0,0,0,0,0.13,0.12041273424886045,0.2800717412892642,walk forward,0.09641858070654738,1.6673023962135396
13.24,0.10543877319125242,0.030103183562215113,0.11861861984015895,0.021264236727114066,0,0,0,0,0.13,0.12041273424886045,0.2800717412892642,walk forward,0.09043578557474491,2.0647077434527454
13.26,0.10543877319125242,0.030103183562215113,0.11861861984015895,0.021264236727114066,0,0,0,0,0.13,0.12041273424886045,0.2800717412892642,walk forward,0.06752247759768058,2.128140149101622
13.28,0.10543877319125242,0.030103183562215113,0.11861861984015895,0.021264236727114066,0,0,0,0,0.13,0.12041273424886045,0.2800717412892642,walk forward,0.06764514438506812,2.081929565733105
13.3,0.10543877319125242,0.030103183562215113,0.11861861984015895,0.021264236727114066,0,0,0,0,0.13,0.12041273424886045,0.2800717412892642,walk forward,0.06709690286493154,2.002792648859183
13.32,0.10553758877199532,0.02996404793772212,0.11872978736849472,0.02073922085167126,0,0,0,0,0.13,0.11985619175088848,0.28033422017561255,walk forward,0.07395402291606687,2.0211234503446853
13.34,0.10553758877199532,0.02996404793772212,0.11872978736849472,0.02073922085167126,0,0,0,0,0.13,0.11985619175088848,0.28033422017561255,walk forward,0.06362778686674884,2.144578688987137
13.36,0.10553758877199532,0.02996404793772212,0.11872978736849472,0.02073922085167126,0,0,0,0,0.13,0.11985619175088848,0.28033422017561255,walk forward,0.06626551647305957,2.3034256582924075
13.38,0.10553758877199532,0.02996404793772212,0.11872978736849472,0.02073922085167126,0,0,0,0,0.13,0.11985619175088848,0.28033422017561255,walk forward,0.07457564821384265,2.331942762224812
13.4,0.10553758877199532,0.02996404793772212,0.11872978736849472,0.02073922085167126,0,0,0,0,0.13,0.11985619175088848,0.28033422017561255,walk forward,0.08424055179246107,2.041193951847379
13.42,0.10562030003461076,0.029818655084109365,0.11882283753893709,0.02022716766437966,0,0,0,0,0.13,0.11927462033643746,0.2805539219669348,walk forward,0.09487298025022116,1.5017622027053357
13.44,0.10562030003461076,0.029818655084109365,0.11882283753893709,0.02022716766437966,0,0,0,0,0.13,0.11927462033643746,0.2805539219669348,walk forward,0.10356725189073092,0.7615339783334917
13.46,0.10562030003461076,0.029818655084109365,0.11882283753893709,0.02022716766437966,0,0,0,0,0.13,0.11927462033643746,0.2805539219669348,walk forward,0.1021061886026256,0.29331943678636596
13.48,0.10562030003461076,0.029818655084109365,0.11882283753893709,0.02022716766437966,0,0,0,0,0.13,0.11927462033643746,0.2805539219669348,walk forward,0.09546864661619696,1.55148243775833
13.5,0.10562030003461076,0.029818655084109365,0.11882283753893709,0.02022716766437966,0,0,0,0,0.13,0.11927462033643746,0.2805539219669348,walk forward,0.09758100848590744,2.3046274348117106
13.52,0.10568740936852342,0.02966732469972201,0.11889833553958883,0.01972775711532846,0,0,0,0,0.13,0.11866929879888805,0.2807321811351403,walk forward,0.10776520361310407,2.390711349260709
13.54,0.10568740936852342,0.02966732469972201,0.11889833553958883,0.01972775711532846,0,0,0,0,0.13,0.11866929879888805,0.2807321811351403,walk forward,0.11118283904662493,2.5261200004038735
13.56,0.10568740936852342,0.02966732469972201,0.11889833553958883,0.01972775711532846,0,0,0,0,0.13,0.11866929879888805,0.2807321811351403,walk forward,0.09854798847744065,2.7459490222211107
13.58,0.10568740936852342,0.02966732469972201,0.11889833553958883,0.01972775711532846,0,0,0,0,0.13,0.11866929879888805,0.2807321811351403,walk forward,0.08510825765291889,3.0942585720054727
13.6,0.10568740936852342,0.02966732469972201,0.11889833553958883,0.01972775711532846,0,0,0,0,0.13,0.11866929879888805,0.2807321811351403,walk forward,0.07532883344927832,3.461927204061376
13.62,0.10573940356946489,0.029510364819434018,0.11895682901564797,0.019240677056667314,0,0,0,0,0.13,0.11804145927773607,0.280870290731391,walk forward,0.06610133398634893,3.6810208167401783
13.64,0.10573940356946489,0.029510364819434018,0.11895682901564797,0.019240677056667314,0,0,0,0,0.13,0.11804145927773607,0.280870290731391,walk forward,0.06864468522713475,3.646514115369318
13.66,0.10573940356946489,0.029510364819434018,0.11895682901564797,0.019240677056667314,0,0,0,0,0.13,0.11804145927773607,0.280870290731391,walk forward,0.07906076144570412,3.263110147344027
13.68,0.10573940356946489,0.029510364819434018,0.11895682901564797,0.019240677056667314,0,0,0,0,0.13,0.11804145927773607,0.280870290731391,walk forward,0.09060010778357978,2.537129026623618
13.7,0.10573940356946489,0.029510364819434018,0.11895682901564797,0.019240677056667314,0,0,0,0,0.13,0.11804145927773607,0.280870290731391,walk forward,0.0974703864117474,1.4745845540565763
13.72,0.10577675440318411,0.029348072250208558,0.1189988487035821,0.018765623047503757,0,0,0,0,0.13,0.11739228900083423,0.28096950388345776,walk forward,0.10285130089159529,0.07811490216871565
13.74,0.10577675440318411,0.029348072250208558,0.1189988487035821,0.018765623047503757,0,0,0,0,0.13,0.11739228900083423,0.28096950388345776,walk forward,0.10822526389610222,1.5688594792024968
13.76,0.10577675440318411,0.029348072250208558,0.1189988487035821,0.018765623047503757,0,0,0,0,0.13,0.11739228900083423,0.28096950388345776,walk forward,0.10189970928171367,2.0894888424471194
13.78,0.10577675440318411,0.029348072250208558,0.1189988487035821,0.018765623047503757,0,0,0,0,0.13,0.11739228900083423,0.28096950388345776,walk forward,0.08004278148773986,2.106688940741999
13.8,0.10577675440318411,0.029348072250208558,0.1189988487035821,0.018765623047503757,0,0,0,0,0.13,0.11739228900083423,0.28096950388345776,walk forward,0.0688980644948235,2.028278113273859
13.82,0.10579991914485905,0.029180732987642496,0.1190249090379664,0.01830229816361774,0,0,0,0,0.13,0.11672293195056999,0.2810310352285318,walk forward,0.07654124574482231,2.0149591627674734
13.84,0.10579991914485905,0.029180732987642496,0.1190249090379664,0.01830229816361774,0,0,0,0,0.13,0.11672293195056999,0.2810310352285318,walk forward,0.07349393664346043,2.082962180794832
13.86,0.10579991914485905,0.029180732987642496,0.1190249090379664,0.01830229816361774,0,0,0,0,0.13,0.11672293195056999,0.2810310352285318,walk forward,0.07354139721064805,2.259091509080694
13.88,0.10579991914485905,0.029180732987642496,0.1190249090379664,0.01830229816361774,0,0,0,0,0.13,0.11672293195056999,0.2810310352285318,walk forward,0.07187547323437797,2.5255783840786803
13.9,0.10579991914485905,0.029180732987642496,0.1190249090379664,0.01830229816361774,0,0,0,0,0.13,0.11672293195056999,0.2810310352285318,walk forward,0.082932243977779,2.7328428286918722
13.92,0.10580934109541865,0.029008622614478043,0.11903550873234596,0.01785041281187433,0,0,0,0,0.13,0.11603449045791217,0.28105606228470575,walk forward,0.08605342051778868,2.6810057621685845
13.94,0.10580934109541865,0.029008622614478043,0.11903550873234596,0.01785041281187433,0,0,0,0,0.13,0.11603449045791217,0.28105606228470575,walk forward,0.09607928430651212,2.344289021475891
13.96,0.10580934109541865,0.029008622614478043,0.11903550873234596,0.01785041281187433,0,0,0,0,0.13,0.11603449045791217,0.28105606228470575,walk forward,0.10061909517852369,1.7850398178284708
13.98,0.10580934109541865,0.029008622614478043,0.11903550873234596,0.01785041281187433,0,0,0,0,0.13,0.11603449045791217,0.28105606228470575,walk forward,0.10331186920104511,1.1769593465450103
14.0,0.10580934109541865,0.029008622614478043,0.11903550873234596,0.01785041281187433,0,0,0,0,0.13,0.11603449045791217,0.28105606228470575,walk forward,0.10038761952566252,1.2976829675369674
14.02,0.10580545007591742,0.028832006682007374,0.11903113133540709,0.017409684549218575,0,0,0,0,0.13,0.1153280267280295,0.2810457267641556,walk forward,0.10077820450931517,2.3314728767593436
14.04,0.10580545007591742,0.028832006682007374,0.11903113133540709,0.017409684549218575,0,0,0,0,0.13,0.1153280267280295,0.2810457267641556,walk forward,0.07905571052852091,2.76280914931504
14.06,0.10580545007591742,0.028832006682007374,0.11903113133540709,0.017409684549218575,0,0,0,0,0.13,0.1153280267280295,0.2810457267641556,walk forward,0.07292529808574007,3.012924101420982
14.08,0.10580545007591742,0.028832006682007374,0.11903113133540709,0.017409684549218575,0,0,0,0,0.13,0.1153280267280295,0.2810457267641556,walk forward,0.08238510093968943,3.2719420984750003
14.1,0.10580545007591742,0.028832006682007374,0.11903113133540709,0.017409684549218575,0,0,0,0,0.13,0.1153280267280295,0.2810457267641556,walk forward,0.06978569667554146,3.5584875455396263
14.12,0.10578866290104204,0.028651141075242383,0.11901224576367228,0.01697983790613939,0,0,0,0,0.13,0.11460456430096953,0.28100113583089287,walk forward,0.0662542840156425,3.8442801261189543
14.14,0.10578866290104204,0.028651141075242383,0.11901224576367228,0.01697983790613939,0,0,0,0,0.13,0.11460456430096953,0.28100113583089287,walk forward,0.06438805417495905,3.9963876269399385
14.16,0.10578866290104204,0.028651141075242383,0.11901224576367228,0.01697983790613939,0,0,0,0,0.13,0.11460456430096953,0.28100113583089287,walk forward,0.06920542273674395,3.8956702848978333
14.18,0.10578866290104204,0.028651141075242383,0.11901224576367228,0.01697983790613939,0,0,0,0,0.13,0.11460456430096953,0.28100113583089287,walk forward,0.08339629844612259,3.466965458267811
14.2,0.10578866290104204,0.028651141075242383,0.11901224576367228,0.01697983790613939,0,0,0,0,0.13,0.11460456430096953,0.28100113583089287,walk forward,0.09163498922693922,2.6446842125913737
14.22,0.10575938383277018,0.02846627236267145,0.11897930681186644,0.016560604214492156,0,0,0,0,0.13,0.1138650894506858,0.2809233633057958,walk forward,0.09935487355288346,1.4748196513741583
14.24,0.10575938383277018,0.02846627236267145,0.11897930681186644,0.016560604214492156,0,0,0,0,0.13,0.1138650894506858,0.2809233633057958,walk forward,0.10128624725460861,0.10573067035676313
14.26,0.10575938383277018,0.02846627236267145,0.11897930681186644,0.016560604214492156,0,0,0,0,0.13,0.1138650894506858,0.2809233633057958,walk forward,0.10427204105564282,1.64858068483036
14.28,0.10575938383277018,0.02846627236267145,0.11897930681186644,0.016560604214492156,0,0,0,0,0.13,0.1138650894506858,0.2809233633057958,walk forward,0.10192716187485061,2.170658259932495
14.3,0.10575938383277018,0.02846627236267145,0.11897930681186644,0.016560604214492156,0,0,0,0,0.13,0.1138650894506858,0.2809233633057958,walk forward,0.07549602532715959,2.256035283176822
14.32,0.10571800501514636,0.028277638131377895,0.11893275564203964,0.01615172143957238,0,0,0,0,0.13,0.11311055252551158,0.2808134508214825,walk forward,0.06796928130962636,2.1838552318851168
14.34,0.10571800501514636,0.028277638131377895,0.11893275564203964,0.01615172143957238,0,0,0,0,0.13,0.11311055252551158,0.2808134508214825,walk forward,0.06989348616497885,2.1372392413452066
14.36,0.10571800501514636,0.028277638131377895,0.11893275564203964,0.01615172143957238,0,0,0,0,0.13,0.11311055252551158,0.2808134508214825,walk forward,0.06916406013576172,2.126254750680195
14.38,0.10571800501514636,0.028277638131377895,0.11893275564203964,0.01615172143957238,0,0,0,0,0.13,0.11311055252551158,0.2808134508214825,walk forward,0.07071928365241847,2.2221943652577676
14.4,0.10571800501514636,0.028277638131377895,0.11893275564203964,0.01615172143957238,0,0,0,0,0.13,0.11311055252551158,0.2808134508214825,walk forward,0.06543397200445998,2.4285180210684336
14.42,0.10566490689108715,0.028085467308250657,0.11887302025247304,0.01575293401633547,0,0,0,0,0.13,0.11234186923300263,0.2806724089294502,walk forward,0.06983371493547022,2.608732897707934
14.44,0.10566490689108715,0.028085467308250657,0.11887302025247304,0.01575293401633547,0,0,0,0,0.13,0.11234186923300263,0.2806724089294502,walk forward,0.08258871879209846,2.6169638190896896
14.46,0.10566490689108715,0.028085467308250657,0.11887302025247304,0.01575293401633547,0,0,0,0,0.13,0.11234186923300263,0.2806724089294502,walk forward,0.09047224462466544,2.3450701473253988
14.48,0.10566490689108715,0.028085467308250657,0.11887302025247304,0.01575293401633547,0,0,0,0,0.13,0.11234186923300263,0.2806724089294502,walk forward,0.09586222657211821,1.7726453433121598
14.5,0.10566490689108715,0.028085467308250657,0.11887302025247304,0.01575293401633547,0,0,0,0,0.13,0.11234186923300263,0.2806724089294502,walk forward,0.09442381454303067,1.0090556061702995
14.52,0.10560045860207898,0.027889980467976166,0.11880051592733885,0.015363992689660277,0,0,0,0,0.13,0.11155992187190467,0.28050121816177226,walk forward,0.08852012085931017,0.8934495148718813
14.54,0.10560045860207898,0.027889980467976166,0.11880051592733885,0.015363992689660277,0,0,0,0,0.13,0.11155992187190467,0.28050121816177226,walk forward,0.08370599622115567,1.9476749628388756
14.56,0.10560045860207898,0.027889980467976166,0.11880051592733885,0.015363992689660277,0,0,0,0,0.13,0.11155992187190467,0.28050121816177226,walk forward,0.09211724585284689,2.3304251731109864
14.58,0.10560045860207898,0.027889980467976166,0.11880051592733885,0.015363992689660277,0,0,0,0,0.13,0.11155992187190467,0.28050121816177226,walk forward,0.0785460103822574,2.511694332794932
14.6,0.10560045860207898,0.027889980467976166,0.11880051592733885,0.015363992689660277,0,0,0,0,0.13,0.11155992187190467,0.28050121816177226,walk forward,0.07814371423318377,2.749360382725539
14.62,0.10552501837158543,0.027691390128461578,0.11871564566803361,0.01498465435855651,0,0,0,0,0.13,0.11076556051384631,0.2803008300495238,walk forward,0.07725073423668369,3.0629813270351063
14.64,0.10552501837158543,0.027691390128461578,0.11871564566803361,0.01498465435855651,0,0,0,0,0.13,0.11076556051384631,0.2803008300495238,walk forward,0.07869227749586007,3.3842951012528504
14.66,0.10552501837158543,0.027691390128461578,0.11871564566803361,0.01498465435855651,0,0,0,0,0.13,0.11076556051384631,0.2803008300495238,walk forward,0.06555974474379343,3.6101369675036263
14.68,0.10552501837158543,0.027691390128461578,0.11871564566803361,0.01498465435855651,0,0,0,0,0.13,0.11076556051384631,0.2803008300495238,walk forward,0.07080538332282195,3.6104058232534193
14.7,0.10552501837158543,0.027691390128461578,0.11871564566803361,0.01498465435855651,0,0,0,0,0.13,0.11076556051384631,0.2803008300495238,walk forward,0.08233986404276163,3.256423090043849
14.72,0.10543893387293729,0.027489901034302912,0.11861880060705444,0.01461468192421872,0,0,0,0,0.13,0.10995960413721165,0.28007216809998964,walk forward,0.10115797695662583,2.4913266748633442
14.74,0.10543893387293729,0.027489901034302912,0.11861880060705444,0.01461468192421872,0,0,0,0,0.13,0.10995960413721165,0.28007216809998964,walk forward,0.09855150239390884,1.3792362066097799
14.76,0.10543893387293729,0.027489901034302912,0.11861880060705444,0.01461468192421872,0,0,0,0,0.13,0.10995960413721165,0.28007216809998964,walk forward,0.11014967505489762,0.43750291809618336
14.78,0.10543893387293729,0.027489901034302912,0.11861880060705444,0.01461468192421872,0,0,0,0,0.13,0.10995960413721165,0.28007216809998964,walk forward,0.10789511560764087,1.8040634910496622
14.8,0.10543893387293729,0.027489901034302912,0.11861880060705444,0.01461468192421872,0,0,0,0,0.13,0.10995960413721165,0.28007216809998964,walk forward,0.10213843555593971,2.305459508673617
14.82,0.10534254258243769,0.0272857104288774,0.1185103604052424,0.014253844141831822,0,0,0,0,0.13,0.1091428417155096,0.2798161287346001,walk forward,0.07647835870168468,2.413108084466796
14.84,0.10534254258243769,0.0272857104288774,0.1185103604052424,0.014253844141831822,0,0,0,0,0.13,0.1091428417155096,0.2798161287346001,walk forward,0.07269707710542138,2.4330076211291236
14.86,0.10534254258243769,0.0272857104288774,0.1185103604052424,0.014253844141831822,0,0,0,0,0.13,0.1091428417155096,0.2798161287346001,walk forward,0.07578929532388187,2.3946841273165234
14.88,0.10534254258243769,0.0272857104288774,0.1185103604052424,0.014253844141831822,0,0,0,0,0.13,0.1091428417155096,0.2798161287346001,walk forward,0.07361543418049658,2.4318706490343565
14.9,0.10534254258243769,0.0272857104288774,0.1185103604052424,0.014253844141831822,0,0,0,0,0.13,0.1091428417155096,0.2798161287346001,walk forward,0.06840220548150211,2.599709709429984
14.92,0.10523617211837577,0.027079008315607125,0.11839069363317274,0.013901915476035559,0,0,0,0,0.13,0.1083160332624285,0.27953358218943564,walk forward,0.06386160542478933,2.8418255146256404
14.94,0.10523617211837577,0.027079008315607125,0.11839069363317274,0.013901915476035559,0,0,0,0,0.13,0.1083160332624285,0.27953358218943564,walk forward,0.06423854391661535,3.0510296149148113
14.96,0.10523617211837577,0.027079008315607125,0.11839069363317274,0.013901915476035559,0,0,0,0,0.13,0.1083160332624285,0.27953358218943564,walk forward,0.07508183160716209,3.0360571695737057
14.98,0.10523617211837577,0.027079008315607125,0.11839069363317274,0.013901915476035559,0,0,0,0,0.13,0.1083160332624285,0.27953358218943564,walk forward,0.08537650184409852,2.7219654435633127
15.0,0.10523617211837577,0.027079008315607125,0.11839069363317274,0.013901915476035559,0,0,0,0,0.13,0.1083160332624285,0.27953358218943564,walk forward,0.09278051522062,2.158602559028187
15.02,0.10514269240980786,0.027162075064926076,0.11810625555770835,0.013558675959957557,0.04681487577735997,0,0,0,0.13,0.1086483002597043,0.27906118495939525,walk forward,0.09470535358175437,1.4940757321752898
15.04,0.10514269240980786,0.027162075064926076,0.11810625555770835,0.013558675959957557,0.04681487577735997,0,0,0,0.13,0.1086483002597043,0.27906118495939525,walk forward,0.09209301113211933,1.3295323168693738
15.06,0.10514269240980786,0.027162075064926076,0.11810625555770835,0.013558675959957557,0.04681487577735997,0,0,0,0.13,0.1086483002597043,0.27906118495939525,walk forward,0.08281239192263389,2.1428030288054956
15.08,0.10514269240980786,0.027162075064926076,0.11810625555770835,0.013558675959957557,0.04681487577735997,0,0,0,0.13,0.1086483002597043,0.27906118495939525,walk forward,0.09038621803456953,2.501206729828253
15.1,0.10514269240980786,0.027162075064926076,0.11810625555770835,0.013558675959957557,0.04681487577735997,0,0,0,0.13,0.1086483002597043,0.27906118495939525,walk forward,0.10016756593388788,2.7422220423563677
15.12,0.10503932432726776,0.027230440676013146,0.11781654445314621,0.013223911057726873,0.04565901237603427,0,0,0,0.13,0.10892176270405259,0.27856983597551743,walk forward,0.09211899687073073,2.9169021188202215
15.14,0.10503932432726776,0.027230440676013146,0.11781654445314621,0.013223911057726873,0.04565901237603427,0,0,0,0.13,0.10892176270405259,0.27856983597551743,walk forward,0.08512265580426746,3.1155139473089055
15.16,0.10503932432726776,0.027230440676013146,0.11781654445314621,0.013223911057726873,0.04565901237603427,0,0,0,0.13,0.10892176270405259,0.27856983597551743,walk forward,0.07136684942487873,3.406625955085633
15.18,0.10503932432726776,0.027230440676013146,0.11781654445314621,0.013223911057726873,0.04565901237603427,0,0,0,0.13,0.10892176270405259,0.27856983597551743,walk forward,0.059244121748434866,3.742638172259431
15.2,0.10503932432726776,0.027230440676013146,0.11781654445314621,0.013223911057726873,0.04565901237603427,0,0,0,0.13,0.10892176270405259,0.27856983597551743,walk forward,0.056182133560735224,3.942931671453151
15.22,0.10492639408703253,0.027284724816960343,0.11752174570673352,0.012897411530382092,0.04453168734377053,0,0,0,0.13,0.10913889926784137,0.27806017474220757,walk forward,0.06456418745937628,3.788622294109232
15.24,0.10492639408703253,0.027284724816960343,0.11752174570673352,0.012897411530382092,0.04453168734377053,0,0,0,0.13,0.10913889926784137,0.27806017474220757,walk forward,0.07980687712451236,3.233658090426715
15.26,0.10492639408703253,0.027284724816960343,0.11752174570673352,0.012897411530382092,0.04453168734377053,0,0,0,0.13,0.10913889926784137,0.27806017474220757,walk forward,0.09349585948889065,2.3244765119811563
15.28,0.10492639408703253,0.027284724816960343,0.11752174570673352,0.012897411530382092,0.04453168734377053,0,0,0,0.13,0.10913889926784137,0.27806017474220757,walk forward,0.10240637909905884,1.0943076422420455
15.3,0.10492639408703253,0.027284724816960343,0.11752174570673352,0.012897411530382092,0.04453168734377053,0,0,0,0.13,0.10913889926784137,0.27806017474220757,walk forward,0.10697565689590345,0.4595589362914174
15.32,0.10480421729301757,0.027325523669783375,0.11722203910598958,0.01257897330509016,0.04343219606572605,0,0,0,0.13,0.1093020946791335,0.27753282049875894,walk forward,0.10305179247677898,1.8565397251056353
15.34,0.10480421729301757,0.027325523669783375,0.11722203910598958,0.01257897330509016,0.04343219606572605,0,0,0,0.13,0.1093020946791335,0.27753282049875894,walk forward,0.09013497773857454,2.1411385656797384
15.36,0.10480421729301757,0.027325523669783375,0.11722203910598958,0.01257897330509016,0.04343219606572605,0,0,0,0.13,0.1093020946791335,0.27753282049875894,walk forward,0.07995742477666061,2.1721873828265688
15.38,0.10480421729301757,0.027325523669783375,0.11722203910598958,0.01257897330509016,0.04343219606572605,0,0,0,0.13,0.1093020946791335,0.27753282049875894,walk forward,0.07992656272919446,2.1238873329969157
15.4,0.10480421729301757,0.027325523669783375,0.11722203910598958,0.01257897330509016,0.04343219606572605,0,0,0,0.13,0.1093020946791335,0.27753282049875894,walk forward,0.08002284018182143,2.096989198710124
15.42,0.10467309935646045,0.027353410917902055,0.11691759905095449,0.012268397347594228,0.04235985132406057,0,0,0,0.13,0.10941364367160822,0.27698837300926865,walk forward,0.07713071953502842,2.180250418133574
15.44,0.10467309935646045,0.027353410917902055,0.11691759905095449,0.012268397347594228,0.04235985132406057,0,0,0,0.13,0.10941364367160822,0.27698837300926865,walk forward,0.061567184604431335,2.3676377084897546
15.46,0.10467309935646045,0.027353410917902055,0.11691759905095449,0.012268397347594228,0.04235985132406057,0,0,0,0.13,0.10941364367160822,0.27698837300926865,walk forward,0.0654263481999689,2.5977927479809932
15.48,0.10467309935646045,0.027353410917902055,0.11691759905095449,0.012268397347594228,0.04235985132406057,0,0,0,0.13,0.10941364367160822,0.27698837300926865,walk forward,0.07311359560304748,2.6528870334465395
15.5,0.10467309935646045,0.027353410917902055,0.11691759905095449,0.012268397347594228,0.04235985132406057,0,0,0,0.13,0.10941364367160822,0.27698837300926865,walk forward,0.08388229728959251,2.4368328404764115
15.52,0.10453333589549968,0.02736893868464472,0.11660859475624108,0.011965489537810755,0.04131398286840276,0,0,0,0.13,0.10947575473857887,0.27642741331467596,walk forward,0.09242448805763433,1.9670396299581503
15.54,0.10453333589549968,0.02736893868464472,0.11660859475624108,0.011965489537810755,0.04131398286840276,0,0,0,0.13,0.10947575473857887,0.27642741331467596,walk forward,0.10220510381324445,1.195167044419753
15.56,0.10453333589549968,0.02736893868464472,0.11660859475624108,0.011965489537810755,0.04131398286840276,0,0,0,0.13,0.10947575473857887,0.27642741331467596,walk forward,0.10004308125364804,0.5964326856162347
15.58,0.10453333589549968,0.02736893868464472,0.11660859475624108,0.011965489537810755,0.04131398286840276,0,0,0,0.13,0.10947575473857887,0.27642741331467596,walk forward,0.09662139284231994,1.6094743200544201
15.6,0.10453333589549968,0.02736893868464472,0.11660859475624108,0.011965489537810755,0.04131398286840276,0,0,0,0.13,0.10947575473857887,0.27642741331467596,walk forward,0.1038812982436032,2.143727307086729
15.62,0.10438521311574901,0.0273726384255699,0.11629519044345533,0.011670060548498142,0.040293936996921936,0,0,0,0.13,0.1094905537022796,0.27585050444900544,walk forward,0.10526135013257515,2.2557217823034494
15.64,0.10438521311574901,0.0273726384255699,0.11629519044345533,0.011670060548498142,0.040293936996921936,0,0,0,0.13,0.1094905537022796,0.27585050444900544,walk forward,0.11237551510359141,2.461348592157252
15.66,0.10438521311574901,0.0273726384255699,0.11629519044345533,0.011670060548498142,0.040293936996921936,0,0,0,0.13,0.1094905537022796,0.27585050444900544,walk forward,0.09436107629881793,2.7742927935914223
15.68,0.10438521311574901,0.0273726384255699,0.11629519044345533,0.011670060548498142,0.040293936996921936,0,0,0,0.13,0.1094905537022796,0.27585050444900544,walk forward,0.07691115925354025,3.137970108806726
15.7,0.10438521311574901,0.0273726384255699,0.11629519044345533,0.011670060548498142,0.040293936996921936,0,0,0,0.13,0.1094905537022796,0.27585050444900544,walk forward,0.06526162820600419,3.4334746340317204
15.72,0.1042290081729016,0.027365021777222658,0.11597754552451606,0.011381925726921038,0.03929907614774311,0,0,0,0.13,0.10946008710889063,0.27525819212177205,walk forward,0.070919444099044,3.531644197435959
15.74,0.1042290081729016,0.027365021777222658,0.11597754552451606,0.011381925726921038,0.03929907614774311,0,0,0,0.13,0.10946008710889063,0.27525819212177205,walk forward,0.08260057099094491,3.319752183791637
15.76,0.1042290081729016,0.027365021777222658,0.11597754552451606,0.011381925726921038,0.03929907614774311,0,0,0,0.13,0.10946008710889063,0.27525819212177205,walk forward,0.09209641561919919,2.7219653339173546
15.78,0.1042290081729016,0.027365021777222658,0.11597754552451606,0.011381925726921038,0.03929907614774311,0,0,0,0.13,0.10946008710889063,0.27525819212177205,walk forward,0.09380211157412952,1.7518094202519066
15.8,0.1042290081729016,0.027365021777222658,0.11597754552451606,0.011381925726921038,0.03929907614774311,0,0,0,0.13,0.10946008710889063,0.27525819212177205,walk forward,0.1028341592265758,0.4722679923566806
15.82,0.1040649895183362,0.027346581364779094,0.11565581477637277,0.011100904979436374,0.03832877850045008,0,0,0,0.13,0.10938632545911638,0.2746510053683862,walk forward,0.10884205664863111,1.2105972665663745
15.84,0.1040649895183362,0.027346581364779094,0.11565581477637277,0.011100904979436374,0.03832877850045008,0,0,0,0.13,0.10938632545911638,0.2746510053683862,walk forward,0.10348253160971432,2.0074131909953405
15.86,0.1040649895183362,0.027346581364779094,0.11565581477637277,0.011100904979436374,0.03832877850045008,0,0,0,0.13,0.10938632545911638,0.2746510053683862,walk forward,0.0766870815531993,2.042249122284676
15.88,0.1040649895183362,0.027346581364779094,0.11565581477637277,0.011100904979436374,0.03832877850045008,0,0,0,0.13,0.10938632545911638,0.2746510053683862,walk forward,0.07081547798981674,1.976856480210061
15.9,0.1040649895183362,0.027346581364779094,0.11565581477637277,0.011100904979436374,0.03832877850045008,0,0,0,0.13,0.10938632545911638,0.2746510053683862,walk forward,0.06109615695053658,1.8170643746465152
15.92,0.1038934172286402,0.027317791570879848,0.11533014850759096,0.01082682265892897,0.03738243758742741,0,0,0,0.13,0.10927116628351939,0.274029457170289,walk forward,0.06487333896323609,1.6963605966326607
15.94,0.1038934172286402,0.027317791570879848,0.11533014850759096,0.01082682265892897,0.03738243758742741,0,0,0,0.13,0.10927116628351939,0.274029457170289,walk forward,0.06486590681558226,1.7232596573181205
15.96,0.1038934172286402,0.027317791570879848,0.11533014850759096,0.01082682265892897,0.03738243758742741,0,0,0,0.13,0.10927116628351939,0.274029457170289,walk forward,0.06370863808198489,1.8460190424263705
15.98,0.1038934172286402,0.027317791570879848,0.11533014850759096,0.01082682265892897,0.03738243758742741,0,0,0,0.13,0.10927116628351939,0.274029457170289,walk forward,0.06717021677804694,1.9746429406026922
16.0,0.1038934172286402,0.027317791570879848,0.11533014850759096,0.01082682265892897,0.03738243758742741,0,0,0,0.13,0.10927116628351939,0.274029457170289,walk forward,0.07140265297749035,1.8836527865184376
16.02,0.10371454331990959,0.027279109267810832,0.11500069271724586,0.010559507455026372,0.036459461914798465,0,0,0,0.13,0.10911643707124333,0.2733940450464443,walk forward,0.08883483373554553,1.523992178211077
16.04,0.10371454331990959,0.027279109267810832,0.11500069271724586,0.010559507455026372,0.036459461914798465,0,0,0,0.13,0.10911643707124333,0.2733940450464443,walk forward,0.09959294332698652,0.9711321038426649
16.06,0.10371454331990959,0.027279109267810832,0.11500069271724586,0.010559507455026372,0.036459461914798465,0,0,0,0.13,0.10911643707124333,0.2733940450464443,walk forward,0.10466217322203986,0.6273276136506121
16.08,0.10371454331990959,0.027279109267810832,0.11500069271724586,0.010559507455026372,0.036459461914798465,0,0,0,0.13,0.10911643707124333,0.2733940450464443,walk forward,0.10311485286776192,1.543423246246857
16.1,0.10371454331990959,0.027279109267810832,0.11500069271724586,0.010559507455026372,0.036459461914798465,0,0,0,0.13,0.10911643707124333,0.2733940450464443,walk forward,0.1008615165463735,2.5423727698372818
16.12,0.10352861204763557,0.027230974515056516,0.11466758924653947,0.010298792287024293,0.035559274592722435,0,0,0,0.13,0.10892389806022607,0.2727452516177188,walk forward,0.08314032173527663,2.7736451118100978
16.14,0.10352861204763557,0.027230974515056516,0.11466758924653947,0.010298792287024293,0.035559274592722435,0,0,0,0.13,0.10892389806022607,0.2727452516177188,walk forward,0.08349845516118683,2.9079042222676508
16.16,0.10352861204763557,0.027230974515056516,0.11466758924653947,0.010298792287024293,0.035559274592722435,0,0,0,0.13,0.10892389806022607,0.2727452516177188,walk forward,0.08412083511539428,3.034761101495023
16.18,0.10352861204763557,0.027230974515056516,0.11466758924653947,0.010298792287024293,0.035559274592722435,0,0,0,0.13,0.10892389806022607,0.2727452516177188,walk forward,0.08233599219258202,3.1932606457645147
16.2,0.10352861204763557,0.027230974515056516,0.11466758924653947,0.010298792287024293,0.035559274592722435,0,0,0,0.13,0.10892389806022607,0.2727452516177188,walk forward,0.07194843237356396,3.4106240667247985
16.22,0.1033358601929402,0.027173811224126987,0.11433097592353172,0.010044514199455732,0.03468131297481944,0,0,0,0.13,0.10869524489650795,0.2720835451455899,walk forward,0.06013175411067066,3.6322390409005902
16.24,0.1033358601929402,0.027173811224126987,0.11433097592353172,0.010044514199455732,0.03468131297481944,0,0,0,0.13,0.10869524489650795,0.2720835451455899,walk forward,0.058739407062496404,3.7663129342623116
16.26,0.1033358601929402,0.027173811224126987,0.11433097592353172,0.010044514199455732,0.03468131297481944,0,0,0,0.13,0.10869524489650795,0.2720835451455899,walk forward,0.07001921001538917,3.6506945078194097
16.28,0.1033358601929402,0.027173811224126987,0.11433097592353172,0.010044514199455732,0.03468131297481944,0,0,0,0.13,0.10869524489650795,0.2720835451455899,walk forward,0.08118120658705963,3.1213950999434763
16.3,0.1033358601929402,0.027173811224126987,0.11433097592353172,0.010044514199455732,0.03468131297481944,0,0,0,0.13,0.10869524489650795,0.2720835451455899,walk forward,0.08469018991424622,2.170856910416854
16.32,0.10313651733587864,0.02710802779244403,0.11399098670135299,0,0.033825028306498216,0,0,0,0.13,0.10843211116977612,0.27140938004653953,walk forward,0.09018547123579847,0.9975349058318961
16.34,0.10313651733587864,0.02710802779244403,0.11399098670135299,0,0.033825028306498216,0,0,0,0.13,0.10843211116977612,0.27140938004653953,walk forward,0.09878761890529084,1.1619430245377904
16.36,0.10313651733587864,0.02710802779244403,0.11399098670135299,0,0.033825028306498216,0,0,0,0.13,0.10843211116977612,0.27140938004653953,walk forward,0.07511776582774732,2.268910891289175
16.38,0.10313651733587864,0.02710802779244403,0.11399098670135299,0,0.033825028306498216,0,0,0,0.13,0.10843211116977612,0.27140938004653953,walk forward,0.05706033662590513,2.510637097271687
16.4,0.10313651733587864,0.02710802779244403,0.11399098670135299,0,0.033825028306498216,0,0,0,0.13,0.10843211116977612,0.27140938004653953,walk forward,0.054798670157940585,2.5280009623001543
16.42,0.10294926168548667,0.02723971043976619,0.11354470544740503,0,0.032989885381966635,0,0,0,0.13,0.10895884175906476,0.27061745891611466,walk forward,0.05303975820270248,2.4290893863926994
16.44,0.10294926168548667,0.02723971043976619,0.11354470544740503,0,0.032989885381966635,0,0,0,0.13,0.10895884175906476,0.27061745891611466,walk forward,0.06040333489662181,2.382281366455424
16.46,0.10294926168548667,0.02723971043976619,0.11354470544740503,0,0.032989885381966635,0,0,0,0.13,0.10895884175906476,0.27061745891611466,walk forward,0.06176271978645511,2.44052340743929
16.48,0.10294926168548667,0.02723971043976619,0.11354470544740503,0,0.032989885381966635,0,0,0,0.13,0.10895884175906476,0.27061745891611466,walk forward,0.06143284826084144,2.5903764366748834
16.5,0.10294926168548667,0.02723971043976619,0.11354470544740503,0,0.032989885381966635,0,0,0,0.13,0.10895884175906476,0.27061745891611466,walk forward,0.056721001015329724,2.773842400260842
16.52,0.10275548981777653,0.027354499745876563,0.11309909911749114,0,0.03217536220971066,0,0,0,0.13,0.10941799898350625,0.26981823616908457,walk forward,0.06043345359931381,2.8081497437795035
16.54,0.10275548981777653,0.027354499745876563,0.11309909911749114,0,0.03217536220971066,0,0,0,0.13,0.10941799898350625,0.26981823616908457,walk forward,0.06990725780690539,2.5439480214548342
16.56,0.10275548981777653,0.027354499745876563,0.11309909911749114,0,0.03217536220971066,0,0,0,0.13,0.10941799898350625,0.26981823616908457,walk forward,0.08278380429920923,2.0097444248894654
16.58,0.10275548981777653,0.027354499745876563,0.11309909911749114,0,0.03217536220971066,0,0,0,0.13,0.10941799898350625,0.26981823616908457,walk forward,0.08533155512134921,1.2659124990527595
16.6,0.10275548981777653,0.027354499745876563,0.11309909911749114,0,0.03217536220971066,0,0,0,0.13,0.10941799898350625,0.26981823616908457,walk forward,0.0869477948884142,0.8215624296796077
16.62,0.10255542325543918,0.027453101014678426,0.11265416424508498,0,0.03138094968623264,0,0,0,0.13,0.1098124040587137,0.2690119843756552,walk forward,0.08117763890754744,1.7804169591485466
16.64,0.10255542325543918,0.027453101014678426,0.11265416424508498,0,0.03138094968623264,0,0,0,0.13,0.1098124040587137,0.2690119843756552,walk forward,0.09800496830431486,2.3431060412256417
16.66,0.10255542325543918,0.027453101014678426,0.11265416424508498,0,0.03138094968623264,0,0,0,0.13,0.1098124040587137,0.2690119843756552,walk forward,0.095527333314193,2.4520417596339987
16.68,0.10255542325543918,0.027453101014678426,0.11265416424508498,0,0.03138094968623264,0,0,0,0.13,0.1098124040587137,0.2690119843756552,walk forward,0.08441423570610676,2.5860563539132335
16.7,0.10255542325543918,0.027453101014678426,0.11265416424508498,0,0.03138094968623264,0,0,0,0.13,0.1098124040587137,0.2690119843756552,walk forward,0.07769011020558216,2.770679730582191
16.72,0.10234927643410166,0.027536192368546597,0.11220989839390755,0,0.030606151277845085,0,0,0,0.13,0.11014476947418639,0.2681989685350115,walk forward,0.07757879477988247,3.058660211925876
16.74,0.10234927643410166,0.027536192368546597,0.11220989839390755,0,0.030606151277845085,0,0,0,0.13,0.11014476947418639,0.2681989685350115,walk forward,0.08284704191915766,3.4172880179888043
16.76,0.10234927643410166,0.027536192368546597,0.11220989839390755,0,0.030606151277845085,0,0,0,0.13,0.11014476947418639,0.2681989685350115,walk forward,0.06906692969019411,3.644529095636643
16.78,0.10234927643410166,0.027536192368546597,0.11220989839390755,0,0.030606151277845085,0,0,0,0.13,0.11014476947418639,0.2681989685350115,walk forward,0.07332367298717009,3.5811367336486355
16.8,0.10234927643410166,0.027536192368546597,0.11220989839390755,0,0.030606151277845085,0,0,0,0.13,0.11014476947418639,0.2681989685350115,walk forward,0.08281896974636647,3.1693380030756115
16.82,0.10213725698527386,0.02760442592358696,0.11176630009800392,0,0.02985048271032093,0,0,0,0.13,0.11041770369434784,0.26737944635409727,walk forward,0.09055100739776563,2.3604930515675004
16.84,0.10213725698527386,0.02760442592358696,0.11176630009800392,0,0.02985048271032093,0,0,0,0.13,0.11041770369434784,0.26737944635409727,walk forward,0.09468623759013634,1.1715961165505822
16.86,0.10213725698527386,0.02760442592358696,0.11176630009800392,0,0.02985048271032093,0,0,0,0.13,0.11041770369434784,0.26737944635409727,walk forward,0.10140154015670741,0.44085325417845983
16.88,0.10213725698527386,0.02760442592358696,0.11176630009800392,0,0.02985048271032093,0,0,0,0.13,0.11041770369434784,0.26737944635409727,walk forward,0.10365706813555643,1.8917225525486567
16.9,0.10213725698527386,0.02760442592358696,0.11176630009800392,0,0.02985048271032093,0,0,0,0.13,0.11041770369434784,0.26737944635409727,walk forward,0.07173178440576236,2.1411376165010614
16.92,0.10191956600535504,0.027658428904986786,0.11132336880465644,0,0.029113471666206373,0,0,0,0.13,0.11063371561994714,0.2665536685125144,walk forward,0.06317049174575076,2.061662339159066
16.94,0.10191956600535504,0.027658428904986786,0.11132336880465644,0,0.029113471666206373,0,0,0,0.13,0.11063371561994714,0.2665536685125144,walk forward,0.06923481779343352,1.9187652208950088
16.96,0.10191956600535504,0.027658428904986786,0.11132336880465644,0,0.029113471666206373,0,0,0,0.13,0.11063371561994714,0.2665536685125144,walk forward,0.07192027931394042,1.8654289217340705
16.98,0.10191956600535504,0.027658428904986786,0.11132336880465644,0,0.029113471666206373,0,0,0,0.13,0.11063371561994714,0.2665536685125144,walk forward,0.06992508441742201,1.9421218528617132
17.0,0.10191956600535504,0.027658428904986786,0.11132336880465644,0,0.029113471666206373,0,0,0,0.13,0.11063371561994714,0.2665536685125144,walk forward,0.07120673956523385,2.1500509089470747
17.02,0.10169639831148418,0.027698804705949685,0.11088110481999039,0,0.02839465748960709,0,0,0,0.13,0.11079521882379874,0.2657218789143432,walk forward,0.0649503859214038,2.4110486483145546
17.04,0.10169639831148418,0.027698804705949685,0.11088110481999039,0,0.02839465748960709,0,0,0,0.13,0.11079521882379874,0.2657218789143432,walk forward,0.06520799335915121,2.582605087432946
17.06,0.10169639831148418,0.027698804705949685,0.11088110481999039,0,0.02839465748960709,0,0,0,0.13,0.11079521882379874,0.2657218789143432,walk forward,0.07757868796699467,2.457262779910662
17.08,0.10169639831148418,0.027698804705949685,0.11088110481999039,0,0.02839465748960709,0,0,0,0.13,0.11079521882379874,0.2657218789143432,walk forward,0.08859579010178703,2.065690409243728
17.1,0.10169639831148418,0.027698804705949685,0.11088110481999039,0,0.02839465748960709,0,0,0,0.13,0.11079521882379874,0.2657218789143432,walk forward,0.09124298678508963,1.414220875803891
17.12,0.10146794268496989,0.027726133893484634,0.11043950925713697,0,0.02769359089826333,0,0,0,0.13,0.11090453557393853,0.2648843149276336,walk forward,0.09512958539311553,0.6034381814540815
17.14,0.10146794268496989,0.027726133893484634,0.11043950925713697,0,0.02769359089826333,0,0,0,0.13,0.11090453557393853,0.2648843149276336,walk forward,0.0929491992945645,1.2081082791352002
17.16,0.10146794268496989,0.027726133893484634,0.11043950925713697,0,0.02769359089826333,0,0,0,0.13,0.11090453557393853,0.2648843149276336,walk forward,0.08880951446417688,2.1495151207629397
17.18,0.10146794268496989,0.027726133893484634,0.11043950925713697,0,0.02769359089826333,0,0,0,0.13,0.11090453557393853,0.2648843149276336,walk forward,0.08837687486480425,2.3755037643163766
17.2,0.10146794268496989,0.027726133893484634,0.11043950925713697,0,0.02769359089826333,0,0,0,0.13,0.11090453557393853,0.2648843149276336,walk forward,0.08222103024421076,2.5654347953193746
17.22,0.1012343821029908,0.027740975164109952,0.10999858398682635,0,0.02700983370273384,0,0,0,0.13,0.11096390065643981,0.26404120761227146,walk forward,0.08505003168611551,2.8355459677173593
17.24,0.1012343821029908,0.027740975164109952,0.10999858398682635,0,0.02700983370273384,0,0,0,0.13,0.11096390065643981,0.26404120761227146,walk forward,0.08234240596586943,3.1913741488849725
17.26,0.1012343821029908,0.027740975164109952,0.10999858398682635,0,0.02700983370273384,0,0,0,0.13,0.11096390065643981,0.26404120761227146,walk forward,0.07443462685688072,3.5041855250758496
17.28,0.1012343821029908,0.027740975164109952,0.10999858398682635,0,0.02700983370273384,0,0,0,0.13,0.11096390065643981,0.26404120761227146,walk forward,0.07000989824457331,3.6129063275927003
17.3,0.1012343821029908,0.027740975164109952,0.10999858398682635,0,0.02700983370273384,0,0,0,0.13,0.11096390065643981,0.26404120761227146,walk forward,0.07940277504175726,3.378868916423507
17.32,0.10099589395921504,0.027743866252338732,0.1095583315902906,0,0.026342958532513235,0,0,0,0.13,0.11097546500935493,0.26319278193688206,walk forward,0.086978178001458,2.75775973525626
17.34,0.10099589395921504,0.027743866252338732,0.1095583315902906,0,0.026342958532513235,0,0,0,0.13,0.11097546500935493,0.26319278193688206,walk forward,0.09628704806986811,1.7697419949126767
17.36,0.10099589395921504,0.027743866252338732,0.1095583315902906,0,0.026342958532513235,0,0,0,0.13,0.11097546500935493,0.26319278193688206,walk forward,0.10269416900425364,0.4337036832858498
17.38,0.10099589395921504,0.027743866252338732,0.1095583315902906,0,0.026342958532513235,0,0,0,0.13,0.11097546500935493,0.26319278193688206,walk forward,0.10693795843472076,1.2429579747464174
17.4,0.10099589395921504,0.027743866252338732,0.1095583315902906,0,0.026342958532513235,0,0,0,0.13,0.11097546500935493,0.26319278193688206,walk forward,0.1007780064896441,2.272342266146649
17.42,0.10075265027394842,0.027735324794631293,0.10911875531436363,0,0.025692548568911497,0,0,0,0.13,0.11094129917852517,0.26233925698539007,walk forward,0.07127755262077425,2.3582189730991208
17.44,0.10075265027394842,0.027735324794631293,0.10911875531436363,0,0.025692548568911497,0,0,0,0.13,0.11094129917852517,0.26233925698539007,walk forward,0.05130388246439827,2.2226802119055833
17.46,0.10075265027394842,0.027735324794631293,0.10911875531436363,0,0.025692548568911497,0,0,0,0.13,0.11094129917852517,0.26233925698539007,walk forward,0.051167486684865066,2.017359791541868
17.48,0.10075265027394842,0.027735324794631293,0.10911875531436363,0,0.025692548568911497,0,0,0,0.13,0.11094129917852517,0.26233925698539007,walk forward,0.05790305116818958,1.837892219183103
17.5,0.10075265027394842,0.027735324794631293,0.10911875531436363,0,0.025692548568911497,0,0,0,0.13,0.11094129917852517,0.26233925698539007,walk forward,0.05033181850016746,1.7166959536132895
17.52,0.10050481789438397,0.02771584915133153,0.1086798590286716,0,0.025058197284528735,0,0,0,0.13,0.11086339660532613,0.26148084615381945,walk forward,0.047788456706288174,1.7625039360141517
17.54,0.10050481789438397,0.02771584915133153,0.1086798590286716,0,0.025058197284528735,0,0,0,0.13,0.11086339660532613,0.26148084615381945,walk forward,0.05027165052182976,1.8887262486189929
17.56,0.10050481789438397,0.02771584915133153,0.1086798590286716,0,0.025058197284528735,0,0,0,0.13,0.11086339660532613,0.26148084615381945,walk forward,0.05444115149273553,1.9432094955767396
17.58,0.10050481789438397,0.02771584915133153,0.1086798590286716,0,0.025058197284528735,0,0,0,0.13,0.11086339660532613,0.26148084615381945,walk forward,0.07263511085487297,1.6966264537027345
17.6,0.10050481789438397,0.02771584915133153,0.1086798590286716,0,0.025058197284528735,0,0,0,0.13,0.11086339660532613,0.26148084615381945,walk forward,0.08536287113066425,1.2119913125799628
17.62,0.10025255868549145,0.027685919188946907,0.10824164718481324,0,0.024439508189162323,0,0,0,0.13,0.11074367675578763,0.2606177573378809,walk forward,0.09087140025882214,0.646816489507856
17.64,0.10025255868549145,0.027685919188946907,0.10824164718481324,0,0.024439508189162323,0,0,0,0.13,0.11074367675578763,0.2606177573378809,walk forward,0.08945222269401014,1.0486577714876062
17.66,0.10025255868549145,0.027685919188946907,0.10824164718481324,0,0.024439508189162323,0,0,0,0.13,0.11074367675578763,0.2606177573378809,walk forward,0.07809705236010178,2.240653934066272
17.68,0.10025255868549145,0.027685919188946907,0.10824164718481324,0,0.024439508189162323,0,0,0,0.13,0.11074367675578763,0.2606177573378809,walk forward,0.07988464162189643,2.6134058905738518
17.7,0.10025255868549145,0.027685919188946907,0.10824164718481324,0,0.024439508189162323,0,0,0,0.13,0.11074367675578763,0.2606177573378809,walk forward,0.0743828342900472,2.7189086012441077
17.72,0.09999602971205315,0.027645997024985127,0.10780412477743528,0,0.02383609458198762,0,0,0,0.13,0.11058398809994051,0.25975019311186054,walk forward,0.07957190374361665,2.8342059139766396
17.74,0.09999602971205315,0.027645997024985127,0.10780412477743528,0,0.02383609458198762,0,0,0,0.13,0.11058398809994051,0.25975019311186054,walk forward,0.07645558782103432,2.95312721930141
17.76,0.09999602971205315,0.027645997024985127,0.10780412477743528,0,0.02383609458198762,0,0,0,0.13,0.11058398809994051,0.25975019311186054,walk forward,0.07220803839309926,3.160045077403004
17.78,0.09999602971205315,0.027645997024985127,0.10780412477743528,0,0.02383609458198762,0,0,0,0.13,0.11058398809994051,0.25975019311186054,walk forward,0.06649652062625135,3.463633896763235
17.8,0.09999602971205315,0.027645997024985127,0.10780412477743528,0,0.02383609458198762,0,0,0,0.13,0.11058398809994051,0.25975019311186054,walk forward,0.057560452684403574,3.6273910172929957
17.82,0.09973538341232238,0.027596527737423906,0.10736729730711318,0,0.023247579309857363,0,0,0,0.13,0.11038611094969562,0.25887835089929445,walk forward,0.0630494246928554,3.4777563252821353
17.84,0.09973538341232238,0.027596527737423906,0.10736729730711318,0,0.023247579309857363,0,0,0,0.13,0.11038611094969562,0.25887835089929445,walk forward,0.07393346892470191,2.954794013265387
17.86,0.09973538341232238,0.027596527737423906,0.10736729730711318,0,0.023247579309857363,0,0,0,0.13,0.11038611094969562,0.25887835089929445,walk forward,0.08757232832013448,2.0791896838589143
17.88,0.09973538341232238,0.027596527737423906,0.10736729730711318,0,0.023247579309857363,0,0,0,0.13,0.11038611094969562,0.25887835089929445,walk forward,0.09474267734603674,0.8615499333350982
17.9,0.09973538341232238,0.027596527737423906,0.10736729730711318,0,0.023247579309857363,0,0,0,0.13,0.11038611094969562,0.25887835089929445,walk forward,0.09779610397065741,0.7816567477405879
17.92,0.09947076776375272,0.027537940040762498,0.10693117074495279,0,0.02267359453156867,0,0,0,0.13,0.11015176016304999,0.2580024231358819,walk forward,0.0967948987013467,2.2292476954591915
17.94,0.09947076776375272,0.027537940040762498,0.10693117074495279,0,0.02267359453156867,0,0,0,0.13,0.11015176016304999,0.2580024231358819,walk forward,0.07238782901393975,2.4517788486152963
17.96,0.09947076776375272,0.027537940040762498,0.10693117074495279,0,0.02267359453156867,0,0,0,0.13,0.11015176016304999,0.2580024231358819,walk forward,0.061090400871980206,2.356226808577391
17.98,0.09947076776375272,0.027537940040762498,0.10693117074495279,0,0.02267359453156867,0,0,0,0.13,0.11015176016304999,0.2580024231358819,walk forward,0.06168155854790424,2.173996225532378
18.0,0.09947076776375272,0.027537940040762498,0.10693117074495279,0,0.02267359453156867,0,0,0,0.13,0.11015176016304999,0.2580024231358819,walk forward,0.07052945589696599,2.0718408858100106
18.02,0.09920232644122032,0.027470646930484552,0.10649575149883266,0,0.02211378148795032,0,0,0,0.13,0.10988258772193821,0.2571225974250662,walk forward,0.07388895168434133,2.0489897107605817
18.04,0.09920232644122032,0.027470646930484552,0.10649575149883266,0,0.02211378148795032,0,0,0,0.13,0.10988258772193821,0.2571225974250662,walk forward,0.07298996742219288,2.125411482644126
18.06,0.09920232644122032,0.027470646930484552,0.10649575149883266,0,0.02211378148795032,0,0,0,0.13,0.10988258772193821,0.2571225974250662,walk forward,0.07145657076013318,2.289425439601467
18.08,0.09920232644122032,0.027470646930484552,0.10649575149883266,0,0.02211378148795032,0,0,0,0.13,0.10988258772193821,0.2571225974250662,walk forward,0.07286488280945418,2.4411836955794577
18.1,0.09920232644122032,0.027470646930484552,0.10649575149883266,0,0.02211378148795032,0,0,0,0.13,0.10988258772193821,0.2571225974250662,walk forward,0.08699132409066737,2.3552952398712352
18.12,0.09893019896813618,0.02739504629765059,0.10606104638121144,0,0.0215677902776266,0,0,0,0.13,0.10958018519060236,0.2562390566866845,walk forward,0.09733027318392636,2.02679780221024
18.14,0.09893019896813618,0.02739504629765059,0.10606104638121144,0,0.0215677902776266,0,0,0,0.13,0.10958018519060236,0.2562390566866845,walk forward,0.10057197388897998,1.4730371312313273
18.16,0.09893019896813618,0.02739504629765059,0.10606104638121144,0,0.0215677902776266,0,0,0,0.13,0.10958018519060236,0.2562390566866845,walk forward,0.10035854424707269,0.8704119434471377
18.18,0.09893019896813618,0.02739504629765059,0.10606104638121144,0,0.0215677902776266,0,0,0,0.13,0.10958018519060236,0.2562390566866845,walk forward,0.08683496841448231,1.308320963661472
18.2,0.09893019896813618,0.02739504629765059,0.10606104638121144,0,0.0215677902776266,0,0,0,0.13,0.10958018519060236,0.2562390566866845,walk forward,0.08939983273081971,2.3209068318989043
18.22,0.09865452086082283,0.02731152151523441,0.10562706257842866,0,0.021035279638317524,0,0,0,0.13,0.10924608606093764,0.25535197929906434,walk forward,0.08147559352361676,2.5889954357679197
18.24,0.09865452086082283,0.02731152151523441,0.10562706257842866,0,0.021035279638317524,0,0,0,0.13,0.10924608606093764,0.25535197929906434,walk forward,0.08065683301215892,2.7627065850696946
18.26,0.09865452086082283,0.02731152151523441,0.10562706257842866,0,0.021035279638317524,0,0,0,0.13,0.10924608606093764,0.25535197929906434,walk forward,0.08694500776404086,2.9184776505539274
18.28,0.09865452086082283,0.02731152151523441,0.10562706257842866,0,0.021035279638317524,0,0,0,0.13,0.10924608606093764,0.25535197929906434,walk forward,0.089214085704177,3.134934477219666
18.3,0.09865452086082283,0.02731152151523441,0.10562706257842866,0,0.021035279638317524,0,0,0,0.13,0.10924608606093764,0.25535197929906434,walk forward,0.08032855691286513,3.4479675625201924
18.32,0.09837542376650779,0.027220441997720557,0.10519380762143091,0,0.02051591673353884,0,0,0,0.13,0.10888176799088223,0.2544615392349234,walk forward,0.0794570462110126,3.709938589085962
18.34,0.09837542376650779,0.027220441997720557,0.10519380762143091,0,0.02051591673353884,0,0,0,0.13,0.10888176799088223,0.2544615392349234,walk forward,0.07785288026368449,3.6848250564165106
18.36,0.09837542376650779,0.027220441997720557,0.10519380762143091,0,0.02051591673353884,0,0,0,0.13,0.10888176799088223,0.2544615392349234,walk forward,0.08420759596915572,3.259317325173215
18.38,0.09837542376650779,0.027220441997720557,0.10519380762143091,0,0.02051591673353884,0,0,0,0.13,0.10888176799088223,0.2544615392349234,walk forward,0.09087332060894288,2.4255871749487357
18.4,0.09837542376650779,0.027220441997720557,0.10519380762143091,0,0.02051591673353884,0,0,0,0.13,0.10888176799088223,0.2544615392349234,walk forward,0.0978553422973681,1.2106763380868564
18.42,0.09809303559526622,0.027122163735389195,0.10476128935785939,0,0.020009376944568363,0,0,0,0.13,0.10848865494155678,0.253567906191407,walk forward,0.09799518587407716,0.3742957892755633
18.44,0.09809303559526622,0.027122163735389195,0.10476128935785939,0,0.020009376944568363,0,0,0,0.13,0.10848865494155678,0.253567906191407,walk forward,0.0953848617028865,1.8758756750354828
18.46,0.09809303559526622,0.027122163735389195,0.10476128935785939,0,0.020009376944568363,0,0,0,0.13,0.10848865494155678,0.253567906191407,walk forward,0.07523315459903927,2.208195958422863
18.48,0.09809303559526622,0.027122163735389195,0.10476128935785939,0,0.020009376944568363,0,0,0,0.13,0.10848865494155678,0.253567906191407,walk forward,0.06367828408319061,2.2897817508972302
18.5,0.09809303559526622,0.027122163735389195,0.10476128935785939,0,0.020009376944568363,0,0,0,0.13,0.10848865494155678,0.253567906191407,walk forward,0.06740553366190252,2.2741732835459914
18.52,0.09780748064622578,0.0270170298046297,0.10432951592543763,0,0.01951534366754872,0,0,0,0.13,0.1080681192185188,0.2526712457145792,walk forward,0.07212287451433279,2.2022617986793267
18.54,0.09780748064622578,0.0270170298046297,0.10432951592543763,0,0.01951534366754872,0,0,0,0.13,0.1080681192185188,0.2526712457145792,walk forward,0.07079748911117914,2.1867348903609076
18.56,0.09780748064622578,0.0270170298046297,0.10432951592543763,0,0.01951534366754872,0,0,0,0.13,0.1080681192185188,0.2526712457145792,walk forward,0.06616512644101884,2.2960308304027377
18.58,0.09780748064622578,0.0270170298046297,0.10432951592543763,0,0.01951534366754872,0,0,0,0.13,0.1080681192185188,0.2526712457145792,walk forward,0.0612872739372829,2.5015620576803097
18.6,0.09780748064622578,0.0270170298046297,0.10432951592543763,0,0.01951534366754872,0,0,0,0.13,0.1080681192185188,0.2526712457145792,walk forward,0.06603896423427631,2.674927485324063
18.62,0.0975188797283292,0.026905370855544865,0.1038984957266016,0,0.019033508115599618,0,0,0,0.13,0.10762148342217946,0.25177171931866354,walk forward,0.07209268250392385,2.6222031545559217
18.64,0.0975188797283292,0.026905370855544865,0.1038984957266016,0,0.019033508115599618,0,0,0,0.13,0.10762148342217946,0.25177171931866354,walk forward,0.0856159586341444,2.2741883672219227
18.66,0.0975188797283292,0.026905370855544865,0.1038984957266016,0,0.019033508115599618,0,0,0,0.13,0.10762148342217946,0.25177171931866354,walk forward,0.09324096968691375,1.7136129580302653
18.68,0.0975188797283292,0.026905370855544865,0.1038984957266016,0,0.019033508115599618,0,0,0,0.13,0.10762148342217946,0.25177171931866354,walk forward,0.09443382033529174,0.9598489243504602
18.7,0.0975188797283292,0.026905370855544865,0.1038984957266016,0,0.019033508115599618,0,0,0,0.13,0.10762148342217946,0.25177171931866354,walk forward,0.09181928395919857,0.7074974264653379
18.72,0.09722735027593296,0.026787505578033183,0.10346823740431757,0,0.01856356912581602,0,0,0,0.13,0.10715002231213273,0.25086948460031316,walk forward,0.08721789737043006,1.8292270532810182
18.74,0.09722735027593296,0.026787505578033183,0.10346823740431757,0,0.01856356912581602,0,0,0,0.13,0.10715002231213273,0.25086948460031316,walk forward,0.09625956305794371,2.240408323451474
18.76,0.09722735027593296,0.026787505578033183,0.10346823740431757,0,0.01856356912581602,0,0,0,0.13,0.10715002231213273,0.25086948460031316,walk forward,0.10236228834586744,2.470535787825329
18.78,0.09722735027593296,0.026787505578033183,0.10346823740431757,0,0.01856356912581602,0,0,0,0.13,0.10715002231213273,0.25086948460031316,walk forward,0.10462282824548827,2.741859089381557
18.8,0.09722735027593296,0.026787505578033183,0.10346823740431757,0,0.01856356912581602,0,0,0,0.13,0.10715002231213273,0.25086948460031316,walk forward,0.09597413737427597,3.0592699154108143
18.82,0.09693300645950503,0.026663741147467064,0.10303874981903524,0,0.018105232971031494,0,0,0,0.13,0.10665496458986826,0.24996469534817534,walk forward,0.08509569557364573,3.4420916252445806
18.84,0.09693300645950503,0.026663741147467064,0.10303874981903524,0,0.018105232971031494,0,0,0,0.13,0.10665496458986826,0.24996469534817534,walk forward,0.07202247619666695,3.7869095553185117
18.86,0.09693300645950503,0.026663741147467064,0.10303874981903524,0,0.018105232971031494,0,0,0,0.13,0.10665496458986826,0.24996469534817534,walk forward,0.07478099494470214,3.916659411082753
18.88,0.09693300645950503,0.026663741147467064,0.10303874981903524,0,0.018105232971031494,0,0,0,0.13,0.10665496458986826,0.24996469534817534,walk forward,0.08278285507720726,3.70058811661008
18.9,0.09693300645950503,0.026663741147467064,0.10303874981903524,0,0.018105232971031494,0,0,0,0.13,0.10665496458986826,0.24996469534817534,walk forward,0.09600290083797985,3.14605632473256
18.92,0.09663595929166971,0.026534373651019592,0.10261004202672702,0,0.017658213176229193,0,0,0,0.13,0.10613749460407837,0.24905750164799592,walk forward,0.10047946820447645,2.2309594896182707
18.94,0.09663595929166971,0.026534373651019592,0.10261004202672702,0,0.017658213176229193,0,0,0,0.13,0.10613749460407837,0.24905750164799592,walk forward,0.10322739427269269,0.9735646223188351
18.96,0.09663595929166971,0.026534373651019592,0.10261004202672702,0,0.017658213176229193,0,0,0,0.13,0.10613749460407837,0.24905750164799592,walk forward,0.11067444714461915,0.5863088124724498
18.98,0.09663595929166971,0.026534373651019592,0.10261004202672702,0,0.017658213176229193,0,0,0,0.13,0.10613749460407837,0.24905750164799592,walk forward,0.10573016768584223,1.7970126665670227
19.0,0.09663595929166971,0.026534373651019592,0.10261004202672702,0,0.017658213176229193,0,0,0,0.13,0.10613749460407837,0.24905750164799592,walk forward,0.0798315058085247,1.9686031709076544
19.02,0.0963363167288335,0.02639968849563138,0.10218212325796606,0,0.01722223033948564,0,0,0,0.13,0.10559875398252552,0.24814804998349949,walk forward,0.06406259127023688,1.930591972765061
19.04,0.0963363167288335,0.02639968849563138,0.10218212325796606,0,0.01722223033948564,0,0,0,0.13,0.10559875398252552,0.24814804998349949,walk forward,0.06931432232231695,1.8569441894933345
19.06,0.0963363167288335,0.02639968849563138,0.10218212325796606,0,0.01722223033948564,0,0,0,0.13,0.10559875398252552,0.24814804998349949,walk forward,0.07106679626088946,1.925653727655459
19.08,0.0963363167288335,0.02639968849563138,0.10218212325796606,0,0.01722223033948564,0,0,0,0.13,0.10559875398252552,0.24814804998349949,walk forward,0.07350813938186675,2.104126069394277
19.1,0.0963363167288335,0.02639968849563138,0.10218212325796606,0,0.01722223033948564,0,0,0,0.13,0.10559875398252552,0.24814804998349949,walk forward,0.06516545920463664,2.329087602484772
19.12,0.09603418376861342,0.026259960798551783,0.10175500289799866,0,0.01679701195733542,0,0,0,0.13,0.10503984319420713,0.2472364833332651,walk forward,0.07221035947325197,2.53684452471985
19.14,0.09603418376861342,0.026259960798551783,0.10175500289799866,0,0.01679701195733542,0,0,0,0.13,0.10503984319420713,0.2472364833332651,walk forward,0.08117019836586774,2.558132540384826
19.16,0.09603418376861342,0.026259960798551783,0.10175500289799866,0,0.01679701195733542,0,0,0,0.13,0.10503984319420713,0.2472364833332651,walk forward,0.09451067147818053,2.3599508090116896
19.18,0.09603418376861342,0.026259960798551783,0.10175500289799866,0,0.01679701195733542,0,0,0,0.13,0.10503984319420713,0.2472364833332651,walk forward,0.10392502452834101,1.8893482398811798
19.2,0.09603418376861342,0.026259960798551783,0.10175500289799866,0,0.01679701195733542,0,0,0,0.13,0.10503984319420713,0.2472364833332651,walk forward,0.10716217869940685,1.1196913775506865
19.22,0.0957296625432763,0.02611545576133509,0.10132869046776803,0,0.01638229225444766,0,0,0,0.13,0.10446182304534037,0.24632294126380544,walk forward,0.09902131667556346,0.5231457427946561
19.24,0.0957296625432763,0.02611545576133509,0.10132869046776803,0,0.01638229225444766,0,0,0,0.13,0.10446182304534037,0.24632294126380544,walk forward,0.09728374142887865,1.6770804288985148
19.26,0.0957296625432763,0.02611545576133509,0.10132869046776803,0,0.01638229225444766,0,0,0,0.13,0.10446182304534037,0.24632294126380544,walk forward,0.10636203075626217,2.3598375676300996
19.28,0.0957296625432763,0.02611545576133509,0.10132869046776803,0,0.01638229225444766,0,0,0,0.13,0.10446182304534037,0.24632294126380544,walk forward,0.09478753956747482,2.4532510045786178
19.3,0.0957296625432763,0.02611545576133509,0.10132869046776803,0,0.01638229225444766,0,0,0,0.13,0.10446182304534037,0.24632294126380544,walk forward,0.08600766745149523,2.67984834067945
19.32,0.09542285240938658,0.02596642902812202,0.10090319560584939,0,0.01597781201750778,0,0,0,0.13,0.10386571611248809,0.24540756001904496,walk forward,0.07839577642355862,2.978729907671983
19.34,0.09542285240938658,0.02596642902812202,0.10090319560584939,0,0.01597781201750778,0,0,0,0.13,0.10386571611248809,0.24540756001904496,walk forward,0.07232944630500038,3.267197232411463
19.36,0.09542285240938658,0.02596642902812202,0.10090319560584939,0,0.01597781201750778,0,0,0,0.13,0.10386571611248809,0.24540756001904496,walk forward,0.06363704617938708,3.541000241279842
19.38,0.09542285240938658,0.02596642902812202,0.10090319560584939,0,0.01597781201750778,0,0,0,0.13,0.10386571611248809,0.24540756001904496,walk forward,0.0690056185832036,3.6167974101557085
19.4,0.09542285240938658,0.02596642902812202,0.10090319560584939,0,0.01597781201750778,0,0,0,0.13,0.10386571611248809,0.24540756001904496,walk forward,0.07842976605661718,3.3480771026315654
19.42,0.09511385003384873,0.025813127028989566,0.10047852805125729,0,0.01558331843320075,0,0,0,0.13,0.10325250811595826,0.24449047260638251,walk forward,0.08920202303304811,2.7101314779641315
19.44,0.09511385003384873,0.025813127028989566,0.10047852805125729,0,0.01558331843320075,0,0,0,0.13,0.10325250811595826,0.24449047260638251,walk forward,0.09899707431521718,1.729482850005691
19.46,0.09511385003384873,0.025813127028989566,0.10047852805125729,0,0.01558331843320075,0,0,0,0.13,0.10325250811595826,0.24449047260638251,walk forward,0.10352734654778613,0.5484043368088308
19.48,0.09511385003384873,0.025813127028989566,0.10047852805125729,0,0.01558331843320075,0,0,0,0.13,0.10325250811595826,0.24449047260638251,walk forward,0.11710165317146484,1.3436408888492697
19.5,0.09511385003384873,0.025813127028989566,0.10047852805125729,0,0.01558331843320075,0,0,0,0.13,0.10325250811595826,0.24449047260638251,walk forward,0.11056065991739701,2.230834454750425
19.52,0.09480274947652073,0.02565578730910805,0.10005469762708873,0,0.015198564930194518,0,0,0,0.13,0.1026231492364322,0.24357180887951185,walk forward,0.07827880057300354,2.2670529991439903
19.54,0.09480274947652073,0.02565578730910805,0.10005469762708873,0,0.015198564930194518,0,0,0,0.13,0.1026231492364322,0.24357180887951185,walk forward,0.06835936821054842,2.1665869124612183
19.56,0.09480274947652073,0.02565578730910805,0.10005469762708873,0,0.015198564930194518,0,0,0,0.13,0.1026231492364322,0.24357180887951185,walk forward,0.06981552472078163,2.031788247787532
19.58,0.09480274947652073,0.02565578730910805,0.10005469762708873,0,0.015198564930194518,0,0,0,0.13,0.1026231492364322,0.24357180887951185,walk forward,0.07143836278248866,1.9182937212398927
19.6,0.09480274947652073,0.02565578730910805,0.10005469762708873,0,0.015198564930194518,0,0,0,0.13,0.1026231492364322,0.24357180887951185,walk forward,0.0722564395849883,1.8784672025845774
19.62,0.09448964226956527,0.02549463884440266,0.09963171422496674,0,0.014823311025024917,0,0,0,0.13,0.10197855537761064,0.242651695618165,walk forward,0.06212613127435521,1.9510935954131097
19.64,0.09448964226956527,0.02549463884440266,0.09963171422496674,0,0.014823311025024917,0,0,0,0.13,0.10197855537761064,0.242651695618165,walk forward,0.058491261286836876,2.0400786643646653
19.66,0.09448964226956527,0.02549463884440266,0.09963171422496674,0,0.014823311025024917,0,0,0,0.13,0.10197855537761064,0.242651695618165,walk forward,0.061533213418983476,2.0109285593451007
19.68,0.09448964226956527,0.02549463884440266,0.09963171422496674,0,0.014823311025024917,0,0,0,0.13,0.10197855537761064,0.242651695618165,walk forward,0.07592360894416691,1.7014295215201805
19.7,0.09448964226956527,0.02549463884440266,0.09963171422496674,0,0.014823311025024917,0,0,0,0.13,0.10197855537761064,0.242651695618165,walk forward,0.08593931897253908,1.1782955873766192
19.72,0.09417461749369593,0.025329902344377604,0.09920958779025116,0,0.014457322171785664,0,0,0,0.13,0.10131960937751042,0.24173025660493386,walk forward,0.096633446163701,0.5263350615844993
19.74,0.09417461749369593,0.025329902344377604,0.09920958779025116,0,0.014457322171785664,0,0,0,0.13,0.10131960937751042,0.24173025660493386,walk forward,0.09632437794870125,0.8675621236428647
19.76,0.09417461749369593,0.025329902344377604,0.09920958779025116,0,0.014457322171785664,0,0,0,0.13,0.10131960937751042,0.24173025660493386,walk forward,0.09373276346290166,2.05417774432193
19.78,0.09417461749369593,0.025329902344377604,0.09920958779025116,0,0.014457322171785664,0,0,0,0.13,0.10131960937751042,0.24173025660493386,walk forward,0.10007776910357008,2.339900210379295
19.8,0.09417461749369593,0.025329902344377604,0.09920958779025116,0,0.014457322171785664,0,0,0,0.13,0.10131960937751042,0.24173025660493386,walk forward,0.10688996521280711,2.3657997261951444
19.82,0.09385776185146766,0.025161790542724653,0.09878832830798454,0,0.014100369615529539,0,0,0,0.13,0.10064716217089861,0.24080761269931525,walk forward,0.10391083922425123,2.40092913269605
19.84,0.09385776185146766,0.025161790542724653,0.09878832830798454,0,0.014100369615529539,0,0,0,0.13,0.10064716217089861,0.24080761269931525,walk forward,0.09065676237705646,2.504306871249635
19.86,0.09385776185146766,0.025161790542724653,0.09878832830798454,0,0.014100369615529539,0,0,0,0.13,0.10064716217089861,0.24080761269931525,walk forward,0.08145933291304074,2.76242191019059
19.88,0.09385776185146766,0.025161790542724653,0.09878832830798454,0,0.014100369615529539,0,0,0,0.13,0.10064716217089861,0.24080761269931525,walk forward,0.06506289395543856,3.04839372642667
19.9,0.09385776185146766,0.025161790542724653,0.09878832830798454,0,0.014100369615529539,0,0,0,0.13,0.10064716217089861,0.24080761269931525,walk forward,0.06710673389069062,3.180396496269062
19.92,0.09353915973775231,0.024990508476303075,0.09836794578954274,0,0.013752230249289088,0,0,0,0.13,0.0999620339052123,0.23988388190911883,walk forward,0.0716246410459239,2.99479113402044
19.94,0.09353915973775231,0.024990508476303075,0.09836794578954274,0,0.013752230249289088,0,0,0,0.13,0.0999620339052123,0.23988388190911883,walk forward,0.08482848758980478,2.416593834056165
19.96,0.09353915973775231,0.024990508476303075,0.09836794578954274,0,0.013752230249289088,0,0,0,0.13,0.0999620339052123,0.23988388190911883,walk forward,0.09353759876986018,1.5020667870911233
19.98,0.09353915973775231,0.024990508476303075,0.09836794578954274,0,0.013752230249289088,0,0,0,0.13,0.0999620339052123,0.23988388190911883,walk forward,0.0962611310486047,0.31745208424582866
20.0,0.09353915973775231,0.024990508476303075,0.09836794578954274,0,0.013752230249289088,0,0,0,0.13,0.0999620339052123,0.23988388190911883,walk forward,0.09924872961891855,1.2805652905071467
20.02,0.09321889330753297,0.024816253753045928,0.09794845025996096,0,0.013412686474627516,0,0,0,0.13,0.09926501501218371,0.2389591794593674,walk forward,0.09666270162459377,2.1852076324362386
20.04,0.09321889330753297,0.024816253753045928,0.09794845025996096,0,0.013412686474627516,0,0,0,0.13,0.09926501501218371,0.2389591794593674,walk forward,0.07084858648633298,2.241553882499581
20.06,0.09321889330753297,0.024816253753045928,0.09794845025996096,0,0.013412686474627516,0,0,0,0.13,0.09926501501218371,0.2389591794593674,walk forward,0.06178341643608482,2.179657075846954
20.08,0.09321889330753297,0.024816253753045928,0.09794845025996096,0,0.013412686474627516,0,0,0,0.13,0.09926501501218371,0.2389591794593674,walk forward,0.0702146754741847,2.1077383444887983
20.1,0.09321889330753297,0.024816253753045928,0.09794845025996096,0,0.013412686474627516,0,0,0,0.13,0.09926501501218371,0.2389591794593674,walk forward,0.06956988769693599,2.107072132087648
20.12,0.09289704254114314,0.02463921680931713,0.09752985174590764,0,0.01308152606563257,0,0,0,0.13,0.09855686723726852,0.2380336178588135,walk forward,0.06940219323924479,2.2363448774095973
20.14,0.09289704254114314,0.02463921680931713,0.09752985174590764,0,0.01308152606563257,0,0,0,0.13,0.09855686723726852,0.2380336178588135,walk forward,0.059845054817997,2.455159508761642
20.16,0.09289704254114314,0.02463921680931713,0.09752985174590764,0,0.01308152606563257,0,0,0,0.13,0.09855686723726852,0.2380336178588135,walk forward,0.0623018991059588,2.7078461054967398
20.18,0.09289704254114314,0.02463921680931713,0.09752985174590764,0,0.01308152606563257,0,0,0,0.13,0.09855686723726852,0.2380336178588135,walk forward,0.07162438435658021,2.8202104476701395
20.2,0.09289704254114314,0.02463921680931713,0.09752985174590764,0,0.01308152606563257,0,0,0,0.13,0.09855686723726852,0.2380336178588135,walk forward,0.08169876637390261,2.6685591618421896
20.22,0.0925736853070705,0.024459581157215145,0.09711216026427925,0,0.012758542036268443,0,0,0,0.13,0.09783832462886058,0.2371073069641872,walk forward,0.09133175150388749,2.3041578016767046
20.24,0.0925736853070705,0.024459581157215145,0.09711216026427925,0,0.012758542036268443,0,0,0,0.13,0.09783832462886058,0.2371073069641872,walk forward,0.10052238758818463,1.681914778087061
20.26,0.0925736853070705,0.024459581157215145,0.09711216026427925,0,0.012758542036268443,0,0,0,0.13,0.09783832462886058,0.2371073069641872,walk forward,0.10135338957706036,0.9124167471589645
20.28,0.0925736853070705,0.024459581157215145,0.09711216026427925,0,0.012758542036268443,0,0,0,0.13,0.09783832462886058,0.2371073069641872,walk forward,0.09943148894827049,1.129680239086624
20.3,0.0925736853070705,0.024459581157215145,0.09711216026427925,0,0.012758542036268443,0,0,0,0.13,0.09783832462886058,0.2371073069641872,walk forward,0.09395472582981204,2.027560476618286
20.32,0.09224889742243841,0.024277523622292352,0.09669538581139081,0,0.012443532511002758,0,0,0,0.13,0.09711009448916941,0.23618035404228654,walk forward,0.1043669099017217,2.2352821368055604
20.34,0.09224889742243841,0.024277523622292352,0.09669538581139081,0,0.012443532511002758,0,0,0,0.13,0.09711009448916941,0.23618035404228654,walk forward,0.11633096118787921,2.515109419328918
20.36,0.09224889742243841,0.024277523622292352,0.09669538581139081,0,0.012443532511002758,0,0,0,0.13,0.09711009448916941,0.23618035404228654,walk forward,0.10951576431731665,2.8776404379120946
20.38,0.09224889742243841,0.024277523622292352,0.09669538581139081,0,0.012443532511002758,0,0,0,0.13,0.09711009448916941,0.23618035404228654,walk forward,0.08421188607627764,3.2346939207566576
20.4,0.09224889742243841,0.024277523622292352,0.09669538581139081,0,0.012443532511002758,0,0,0,0.13,0.09711009448916941,0.23618035404228654,walk forward,0.07088519665772014,3.6122104776325026
20.42,0.09192275271127276,0.02409321457213379,0.09627953835273761,0,0.012136300598627796,0,0,0,0.13,0.09637285828853516,0.23525286383001298,walk forward,0.07013437581620097,3.932126300249184
20.44,0.09192275271127276,0.02409321457213379,0.09627953835273761,0,0.012136300598627796,0,0,0,0.13,0.09637285828853516,0.23525286383001298,walk forward,0.07186330509878532,4.0209573312047855
20.46,0.09192275271127276,0.02409321457213379,0.09627953835273761,0,0.012136300598627796,0,0,0,0.13,0.09637285828853516,0.23525286383001298,walk forward,0.09007332290669592,3.760292796087411
20.48,0.09192275271127276,0.02409321457213379,0.09627953835273761,0,0.012136300598627796,0,0,0,0.13,0.09637285828853516,0.23525286383001298,walk forward,0.10167823436485439,3.1065716623348187
20.5,0.09192275271127276,0.02409321457213379,0.09627953835273761,0,0.012136300598627796,0,0,0,0.13,0.09637285828853516,0.23525286383001298,walk forward,0.11072279959199512,2.0674138465999388
20.52,0.09159532306065535,0.023906818136215237,0.09586462781330482,0,0.011836654269197076,0,0,0,0.13,0.09562727254486095,0.2343249385924502,walk forward,0.11499203906392136,0.735678356526448
20.54,0.09159532306065535,0.023906818136215237,0.09586462781330482,0,0.011836654269197076,0,0,0,0.13,0.09562727254486095,0.2343249385924502,walk forward,0.11978936039914141,1.2397853418833302
20.56,0.09159532306065535,0.023906818136215237,0.09586462781330482,0,0.011836654269197076,0,0,0,0.13,0.09562727254486095,0.2343249385924502,walk forward,0.09314797823944616,1.9539394230115796
20.58,0.09159532306065535,0.023906818136215237,0.09586462781330482,0,0.011836654269197076,0,0,0,0.13,0.09562727254486095,0.2343249385924502,walk forward,0.07374671660318403,2.021884693783188
20.6,0.09159532306065535,0.023906818136215237,0.09586462781330482,0,0.011836654269197076,0,0,0,0.13,0.09562727254486095,0.2343249385924502,walk forward,0.07632967625253075,2.01228549132759
20.62,0.09126667847486061,0.023718492417438182,0.0954506640684027,0,0.011544406234000389,0,0,0,0.13,0.09487396966975273,0.23339667817907916,walk forward,0.07850454720454911,2.0893761167139004
20.64,0.09126667847486061,0.023718492417438182,0.0954506640684027,0,0.011544406234000389,0,0,0,0.13,0.09487396966975273,0.23339667817907916,walk forward,0.07933785744621417,2.303341583285588
20.66,0.09126667847486061,0.023718492417438182,0.0954506640684027,0,0.011544406234000389,0,0,0,0.13,0.09487396966975273,0.23339667817907916,walk forward,0.07545754701042551,2.6129352878296315
20.68,0.09126667847486061,0.023718492417438182,0.0954506640684027,0,0.011544406234000389,0,0,0,0.13,0.09487396966975273,0.23339667817907916,walk forward,0.06937437068333513,2.942620032882694
20.7,0.09126667847486061,0.023718492417438182,0.0954506640684027,0,0.011544406234000389,0,0,0,0.13,0.09487396966975273,0.23339667817907916,walk forward,0.07326372743452622,3.188020439651298
20.72,0.09093688712756674,0.02352838969571821,0.09503765693500596,0,0.011259373828502254,0,0,0,0.13,0.09411355878287284,0.23246818007821585,walk forward,0.08516573494067332,3.1170859671310254
20.74,0.09093688712756674,0.02352838969571821,0.09503765693500596,0,0.011259373828502254,0,0,0,0.13,0.09411355878287284,0.23246818007821585,walk forward,0.0917237636940663,2.7693552604173854
20.76,0.09093688712756674,0.02352838969571821,0.09503765693500596,0,0.011259373828502254,0,0,0,0.13,0.09411355878287284,0.23246818007821585,walk forward,0.09977721619026335,2.211915070752199
20.78,0.09093688712756674,0.02352838969571821,0.09503765693500596,0,0.011259373828502254,0,0,0,0.13,0.09411355878287284,0.23246818007821585,walk forward,0.09550108235939074,1.4938713207532393
20.8,0.09093688712756674,0.02352838969571821,0.09503765693500596,0,0.011259373828502254,0,0,0,0.13,0.09411355878287284,0.23246818007821585,walk forward,0.09013234903089615,1.3439367929220172
20.82,0.09060601541222787,0.023336656623983407,0.09462561616357676,0,0.010981378898170644,0,0,0,0.13,0.09334662649593363,0.2315395394697558,walk forward,0.08950930001993565,2.2805270420244406
20.84,0.09060601541222787,0.023336656623983407,0.09462561616357676,0,0.010981378898170644,0,0,0,0.13,0.09334662649593363,0.2315395394697558,walk forward,0.0815987329712066,2.6635417010886195
20.86,0.09060601541222787,0.023336656623983407,0.09462561616357676,0,0.010981378898170644,0,0,0,0.13,0.09334662649593363,0.2315395394697558,walk forward,0.07739551755153676,2.833612979536766
20.88,0.09060601541222787,0.023336656623983407,0.09462561616357676,0,0.010981378898170644,0,0,0,0.13,0.09334662649593363,0.2315395394697558,walk forward,0.0888485775996679,2.9290279258587963
20.9,0.09060601541222787,0.023336656623983407,0.09462561616357676,0,0.010981378898170644,0,0,0,0.13,0.09334662649593363,0.2315395394697558,walk forward,0.0827643504782953,3.0967860207925084
20.92,0.09027412799068957,0.02314343441692082,0.0942145514303517,0,0.0107102476871246,0,0,0,0.13,0.09257373766768329,0.2306108492763016,walk forward,0.08117868828073285,3.3898571876745693
20.94,0.09027412799068957,0.02314343441692082,0.0942145514303517,0,0.0107102476871246,0,0,0,0.13,0.09257373766768329,0.2306108492763016,walk forward,0.06836948780739696,3.664462229153768
20.96,0.09027412799068957,0.02314343441692082,0.0942145514303517,0,0.0107102476871246,0,0,0,0.13,0.09257373766768329,0.2306108492763016,walk forward,0.07197476598454729,3.6406098426596176
20.98,0.09027412799068957,0.02314343441692082,0.0942145514303517,0,0.0107102476871246,0,0,0,0.13,0.09257373766768329,0.2306108492763016,walk forward,0.08707209016940544,3.2105365563439907
21.0,0.09027412799068957,0.02314343441692082,0.0942145514303517,0,0.0107102476871246,0,0,0,0.13,0.09257373766768329,0.2306108492763016,walk forward,0.09713109126282032,2.3600623432935675
21.02,0.08994128784012534,0.022948859032791254,0.09380447233007391,0,0.010445810729531145,0,0,0,0.13,0.09179543613116502,0.22968220021274907,walk forward,0.10351516622451923,1.1515413372444965
21.04,0.08994128784012534,0.022948859032791254,0.09380447233007391,0,0.010445810729531145,0,0,0,0.13,0.09179543613116502,0.22968220021274907,walk forward,0.11157305921946405,0.42168731596535114
21.06,0.08994128784012534,0.022948859032791254,0.09380447233007391,0,0.010445810729531145,0,0,0,0.13,0.09179543613116502,0.22968220021274907,walk forward,0.09879804522685168,1.999861277210534
21.08,0.08994128784012534,0.022948859032791254,0.09380447233007391,0,0.010445810729531145,0,0,0,0.13,0.09179543613116502,0.22968220021274907,walk forward,0.07237862205811774,2.3312385388131887
21.1,0.08994128784012534,0.022948859032791254,0.09380447233007391,0,0.010445810729531145,0,0,0,0.13,0.09179543613116502,0.22968220021274907,walk forward,0.0617182987091871,2.3521557805572226
21.12,0.08960755629836828,0.02275306134861621,0.09339538836915216,0,0.010187902743683634,0,0,0,0.13,0.09101224539446484,0.22875368083440054,walk forward,0.056822609974085905,2.227884543158882
21.14,0.08960755629836828,0.02275306134861621,0.09339538836915216,0,0.010187902743683634,0,0,0,0.13,0.09101224539446484,0.22875368083440054,walk forward,0.06791506104093868,2.1079057777524017
21.16,0.08960755629836828,0.02275306134861621,0.09339538836915216,0,0.010187902743683634,0,0,0,0.13,0.09101224539446484,0.22875368083440054,walk forward,0.07427190505356634,2.078501259763172
21.18,0.08960755629836828,0.02275306134861621,0.09339538836915216,0,0.010187902743683634,0,0,0,0.13,0.09101224539446484,0.22875368083440054,walk forward,0.07462383352203324,2.1608002324613387
21.2,0.08960755629836828,0.02275306134861621,0.09339538836915216,0,0.010187902743683634,0,0,0,0.13,0.09101224539446484,0.22875368083440054,walk forward,0.07267079060850223,2.3296663736207703
21.22,0.08927299310770781,0.0225561673290251,0.09298730895922952,0,0,0,0,0,0.13,0.0902246693161004,0.22782537758367166,walk forward,0.07169555265014822,2.47631999701279
21.24,0.08927299310770781,0.0225561673290251,0.09298730895922952,0,0,0,0,0,0.13,0.0902246693161004,0.22782537758367166,walk forward,0.07754175947459312,2.4140740704823025
21.26,0.08927299310770781,0.0225561673290251,0.09298730895922952,0,0,0,0,0,0.13,0.0902246693161004,0.22782537758367166,walk forward,0.09100441203564227,2.0909474916442496
21.28,0.08927299310770781,0.0225561673290251,0.09298730895922952,0,0,0,0,0,0.13,0.0902246693161004,0.22782537758367166,walk forward,0.0971845111741898,1.5272303939251815
21.3,0.08927299310770781,0.0225561673290251,0.09298730895922952,0,0,0,0,0,0.13,0.0902246693161004,0.22782537758367166,walk forward,0.09848578281917929,0.7908562460610892
21.32,0.08882774219705158,0.022183346675719987,0.09252353282097889,0,0,0,0,0,0.13,0.08873338670287995,0.2266890937725381,walk forward,0.09633514850089371,1.012600843755336
21.34,0.08882774219705158,0.022183346675719987,0.09252353282097889,0,0,0,0,0,0.13,0.08873338670287995,0.2266890937725381,walk forward,0.09142272893580532,2.151967662929741
21.36,0.08882774219705158,0.022183346675719987,0.09252353282097889,0,0,0,0,0,0.13,0.08873338670287995,0.2266890937725381,walk forward,0.0913469156472705,2.449743107659524
21.38,0.08882774219705158,0.022183346675719987,0.09252353282097889,0,0,0,0,0,0.13,0.08873338670287995,0.2266890937725381,walk forward,0.08400663882946445,2.6107714567508338
21.4,0.08882774219705158,0.022183346675719987,0.09252353282097889,0,0,0,0,0,0.13,0.08873338670287995,0.2266890937725381,walk forward,0.08460045439359709,2.7807205553909333
21.42,0.08838471198457674,0.02181668820579928,0.09206206977586771,0,0,0,0,0,0.13,0.08726675282319712,0.22555847720055558,walk forward,0.07965011419535853,3.0638238977853955
21.44,0.08838471198457674,0.02181668820579928,0.09206206977586771,0,0,0,0,0,0.13,0.08726675282319712,0.22555847720055558,walk forward,0.07244130981389799,3.4604273816977353
21.46,0.08838471198457674,0.02181668820579928,0.09206206977586771,0,0,0,0,0,0.13,0.08726675282319712,0.22555847720055558,walk forward,0.05949485798418129,3.7498696512473013
21.48,0.08838471198457674,0.02181668820579928,0.09206206977586771,0,0,0,0,0,0.13,0.08726675282319712,0.22555847720055558,walk forward,0.05884810584730684,3.768976663410162
21.5,0.08838471198457674,0.02181668820579928,0.09206206977586771,0,0,0,0,0,0.13,0.08726675282319712,0.22555847720055558,walk forward,0.06648864973352825,3.48267716554729
21.52,0.08794389139450488,0.021456090067330354,0.09160290828729584,0,0,0,0,0,0.13,0.08582436026932141,0.2244334996022509,walk forward,0.08427151824754572,2.8732748880640857
21.54,0.08794389139450488,0.021456090067330354,0.09160290828729584,0,0,0,0,0,0.13,0.08582436026932141,0.2244334996022509,walk forward,0.09066555575807651,1.9311142624270743
21.56,0.08794389139450488,0.021456090067330354,0.09160290828729584,0,0,0,0,0,0.13,0.08582436026932141,0.2244334996022509,walk forward,0.10060562495137133,0.728234917835098
21.58,0.08794389139450488,0.021456090067330354,0.09160290828729584,0,0,0,0,0,0.13,0.08582436026932141,0.2244334996022509,walk forward,0.10911391571269889,1.1535815304943655
21.6,0.08794389139450488,0.021456090067330354,0.09160290828729584,0,0,0,0,0,0.13,0.08582436026932141,0.2244334996022509,walk forward,0.10367693904792867,2.2291613597122977
21.62,0.0875052694062983,0.021101452091844948,0.09114603687620214,0,0,0,0,0,0.13,0.08440580836737979,0.2233141328531255,walk forward,0.0781968329744696,2.2812543157948744
21.64,0.0875052694062983,0.021101452091844948,0.09114603687620214,0,0,0,0,0,0.13,0.08440580836737979,0.2233141328531255,walk forward,0.07051011100471878,2.157127585439274
21.66,0.0875052694062983,0.021101452091844948,0.09114603687620214,0,0,0,0,0,0.13,0.08440580836737979,0.2233141328531255,walk forward,0.06920017369192577,2.0222628471871698
21.68,0.0875052694062983,0.021101452091844948,0.09114603687620214,0,0,0,0,0,0.13,0.08440580836737979,0.2233141328531255,walk forward,0.07012478319139527,1.8747134098169405
21.7,0.0875052694062983,0.021101452091844948,0.09114603687620214,0,0,0,0,0,0.13,0.08440580836737979,0.2233141328531255,walk forward,0.06837120459513261,1.8360337447460353
21.72,0.08706883505438444,0.02075267576651396,0.09069144412077754,0,0,0,0,0,0.13,0.08301070306605585,0.22220034896895247,walk forward,0.06153040985854495,1.9841262372703883
21.74,0.08706883505438444,0.02075267576651396,0.09069144412077754,0,0,0,0,0,0.13,0.08301070306605585,0.22220034896895247,walk forward,0.06321475305070119,2.1867164146232643
21.76,0.08706883505438444,0.02075267576651396,0.09069144412077754,0,0,0,0,0,0.13,0.08301070306605585,0.22220034896895247,walk forward,0.07157879213491289,2.2471573167343557
21.78,0.08706883505438444,0.02075267576651396,0.09069144412077754,0,0,0,0,0,0.13,0.08301070306605585,0.22220034896895247,walk forward,0.08846804829336705,2.0039561693429557
21.8,0.08706883505438444,0.02075267576651396,0.09069144412077754,0,0,0,0,0,0.13,0.08301070306605585,0.22220034896895247,walk forward,0.09790506962756843,1.4870593540736343
21.82,0.08663457742788179,0.020409664206782138,0.09023911865617947,0,0,0,0,0,0.13,0.08163865682712855,0.22109212010507656,walk forward,0.09561562659821765,0.7588149670857568
21.84,0.08663457742788179,0.020409664206782138,0.09023911865617947,0,0,0,0,0,0.13,0.08163865682712855,0.22109212010507656,walk forward,0.10035010720553057,0.6000182899374648
21.86,0.08663457742788179,0.020409664206782138,0.09023911865617947,0,0,0,0,0,0.13,0.08163865682712855,0.22109212010507656,walk forward,0.09091484645273773,1.8805708984605547
21.88,0.08663457742788179,0.020409664206782138,0.09023911865617947,0,0,0,0,0,0.13,0.08163865682712855,0.22109212010507656,walk forward,0.08979637746761467,2.387986676310423
21.9,0.08663457742788179,0.020409664206782138,0.09023911865617947,0,0,0,0,0,0.13,0.08163865682712855,0.22109212010507656,walk forward,0.10599495699943012,2.5515974165504787
21.92,0.08620248567032705,0.020072322129455058,0.08978904917424776,0,0,0,0,0,0.13,0.08028928851782023,0.21998941855571852,walk forward,0.11671994459782094,2.698832487461299
21.94,0.08620248567032705,0.020072322129455058,0.08978904917424776,0,0,0,0,0,0.13,0.08028928851782023,0.21998941855571852,walk forward,0.09280768544093172,2.9386193279198416
21.96,0.08620248567032705,0.020072322129455058,0.08978904917424776,0,0,0,0,0,0.13,0.08028928851782023,0.21998941855571852,walk forward,0.08315233839229877,3.2747225744953523
21.98,0.08620248567032705,0.020072322129455058,0.08978904917424776,0,0,0,0,0,0.13,0.08028928851782023,0.21998941855571852,walk forward,0.07185496333194286,3.6268029076220776
22.0,0.08620248567032705,0.020072322129455058,0.08978904917424776,0,0,0,0,0,0.13,0.08028928851782023,0.21998941855571852,walk forward,0.0723891607459508,3.8793895811258077
22.02,0.0857725489794038,0.01974055582623099,0.08934122442322194,0,0,0,0,0,0.13,0.07896222330492396,0.2188922167532822,walk forward,0.07520736359792674,3.8815862456968864
22.04,0.0857725489794038,0.01974055582623099,0.08934122442322194,0,0,0,0,0,0.13,0.07896222330492396,0.2188922167532822,walk forward,0.08844685299021082,3.4732021309141192
22.06,0.0857725489794038,0.01974055582623099,0.08934122442322194,0,0,0,0,0,0.13,0.07896222330492396,0.2188922167532822,walk forward,0.09903698798055988,2.6357146466357397
22.08,0.0857725489794038,0.01974055582623099,0.08934122442322194,0,0,0,0,0,0.13,0.07896222330492396,0.2188922167532822,walk forward,0.10009049200649327,1.4440331101735393
22.1,0.0857725489794038,0.01974055582623099,0.08934122442322194,0,0,0,0,0,0.13,0.07896222330492396,0.2188922167532822,walk forward,0.10660232086803181,0.15249781999726222
22.12,0.08534475660667235,0.019414273137670194,0.08889563320745988,0,0,0,0,0,0.13,0.07765709255068078,0.2178004872676653,walk forward,0.09721485926340855,1.8163439377923478
22.14,0.08534475660667235,0.019414273137670194,0.08889563320745988,0,0,0,0,0,0.13,0.07765709255068078,0.2178004872676653,walk forward,0.09017112849009402,2.2138382730843813
22.16,0.08534475660667235,0.019414273137670194,0.08889563320745988,0,0,0,0,0,0.13,0.07765709255068078,0.2178004872676653,walk forward,0.06791847490525367,2.213362571209268
22.18,0.08534475660667235,0.019414273137670194,0.08889563320745988,0,0,0,0,0,0.13,0.07765709255068078,0.2178004872676653,walk forward,0.06607589774546539,2.150149477347785
22.2,0.08534475660667235,0.019414273137670194,0.08889563320745988,0,0,0,0,0,0.13,0.07765709255068078,0.2178004872676653,walk forward,0.08144901444488677,2.11476942358884
22.22,0.0849190978573011,0.019093383427594483,0.088452264387158,0,0,0,0,0,0.13,0.07637353371037793,0.21671420280557385,walk forward,0.08558794837845075,2.184440290272994
22.24,0.0849190978573011,0.019093383427594483,0.088452264387158,0,0,0,0,0,0.13,0.07637353371037793,0.21671420280557385,walk forward,0.07728021841483493,2.3349132807029305
22.26,0.0849190978573011,0.019093383427594483,0.088452264387158,0,0,0,0,0,0.13,0.07637353371037793,0.21671420280557385,walk forward,0.0731009032709832,2.523879457958512
22.28,0.0849190978573011,0.019093383427594483,0.088452264387158,0,0,0,0,0,0.13,0.07637353371037793,0.21671420280557385,walk forward,0.07922700360836908,2.6181011782037213
22.3,0.0849190978573011,0.019093383427594483,0.088452264387158,0,0,0,0,0,0.13,0.07637353371037793,0.21671420280557385,walk forward,0.09022683508238283,2.4174088740374877
22.32,0.08449556208979916,0.018777797557909925,0.08801110687807269,0,0,0,0,0,0.13,0.0751111902316397,0.21563333620983982,walk forward,0.10513144611525976,1.9927666739766765
22.34,0.08449556208979916,0.018777797557909925,0.08801110687807269,0,0,0,0,0,0.13,0.0751111902316397,0.21563333620983982,walk forward,0.1104773394581989,1.3292696702920337
22.36,0.08449556208979916,0.018777797557909925,0.08801110687807269,0,0,0,0,0,0.13,0.0751111902316397,0.21563333620983982,walk forward,0.10777177151053395,0.6023438727257312
22.38,0.08449556208979916,0.018777797557909925,0.08801110687807269,0,0,0,0,0,0.13,0.0751111902316397,0.21563333620983982,walk forward,0.10372334452292578,1.3371408721963782
22.4,0.08449556208979916,0.018777797557909925,0.08801110687807269,0,0,0,0,0,0.13,0.0751111902316397,0.21563333620983982,walk forward,0.10105180816632549,2.2677709721276127
22.42,0.08407413871575029,0.018467427863845694,0.08757214965124324,0,0,0,0,0,0.13,0.07386971145538278,0.21455786045874192,walk forward,0.10213570747229996,2.4612608110519165
22.44,0.08407413871575029,0.018467427863845694,0.08757214965124324,0,0,0,0,0,0.13,0.07386971145538278,0.21455786045874192,walk forward,0.10423671512743037,2.6588606743758096
22.46,0.08407413871575029,0.018467427863845694,0.08757214965124324,0,0,0,0,0,0.13,0.07386971145538278,0.21455786045874192,walk forward,0.09051290433265881,2.9479149962633953
22.48,0.08407413871575029,0.018467427863845694,0.08757214965124324,0,0,0,0,0,0.13,0.07386971145538278,0.21455786045874192,walk forward,0.0792208199102549,3.3424958878628366
22.5,0.08407413871575029,0.018467427863845694,0.08757214965124324,0,0,0,0,0,0.13,0.07386971145538278,0.21455786045874192,walk forward,0.07292226691604853,3.7456677726529177
22.52,0.08365481719954816,0.018162188129602172,0.08713538173271612,0,0,0,0,0,0.13,0.07264875251840869,0.21348774866533032,walk forward,0.06826735613541247,4.050293524096808
22.54,0.08365481719954816,0.018162188129602172,0.08713538173271612,0,0,0,0,0,0.13,0.07264875251840869,0.21348774866533032,walk forward,0.071272142323497,4.067086959490072
22.56,0.08365481719954816,0.018162188129602172,0.08713538173271612,0,0,0,0,0,0.13,0.07264875251840869,0.21348774866533032,walk forward,0.07868938807701271,3.7421316590988454
22.58,0.08365481719954816,0.018162188129602172,0.08713538173271612,0,0,0,0,0,0.13,0.07264875251840869,0.21348774866533032,walk forward,0.09051469207809408,3.028140210155606
22.6,0.08365481719954816,0.018162188129602172,0.08713538173271612,0,0,0,0,0,0.13,0.07264875251840869,0.21348774866533032,walk forward,0.09534577994388248,1.9198661528223553
22.62,0.08323758705813306,0.01786199356440157,0.08670079220327064,0,0,0,0,0,0.13,0.07144797425760628,0.21242297407675464,walk forward,0.1012958756539289,0.4612934350612332
22.64,0.08323758705813306,0.01786199356440157,0.08670079220327064,0,0,0,0,0,0.13,0.07144797425760628,0.21242297407675464,walk forward,0.11408630178058686,1.3292315128990186
22.66,0.08323758705813306,0.01786199356440157,0.08670079220327064,0,0,0,0,0,0.13,0.07144797425760628,0.21242297407675464,walk forward,0.09985312450363844,2.070353688944066
22.68,0.08323758705813306,0.01786199356440157,0.08670079220327064,0,0,0,0,0,0.13,0.07144797425760628,0.21242297407675464,walk forward,0.0815433972682267,2.1598694205265563
22.7,0.08323758705813306,0.01786199356440157,0.08670079220327064,0,0,0,0,0,0.13,0.07144797425760628,0.21242297407675464,walk forward,0.07614619711345974,2.1940994085913883
22.72,0.0828224378607297,0.017566760778934386,0.0862683701981459,0,0,0,0,0,0.13,0.07026704311573755,0.2113635100735945,walk forward,0.07506765062483318,2.2149388898738196
22.74,0.0828224378607297,0.017566760778934386,0.0862683701981459,0,0,0,0,0,0.13,0.07026704311573755,0.2113635100735945,walk forward,0.07565454510358258,2.295398186557999
22.76,0.0828224378607297,0.017566760778934386,0.0862683701981459,0,0,0,0,0,0.13,0.07026704311573755,0.2113635100735945,walk forward,0.07348314095435651,2.495756384592085
22.78,0.0828224378607297,0.017566760778934386,0.0862683701981459,0,0,0,0,0,0.13,0.07026704311573755,0.2113635100735945,walk forward,0.06908513957596478,2.7706588813185467
22.8,0.0828224378607297,0.017566760778934386,0.0862683701981459,0,0,0,0,0,0.13,0.07026704311573755,0.2113635100735945,walk forward,0.06896986685260081,3.005747770556387
22.82,0.08240935922858653,0.017276407762195172,0.08583810490676927,0,0,0,0,0,0.13,0.06910563104878069,0.21030933016919473,walk forward,0.07906700464709902,2.9784605578812893
22.84,0.08240935922858653,0.017276407762195172,0.08583810490676927,0,0,0,0,0,0.13,0.06910563104878069,0.21030933016919473,walk forward,0.09222161244312098,2.6893305838781703
22.86,0.08240935922858653,0.017276407762195172,0.08583810490676927,0,0,0,0,0,0.13,0.06910563104878069,0.21030933016919473,walk forward,0.1008411914423294,2.116259298122876
22.88,0.08240935922858653,0.017276407762195172,0.08583810490676927,0,0,0,0,0,0.13,0.06910563104878069,0.21030933016919473,walk forward,0.10192849228694599,1.2629785991032254
22.9,0.08240935922858653,0.017276407762195172,0.08583810490676927,0,0,0,0,0,0.13,0.06910563104878069,0.21030933016919473,walk forward,0.09961039815360571,0.7869191623555617
22.92,0.08199834083471623,0.016990853858701162,0.08540998557248604,0,0,0,0,0,0.13,0.06796341543480465,0.20926040800900284,walk forward,0.09574305004943391,1.8037493500206585
22.94,0.08199834083471623,0.016990853858701162,0.08540998557248604,0,0,0,0,0,0.13,0.06796341543480465,0.20926040800900284,walk forward,0.10594531073971238,2.276406130177941
22.96,0.08199834083471623,0.016990853858701162,0.08540998557248604,0,0,0,0,0,0.13,0.06796341543480465,0.20926040800900284,walk forward,0.10741423768689838,2.512084446394421
22.98,0.08199834083471623,0.016990853858701162,0.08540998557248604,0,0,0,0,0,0.13,0.06796341543480465,0.20926040800900284,walk forward,0.10675350582690313,2.7685090580015417
23.0,0.08199834083471623,0.016990853858701162,0.08540998557248604,0,0,0,0,0,0.13,0.06796341543480465,0.20926040800900284,walk forward,0.08734372437605782,3.1197131288350755
23.02,0.08158937240363756,0.016710019746087473,0.08498400149229056,0,0,0,0,0,0.13,0.06684007898434989,0.20821671736991015,walk forward,0.08458473929206461,3.5415185962939124
23.04,0.08158937240363756,0.016710019746087473,0.08498400149229056,0,0,0,0,0,0.13,0.06684007898434989,0.20821671736991015,walk forward,0.07291754261175601,3.940690649825138
23.06,0.08158937240363756,0.016710019746087473,0.08498400149229056,0,0,0,0,0,0.13,0.06684007898434989,0.20821671736991015,walk forward,0.07046518432733727,4.166452273031335
23.08,0.08158937240363756,0.016710019746087473,0.08498400149229056,0,0,0,0,0,0.13,0.06684007898434989,0.20821671736991015,walk forward,0.07857804209785109,4.03000051290005
23.1,0.08158937240363756,0.016710019746087473,0.08498400149229056,0,0,0,0,0,0.13,0.06684007898434989,0.20821671736991015,walk forward,0.08833563032556542,3.5231821045783556
23.12,0.08118244371111842,0.01643382741307258,0.08456014201655865,0,0,0,0,0,0.13,0.06573530965229032,0.20717823215959635,walk forward,0.09692475248661328,2.6603683670065514
23.14,0.08118244371111842,0.01643382741307258,0.08456014201655865,0,0,0,0,0,0.13,0.06573530965229032,0.20717823215959635,walk forward,0.10166746133166599,1.4721389470623296
23.16,0.08118244371111842,0.01643382741307258,0.08456014201655865,0,0,0,0,0,0.13,0.06573530965229032,0.20717823215959635,walk forward,0.11175531505807541,0.38631488335299163
23.18,0.08118244371111842,0.01643382741307258,0.08456014201655865,0,0,0,0,0,0.13,0.06573530965229032,0.20717823215959635,walk forward,0.10370585711929177,1.7317505047320585
23.2,0.08118244371111842,0.01643382741307258,0.08456014201655865,0,0,0,0,0,0.13,0.06573530965229032,0.20717823215959635,walk forward,0.09974725574928735,2.084979631657414
23.22,0.08077754458392032,0.016162200137788043,0.08413839654878133,0,0,0,0,0,0.13,0.06464880055115217,0.20614492641587706,walk forward,0.08307954520452675,2.1580926636168036
23.24,0.08077754458392032,0.016162200137788043,0.08413839654878133,0,0,0,0,0,0.13,0.06464880055115217,0.20614492641587706,walk forward,0.0821770581132687,2.1769443450477026
23.26,0.08077754458392032,0.016162200137788043,0.08413839654878133,0,0,0,0,0,0.13,0.06464880055115217,0.20614492641587706,walk forward,0.0847084470519369,2.2221468787588194
23.28,0.08077754458392032,0.016162200137788043,0.08413839654878133,0,0,0,0,0,0.13,0.06464880055115217,0.20614492641587706,walk forward,0.08529396132744523,2.380656390203625
23.3,0.08077754458392032,0.016162200137788043,0.08413839654878133,0,0,0,0,0,0.13,0.06464880055115217,0.20614492641587706,walk forward,0.0785643341847898,2.6450549451148357
23.32,0.080374664899544,0.015895062466466353,0.08371875454529994,0,0,0,0,0,0.13,0.06358024986586541,0.2051167743060549,walk forward,0.07527417213159361,2.9627476257707164
23.34,0.080374664899544,0.015895062466466353,0.08371875454529994,0,0,0,0,0,0.13,0.06358024986586541,0.2051167743060549,walk forward,0.07829175991951233,3.203764992389945
23.36,0.080374664899544,0.015895062466466353,0.08371875454529994,0,0,0,0,0,0.13,0.06358024986586541,0.2051167743060549,walk forward,0.09051451610482776,3.1744972030771073
23.38,0.080374664899544,0.015895062466466353,0.08371875454529994,0,0,0,0,0,0.13,0.06358024986586541,0.2051167743060549,walk forward,0.09630176102718534,2.8742851837734897
23.4,0.080374664899544,0.015895062466466353,0.08371875454529994,0,0,0,0,0,0.13,0.06358024986586541,0.2051167743060549,walk forward,0.10084705522151974,2.340832381725635
23.42,0.07997379458597634,0.015632340192481088,0.08330120551504253,0,0,0,0,0,0.13,0.06252936076992435,0.20409375012627357,walk forward,0.10558759522755266,1.5901366660777188
23.44,0.07997379458597634,0.015632340192481088,0.08330120551504253,0,0,0,0,0,0.13,0.06252936076992435,0.20409375012627357,walk forward,0.09854394130125296,1.0846760452691866
23.46,0.07997379458597634,0.015632340192481088,0.08330120551504253,0,0,0,0,0,0.13,0.06252936076992435,0.20409375012627357,walk forward,0.09440456757050189,1.7732306233517405
23.48,0.07997379458597634,0.015632340192481088,0.08330120551504253,0,0,0,0,0,0.13,0.06252936076992435,0.20409375012627357,walk forward,0.10681707092972757,2.197877066968022
23.5,0.07997379458597634,0.015632340192481088,0.08330120551504253,0,0,0,0,0,0.13,0.06252936076992435,0.20409375012627357,walk forward,0.11942068916686663,2.391457657535507
23.52,0.07957492362143863,0.01537396033573348,0.0828857390192616,0,0,0,0,0,0.13,0.06149584134293392,0.2030758283008753,walk forward,0.12506650260499652,2.663457328258536
23.54,0.07957492362143863,0.01537396033573348,0.0828857390192616,0,0,0,0,0,0.13,0.06149584134293392,0.2030758283008753,walk forward,0.10573333867025649,3.03674878326833
23.56,0.07957492362143863,0.01537396033573348,0.0828857390192616,0,0,0,0,0,0.13,0.06149584134293392,0.2030758283008753,walk forward,0.08553596890645838,3.4591764637645177
23.58,0.07957492362143863,0.01537396033573348,0.0828857390192616,0,0,0,0,0,0.13,0.06149584134293392,0.2030758283008753,walk forward,0.08480465677717765,3.8477345570370174
23.6,0.07957492362143863,0.01537396033573348,0.0828857390192616,0,0,0,0,0,0.13,0.06149584134293392,0.2030758283008753,walk forward,0.0831495248014607,3.9972602534614627
23.62,0.07917804203413599,0.015119851122379688,0.08247234467127314,0,0,0,0,0,0.13,0.06047940448951875,0.2020629833817614,walk forward,0.09366783007865302,3.7183435375229243
23.64,0.07917804203413599,0.015119851122379688,0.08247234467127314,0,0,0,0,0,0.13,0.06047940448951875,0.2020629833817614,walk forward,0.10444285370928993,3.0203375385087226
23.66,0.07917804203413599,0.015119851122379688,0.08247234467127314,0,0,0,0,0,0.13,0.06047940448951875,0.2020629833817614,walk forward,0.10740883601529798,1.9731172399141794
23.68,0.07917804203413599,0.015119851122379688,0.08247234467127314,0,0,0,0,0,0.13,0.06047940448951875,0.2020629833817614,walk forward,0.1047405440758245,0.6076595641671017
23.7,0.07917804203413599,0.015119851122379688,0.08247234467127314,0,0,0,0,0,0.13,0.06047940448951875,0.2020629833817614,walk forward,0.10437558568843783,1.0913756512851676
23.72,0.07878313990200807,0.014869941964893166,0.08206101213619689,0,0,0,0,0,0.13,0.059479767859572666,0.20105519004775618,walk forward,0.09683253449248105,2.013457722388513
23.74,0.07878313990200807,0.014869941964893166,0.08206101213619689,0,0,0,0,0,0.13,0.059479767859572666,0.20105519004775618,walk forward,0.08988442303899205,1.9892868448722842
23.76,0.07878313990200807,0.014869941964893166,0.08206101213619689,0,0,0,0,0,0.13,0.059479767859572666,0.20105519004775618,walk forward,0.07110017373122388,1.8965244970829882
23.78,0.07878313990200807,0.014869941964893166,0.08206101213619689,0,0,0,0,0,0.13,0.059479767859572666,0.20105519004775618,walk forward,0.0757000720110627,1.8322157037941953
23.8,0.07878313990200807,0.014869941964893166,0.08206101213619689,0,0,0,0,0,0.13,0.059479767859572666,0.20105519004775618,walk forward,0.08402296620682517,1.8335631236789671
23.82,0.07839020735248098,0.014624163442456562,0.08165173113069805,0,0,0,0,0,0.13,0.05849665376982625,0.2000524231039738,walk forward,0.07850056885457249,2.0170829553860177
23.84,0.07839020735248098,0.014624163442456562,0.08165173113069805,0,0,0,0,0,0.13,0.05849665376982625,0.2000524231039738,walk forward,0.0771302420272158,2.3688000044926203
23.86,0.07839020735248098,0.014624163442456562,0.08165173113069805,0,0,0,0,0,0.13,0.05849665376982625,0.2000524231039738,walk forward,0.08404670529529074,2.6999482424340755
23.88,0.07839020735248098,0.014624163442456562,0.08165173113069805,0,0,0,0,0,0.13,0.05849665376982625,0.2000524231039738,walk forward,0.09166656217210131,2.8064863861119
23.9,0.07839020735248098,0.014624163442456562,0.08165173113069805,0,0,0,0,0,0.13,0.05849665376982625,0.2000524231039738,walk forward,0.10512897156149288,2.640749009753669
23.92,0.07799923456222053,0.014382447281677705,0.08124449142273019,0,0,0,0,0,0.13,0.05752978912671082,0.19905465748118842,walk forward,0.11062202526832605,2.18932809199331
23.94,0.07799923456222053,0.014382447281677705,0.08124449142273019,0,0,0,0,0,0.13,0.05752978912671082,0.19905465748118842,walk forward,0.11099179748710243,1.4937094585498332
23.96,0.07799923456222053,0.014382447281677705,0.08124449142273019,0,0,0,0,0,0.13,0.05752978912671082,0.19905465748118842,walk forward,0.10971383926518168,0.8228518222469771
23.98,0.07799923456222053,0.014382447281677705,0.08124449142273019,0,0,0,0,0,0.13,0.05752978912671082,0.19905465748118842,walk forward,0.10403783522650645,1.5702983426624997
24.0,0.07799923456222053,0.014382447281677705,0.08124449142273019,0,0,0,0,0,0.13,0.05752978912671082,0.19905465748118842,walk forward,0.10820165474285531,2.2817402079970455
24.02,0.07761021175688661,0.014144726337624343,0.08083928283127938,0,0,0,0,0,0.13,0.05657890535049737,0.1980618682352075,walk forward,0.11797402126289012,2.449780964799451
24.04,0.07761021175688661,0.014144726337624343,0.08083928283127938,0,0,0,0,0,0.13,0.05657890535049737,0.1980618682352075,walk forward,0.11480269898641503,2.6357683277030524
24.06,0.07761021175688661,0.014144726337624343,0.08083928283127938,0,0,0,0,0,0.13,0.05657890535049737,0.1980618682352075,walk forward,0.1077128153811487,2.888908915794741
24.08,0.07761021175688661,0.014144726337624343,0.08083928283127938,0,0,0,0,0,0.13,0.05657890535049737,0.1980618682352075,walk forward,0.08649690025281105,3.2294326176387305
24.1,0.07761021175688661,0.014144726337624343,0.08083928283127938,0,0,0,0,0,0.13,0.05657890535049737,0.1980618682352075,walk forward,0.08015607885429062,3.54849412885526
24.12,0.07722312921088881,0.013910934575172337,0.08043609522610973,0,0,0,0,0,0.13,0.05564373830068935,0.19707403054624817,walk forward,0.07702002070817993,3.6831030139165786
24.14,0.07722312921088881,0.013910934575172337,0.08043609522610973,0,0,0,0,0,0.13,0.05564373830068935,0.19707403054624817,walk forward,0.08671238209831635,3.483244697622811
24.16,0.07722312921088881,0.013910934575172337,0.08043609522610973,0,0,0,0,0,0.13,0.05564373830068935,0.19707403054624817,walk forward,0.09463548371085088,2.9160555870450424
24.18,0.07722312921088881,0.013910934575172337,0.08043609522610973,0,0,0,0,0,0.13,0.05564373830068935,0.19707403054624817,walk forward,0.0991535231498623,1.9866139747594966
24.2,0.07722312921088881,0.013910934575172337,0.08043609522610973,0,0,0,0,0,0.13,0.05564373830068935,0.19707403054624817,walk forward,0.1000501467519829,0.7682414537837255
24.22,0.07683797724714332,0.013681007050662143,0.08003491852751012,0,0,0,0,0,0.13,0.05472402820264857,0.1960911197183168,walk forward,0.10776658320932347,1.04155375768167
24.24,0.07683797724714332,0.013681007050662143,0.08003491852751012,0,0,0,0,0,0.13,0.05472402820264857,0.1960911197183168,walk forward,0.10142889655573208,2.2743878737089376
24.26,0.07683797724714332,0.013681007050662143,0.08003491852751012,0,0,0,0,0,0.13,0.05472402820264857,0.1960911197183168,walk forward,0.10377357760454603,2.3642150735705805
24.28,0.07683797724714332,0.013681007050662143,0.08003491852751012,0,0,0,0,0,0.13,0.05472402820264857,0.1960911197183168,walk forward,0.08308168826739902,2.2923122944096903
24.3,0.07683797724714332,0.013681007050662143,0.08003491852751012,0,0,0,0,0,0.13,0.05472402820264857,0.1960911197183168,walk forward,0.07516569342917927,2.1750940645613204
24.32,0.07645474623683099,0.013454879893858497,0.07963574270604218,0,0,0,0,0,0.13,0.05381951957543399,0.19511311117859145,walk forward,0.07499905091082021,2.100740334622237
24.34,0.07645474623683099,0.013454879893858497,0.07963574270604218,0,0,0,0,0,0.13,0.05381951957543399,0.19511311117859145,walk forward,0.07571422042321627,2.1904162371363975
24.36,0.07645474623683099,0.013454879893858497,0.07963574270604218,0,0,0,0,0,0.13,0.05381951957543399,0.19511311117859145,walk forward,0.07383381323749064,2.4249874557878437
24.38,0.07645474623683099,0.013454879893858497,0.07963574270604218,0,0,0,0,0,0.13,0.05381951957543399,0.19511311117859145,walk forward,0.0693517704335787,2.7152989299230414
24.4,0.07645474623683099,0.013454879893858497,0.07963574270604218,0,0,0,0,0,0.13,0.05381951957543399,0.19511311117859145,walk forward,0.06701965007544315,2.945955812028444
24.42,0.0760734265991566,0.013232490290208267,0.0792385577822896,0,0,0,0,0,0.13,0.05292996116083307,0.19413998047680775,walk forward,0.08094575433090703,2.8765295040655103
24.44,0.0760734265991566,0.013232490290208267,0.0792385577822896,0,0,0,0,0,0.13,0.05292996116083307,0.19413998047680775,walk forward,0.09122741275813682,2.522530215950138
24.46,0.0760734265991566,0.013232490290208267,0.0792385577822896,0,0,0,0,0,0.13,0.05292996116083307,0.19413998047680775,walk forward,0.09998147546863695,1.871566874264551
24.48,0.0760734265991566,0.013232490290208267,0.0792385577822896,0,0,0,0,0,0.13,0.05292996116083307,0.19413998047680775,walk forward,0.09432731706534941,1.0665451179240608
24.5,0.0760734265991566,0.013232490290208267,0.0792385577822896,0,0,0,0,0,0.13,0.05292996116083307,0.19413998047680775,walk forward,0.08970665247739382,1.1120752952538129
24.52,0.07569400880110935,0.01301377646339156,0.07884335382660858,0,0,0,0,0,0.13,0.05205510585356624,0.19317170328464744,walk forward,0.09023622984823064,2.1847562065674633
24.54,0.07569400880110935,0.01301377646339156,0.07884335382660858,0,0,0,0,0,0.13,0.05205510585356624,0.19317170328464744,walk forward,0.10042486564982736,2.471037381360795
24.56,0.07569400880110935,0.01301377646339156,0.07884335382660858,0,0,0,0,0,0.13,0.05205510585356624,0.19317170328464744,walk forward,0.09195223414725046,2.6310645537043365
24.58,0.07569400880110935,0.01301377646339156,0.07884335382660858,0,0,0,0,0,0.13,0.05205510585356624,0.19317170328464744,walk forward,0.08921775677408238,2.8890499289962874
24.6,0.07569400880110935,0.01301377646339156,0.07884335382660858,0,0,0,0,0,0.13,0.05205510585356624,0.19317170328464744,walk forward,0.07170333711132719,3.2209154649336194
24.62,0.07531648335722453,0.012798677658161246,0.07845012095887965,0,0,0,0,0,0.13,0.05119471063264498,0.1922082553951302,walk forward,0.07296732605934525,3.5607655051521574
24.64,0.07531648335722453,0.012798677658161246,0.07845012095887965,0,0,0,0,0,0.13,0.05119471063264498,0.1922082553951302,walk forward,0.07352603160837805,3.852883900873921
24.66,0.07531648335722453,0.012798677658161246,0.07845012095887965,0,0,0,0,0,0.13,0.05119471063264498,0.1922082553951302,walk forward,0.07903386590127177,3.8493045944298356
24.68,0.07531648335722453,0.012798677658161246,0.07845012095887965,0,0,0,0,0,0.13,0.05119471063264498,0.1922082553951302,walk forward,0.08642692445294523,3.4310580582644468
24.7,0.07531648335722453,0.012798677658161246,0.07845012095887965,0,0,0,0,0,0.13,0.05119471063264498,0.1922082553951302,walk forward,0.09891518892681077,2.6467214292687578
24.72,0.07494084082934638,0.012587134123466095,0.07805884934826066,0,0,0,0,0,0.13,0.05034853649386438,0.1912496127220088,walk forward,0.1059703650463428,1.5444377540140168
24.74,0.07494084082934638,0.012587134123466095,0.07805884934826066,0,0,0,0,0,0.13,0.05034853649386438,0.1912496127220088,walk forward,0.11123864148016291,0.12780776240124875
24.76,0.07494084082934638,0.012587134123466095,0.07805884934826066,0,0,0,0,0,0.13,0.05034853649386438,0.1912496127220088,walk forward,0.1084654040504469,1.5346253163861794
24.78,0.07494084082934638,0.012587134123466095,0.07805884934826066,0,0,0,0,0,0.13,0.05034853649386438,0.1912496127220088,walk forward,0.09707735392562178,2.0901170083923852
24.8,0.07494084082934638,0.012587134123466095,0.07805884934826066,0,0,0,0,0,0.13,0.05034853649386438,0.1912496127220088,walk forward,0.09948133150276012,2.1918574197542533
24.82,0.07456707182639213,0.012379087095852892,0.07766952921294093,0,0,0,0,0,0.13,0.04951634838341157,0.19029575129916632,walk forward,0.09853300158061956,2.3020571015710134
24.84,0.07456707182639213,0.012379087095852892,0.07766952921294093,0,0,0,0,0,0.13,0.04951634838341157,0.19029575129916632,walk forward,0.08461938513004001,2.394986413927267
24.86,0.07456707182639213,0.012379087095852892,0.07766952921294093,0,0,0,0,0,0.13,0.04951634838341157,0.19029575129916632,walk forward,0.08325174988736118,2.435357781607205
24.88,0.07456707182639213,0.012379087095852892,0.07766952921294093,0,0,0,0,0,0.13,0.04951634838341157,0.19029575129916632,walk forward,0.08318632312250375,2.5866218596765234
24.9,0.07456707182639213,0.012379087095852892,0.07766952921294093,0,0,0,0,0,0.13,0.04951634838341157,0.19029575129916632,walk forward,0.08142841135675952,2.8999540559593684
24.92,0.07419516700411725,0.012174478783142869,0.07728215081989682,0,0,0,0,0,0.13,0.048697915132571476,0.1893466472800176,walk forward,0.07792635016455735,3.1814437212512563
24.94,0.07419516700411725,0.012174478783142869,0.07728215081989682,0,0,0,0,0,0.13,0.048697915132571476,0.1893466472800176,walk forward,0.08010573515160514,3.241831379900629
24.96,0.07419516700411725,0.012174478783142869,0.07728215081989682,0,0,0,0,0,0.13,0.048697915132571476,0.1893466472800176,walk forward,0.08776637532973584,2.987694994194338
24.98,0.07419516700411725,0.012174478783142869,0.07728215081989682,0,0,0,0,0,0.13,0.048697915132571476,0.1893466472800176,walk forward,0.0934202242733004,2.4766837325538376
25.0,0.07419516700411725,0.012174478783142869,0.07728215081989682,0,0,0,0,0,0.13,0.048697915132571476,0.1893466472800176,walk forward,0.08981440354572279,1.7237630202079266
25.02,0.05111849142305058,0.0485878395386623,0.061247515074688175,0,0,0.3160004114971798,0,0.6514829409858909,0.13,0.1943513581546492,0.14045750812217345,walk forward,0.08587592761281591,0.9351703218354053
25.04,0.05111849142305058,0.0485878395386623,0.061247515074688175,0,0,0.3160004114971798,0,0.6514829409858909,0.13,0.1943513581546492,0.14045750812217345,walk forward,0.08390194501161818,1.344807338515152
25.06,0.05111849142305058,0.0485878395386623,0.061247515074688175,0,0,0.3160004114971798,0,0.6514829409858909,0.13,0.1943513581546492,0.14045750812217345,walk forward,0.0896169148239162,2.2210909742650116
25.08,0.05111849142305058,0.0485878395386623,0.061247515074688175,0,0,0.3160004114971798,0,0.6514829409858909,0.13,0.1943513581546492,0.14045750812217345,walk forward,0.1133019707624654,2.505076944036008
25.1,0.05111849142305058,0.0485878395386623,0.061247515074688175,0,0,0.3160004114971798,0,0.6514829409858909,0.13,0.1943513581546492,0.14045750812217345,walk forward,0.11686913684310078,2.8170627922016247
25.12,0.02942297639082747,0.07993645541947852,0.04616944848510307,0,0,0.30819833353823134,0,0.5894861422161469,0.13,0.3197458216779141,0.09449053109491318,walk forward,0.11127320975785879,3.1192562668936095
25.14,0.02942297639082747,0.07993645541947852,0.04616944848510307,0,0,0.30819833353823134,0,0.5894861422161469,0.13,0.3197458216779141,0.09449053109491318,walk forward,0.09570637120952587,3.4984655431339307
25.16,0.02942297639082747,0.07993645541947852,0.04616944848510307,0,0,0.30819833353823134,0,0.5894861422161469,0.13,0.3197458216779141,0.09449053109491318,walk forward,0.09924869488212885,3.9183600350310064
25.18,0.02942297639082747,0.07993645541947852,0.04616944848510307,0,0,0.30819833353823134,0,0.5894861422161469,0.13,0.3197458216779141,0.09449053109491318,walk forward,0.09217283277483403,4.148262616653568
25.2,0.02942297639082747,0.07993645541947852,0.04616944848510307,0,0,0.30819833353823134,0,0.5894861422161469,0.13,0.3197458216779141,0.09449053109491318,walk forward,0.09458940391657587,4.0372020554057695
25.22,0.009012096412426729,0.10700024711211825,0.03198106546384849,0,0,0.3005888895704511,0,0.5333891188908368,0.13,0.428000988448473,0.051241452345344024,walk forward,0.09772093416808238,3.5361389496706903
25.24,0.009012096412426729,0.10700024711211825,0.03198106546384849,0,0,0.3005888895704511,0,0.5333891188908368,0.13,0.428000988448473,0.051241452345344024,walk forward,0.09424445113174072,2.650299224076981
25.26,0.009012096412426729,0.10700024711211825,0.03198106546384849,0,0,0.3005888895704511,0,0.5333891188908368,0.13,0.428000988448473,0.051241452345344024,walk forward,0.09507396099698931,1.4040468996321693
25.28,0.009012096412426729,0.10700024711211825,0.03198106546384849,0,0,0.3005888895704511,0,0.5333891188908368,0.13,0.428000988448473,0.051241452345344024,walk forward,0.09773111558312254,0.2534718022965187
25.3,0.009012096412426729,0.10700024711211825,0.03198106546384849,0,0,0.3005888895704511,0,0.5333891188908368,0.13,0.428000988448473,0.051241452345344024,walk forward,0.08941231109968087,1.6924053947992117
25.32,-0.010202752891669276,0.13041829707194752,0.018620969394539333,0,0,0.2931673234436509,0,0.48263043314566023,0.13,0.5216731882877901,0.010522770628587572,walk forward,0.0758788149798149,1.912675462420012
25.34,-0.010202752891669276,0.13041829707194752,0.018620969394539333,0,0,0.2931673234436509,0,0.48263043314566023,0.13,0.5216731882877901,0.010522770628587572,walk forward,0.07535875947413954,1.9159300109643451
25.36,-0.010202752891669276,0.13041829707194752,0.018620969394539333,0,0,0.2931673234436509,0,0.48263043314566023,0.13,0.5216731882877901,0.010522770628587572,walk forward,0.08105062026814604,1.9851650864526464
25.38,-0.010202752891669276,0.13041829707194752,0.018620969394539333,0,0,0.2931673234436509,0,0.48263043314566023,0.13,0.5216731882877901,0.010522770628587572,walk forward,0.08229189808795209,2.2338556221332246
25.4,-0.010202752891669276,0.13041829707194752,0.018620969394539333,0,0,0.2931673234436509,0,0.48263043314566023,0.13,0.5216731882877901,0.010522770628587572,walk forward,0.07911417984892531,2.5728242459072854
25.42,-0.02830298970170797,0.15071790919386552,0.006032743380647965,0,0,0.2859289964374089,0,0.436702074993096,0.13,0.6028716367754621,-0.027837807901325007,walk forward,0.08770121556039809,2.850630745971193
25.44,-0.02830298970170797,0.15071790919386552,0.006032743380647965,0,0,0.2859289964374089,0,0.436702074993096,0.13,0.6028716367754621,-0.027837807901325007,walk forward,0.09791444131866334,2.978275216112717
25.46,-0.02830298970170797,0.15071790919386552,0.006032743380647965,0,0,0.2859289964374089,0,0.436702074993096,0.13,0.6028716367754621,-0.027837807901325007,walk forward,0.10649389062775863,2.848528185663665
25.48,-0.02830298970170797,0.15071790919386552,0.006032743380647965,0,0,0.2859289964374089,0,0.436702074993096,0.13,0.6028716367754621,-0.027837807901325007,walk forward,0.11532471318814769,2.4232007256385586
25.5,-0.02830298970170797,0.15071790919386552,0.006032743380647965,0,0,0.2859289964374089,0,0.436702074993096,0.13,0.6028716367754621,-0.027837807901325007,walk forward,0.11380306201364028,1.699607818243435
25.52,-0.04536350553798846,0.1683370035102995,-0.005835506774140575,0,0,0.2788693843617187,0,0.3951443779876989,0.13,0.673348014041198,-0.06399876539016129,walk forward,0.1085487986599761,0.7524402488734216
25.54,-0.04536350553798846,0.1683370035102995,-0.005835506774140575,0,0,0.2788693843617187,0,0.3951443779876989,0.13,0.673348014041198,-0.06399876539016129,walk forward,0.10466247037415073,0.8693788009628515
25.56,-0.04536350553798846,0.1683370035102995,-0.005835506774140575,0,0,0.2788693843617187,0,0.3951443779876989,0.13,0.673348014041198,-0.06399876539016129,walk forward,0.10691256020994641,1.7026584446888158
25.58,-0.04536350553798846,0.1683370035102995,-0.005835506774140575,0,0,0.2788693843617187,0,0.3951443779876989,0.13,0.673348014041198,-0.06399876539016129,walk forward,0.11734394626565883,1.8806897831097587
25.6,-0.04536350553798846,0.1683370035102995,-0.005835506774140575,0,0,0.2788693843617187,0,0.3951443779876989,0.13,0.673348014041198,-0.06399876539016129,walk forward,0.12220677464597576,2.216803263333919
25.62,-0.06145325784567096,0.18364151146457952,-0.01703156319036575,0,0,0.27198407472922315,0,0.3575414187298147,0.13,0.7345660458583181,-0.09810602629504589,walk forward,0.1097596459094132,2.673189859297495
25.64,-0.06145325784567096,0.18364151146457952,-0.01703156319036575,0,0,0.27198407472922315,0,0.3575414187298147,0.13,0.7345660458583181,-0.09810602629504589,walk forward,0.10309953453009904,3.1210451227387264
25.66,-0.06145325784567096,0.18364151146457952,-0.01703156319036575,0,0,0.27198407472922315,0,0.3575414187298147,0.13,0.7345660458583181,-0.09810602629504589,walk forward,0.11051766706461867,3.329564658679383
25.68,-0.06145325784567096,0.18364151146457952,-0.01703156319036575,0,0,0.27198407472922315,0,0.3575414187298147,0.13,0.7345660458583181,-0.09810602629504589,walk forward,0.11972739150299924,3.115766800312679
25.7,-0.06145325784567096,0.18364151146457952,-0.01703156319036575,0,0,0.27198407472922315,0,0.3575414187298147,0.13,0.7345660458583181,-0.09810602629504589,walk forward,0.12939822112001384,2.4949648384215704
25.72,-0.07663580303337958,0.19693898983574043,-0.02759946527551449,0,0,0.26526876399726607,0,0.3235168541643994,0.13,0.7877559593429617,-0.1302940853861176,walk forward,0.1294059007306236,1.5142003003734832
25.74,-0.07663580303337958,0.19693898983574043,-0.02759946527551449,0,0,0.26526876399726607,0,0.3235168541643994,0.13,0.7877559593429617,-0.1302940853861176,walk forward,0.12877071002523874,0.23966384364860485
25.76,-0.07663580303337958,0.19693898983574043,-0.02759946527551449,0,0,0.26526876399726607,0,0.3235168541643994,0.13,0.7877559593429617,-0.1302940853861176,walk forward,0.11281114110438986,1.1687258828168186
25.78,-0.07663580303337958,0.19693898983574043,-0.02759946527551449,0,0,0.26526876399726607,0,0.3235168541643994,0.13,0.7877559593429617,-0.1302940853861176,walk forward,0.11352225385031967,1.3748146781329735
25.8,-0.07663580303337958,0.19693898983574043,-0.02759946527551449,0,0,0.26526876399726607,0,0.3235168541643994,0.13,0.7877559593429617,-0.1302940853861176,walk forward,0.0866146082420821,1.4769599994261753
25.82,-0.09096977649026633,0.2084893519522168,-0.03757984234621792,0,0,0.2587192548780381,0,0.29273015501323124,0.0,0.8339574078088672,-0.16068702354560532,pause: high arousal,0.08922452627022438,1.739355975116045
25.84,-0.09096977649026633,0.2084893519522168,-0.03757984234621792,0,0,0.2587192548780381,0,0.29273015501323124,0.0,0.8339574078088672,-0.16068702354560532,pause: high arousal,0.0770283112063052,2.155984719532659
25.86,-0.09096977649026633,0.2084893519522168,-0.03757984234621792,0,0,0.2587192548780381,0,0.29273015501323124,0.0,0.8339574078088672,-0.16068702354560532,pause: high arousal,0.07499462150543801,2.5397115850997167
25.88,-0.09096977649026633,0.2084893519522168,-0.03757984234621792,0,0,0.2587192548780381,0,0.29273015501323124,0.0,0.8339574078088672,-0.16068702354560532,pause: high arousal,0.0758648632634315,2.7630835929533166
25.9,-0.09096977649026633,0.2084893519522168,-0.03757984234621792,0,0,0.2587192548780381,0,0.29273015501323124,0.0,0.8339574078088672,-0.16068702354560532,pause: high arousal,0.0784657239233622,2.6901655095721826
25.92,-0.10450932533520901,0.21851338469771492,-0.04701021349685769,0,0,0.2523314537151351,0,0.26487319764343836,0.0,0.8740535387908597,-0.18939942354008338,pause: high arousal,0.07893845956441811,2.389061224246299
25.94,-0.10450932533520901,0.21851338469771492,-0.04701021349685769,0,0,0.2523314537151351,0,0.26487319764343836,0.0,0.8740535387908597,-0.18939942354008338,pause: high arousal,0.07357587228175833,1.898083515623499
25.96,-0.10450932533520901,0.21851338469771492,-0.04701021349685769,0,0,0.2523314537151351,0,0.26487319764343836,0.0,0.8740535387908597,-0.18939942354008338,pause: high arousal,0.06745320741771117,1.2001737145215912
25.98,-0.10450932533520901,0.21851338469771492,-0.04701021349685769,0,0,0.2523314537151351,0,0.26487319764343836,0.0,0.8740535387908597,-0.18939942354008338,pause: high arousal,0.07499193679378453,0.7680643135374018
26.0,-0.10450932533520901,0.21851338469771492,-0.04701021349685769,0,0,0.2523314537151351,0,0.26487319764343836,0.0,0.8740535387908597,-0.18939942354008338,pause: high arousal,0.021263603474878715,1.5751378255825115
26.02,-0.11730449897822542,0.22719955256433555,-0.05592525823476158,0,0,0.2461013679248897,0,0.23966718026261716,0.0,0.9087982102573422,-0.21653719651623377,pause: high arousal,-0.010874855793974998,2.229933841100506
26.04,-0.11730449897822542,0.22719955256433555,-0.05592525823476158,0,0,0.2461013679248897,0,0.23966718026261716,0.0,0.9087982102573422,-0.21653719651623377,pause: high arousal,0.012390974675018937,2.694123949043118
26.06,-0.11730449897822542,0.22719955256433555,-0.05592525823476158,0,0,0.2461013679248897,0,0.23966718026261716,0.0,0.9087982102573422,-0.21653719651623377,pause: high arousal,0.011487762227178453,3.181980769110857
26.08,-0.11730449897822542,0.22719955256433555,-0.05592525823476158,0,0,0.2461013679248897,0,0.23966718026261716,0.0,0.9087982102573422,-0.21653719651623377,pause: high arousal,-0.005049958289412454,3.7611387132368015
26.1,-0.11730449897822542,0.22719955256433555,-0.05592525823476158,0,0,0.2461013679248897,0,0.23966718026261716,0.0,0.9087982102573422,-0.21653719651623377,pause: high arousal,-0.014268143763928206,4.326642362961348
26.12,-0.1294016019849314,0.2347094674466685,-0.0643570609938513,0,0,0.2400251035008765,0,0.2168598325767854,0.0,0.938837869786674,-0.24219832872347835,pause: high arousal,-0.022897345047139313,4.815310259047989
26.14,-0.1294016019849314,0.2347094674466685,-0.0643570609938513,0,0,0.2400251035008765,0,0.2168598325767854,0.0,0.938837869786674,-0.24219832872347835,pause: high arousal,-0.025427496552442683,5.186324697412941
26.16,-0.1294016019849314,0.2347094674466685,-0.0643570609938513,0,0,0.2400251035008765,0,0.2168598325767854,0.0,0.938837869786674,-0.24219832872347835,pause: high arousal,-0.02536309298600244,5.423405110998643
26.18,-0.1294016019849314,0.2347094674466685,-0.0643570609938513,0,0,0.2400251035008765,0,0.2168598325767854,0.0,0.938837869786674,-0.24219832872347835,pause: high arousal,-0.023488132613423324,5.532822701841908
26.2,-0.1294016019849314,0.2347094674466685,-0.0643570609938513,0,0,0.2400251035008765,0,0.2168598325767854,0.0,0.938837869786674,-0.24219832872347835,pause: high arousal,-0.01827629651629202,5.544142426720841
26.22,-0.1408435132187396,0.24118231234060836,-0.07233533228095868,0,0,0.2340988625800313,0,0.19622289098448897,0.0,0.9647292493624334,-0.2664735568746229,pause: high arousal,-0.014147275766638817,5.50721555862771
26.24,-0.1408435132187396,0.24118231234060836,-0.07233533228095868,0,0,0.2340988625800313,0,0.19622289098448897,0.0,0.9647292493624334,-0.2664735568746229,pause: high arousal,-0.0114849134487221,5.447113856093434
26.26,-0.1408435132187396,0.24118231234060836,-0.07233533228095868,0,0,0.2340988625800313,0,0.19622289098448897,0.0,0.9647292493624334,-0.2664735568746229,pause: high arousal,-0.010021669126809293,5.388369726909604
26.28,-0.1408435132187396,0.24118231234060836,-0.07233533228095868,0,0,0.2340988625800313,0,0.19622289098448897,0.0,0.9647292493624334,-0.2664735568746229,pause: high arousal,-0.009655541203718115,5.335362220767328
26.3,-0.1408435132187396,0.24118231234060836,-0.07233533228095868,0,0,0.2340988625800313,0,0.19622289098448897,0.0,0.9647292493624334,-0.2664735568746229,pause: high arousal,-0.007254388316009026,5.289970834340532
26.32,-0.15166997478284677,0.24673843973200782,-0.0798876088953685,0,0,0.22831894106886305,0,0.17754981403795655,0.0,0.9869537589280313,-0.2894469795977691,pause: high arousal,-0.008136614110961497,5.261748834968363
26.34,-0.15166997478284677,0.24673843973200782,-0.0798876088953685,0,0,0.22831894106886305,0,0.17754981403795655,0.0,0.9869537589280313,-0.2894469795977691,pause: high arousal,-0.006905293059787386,5.264270402417889
26.36,-0.15166997478284677,0.24673843973200782,-0.0798876088953685,0,0,0.22831894106886305,0,0.17754981403795655,0.0,0.9869537589280313,-0.2894469795977691,pause: high arousal,-0.004878968736318246,5.26552056301326
26.38,-0.15166997478284677,0.24673843973200782,-0.0798876088953685,0,0,0.22831894106886305,0,0.17754981403795655,0.0,0.9869537589280313,-0.2894469795977691,pause: high arousal,-0.004453233538603359,5.266615267996724
26.4,-0.15166997478284677,0.24673843973200782,-0.0798876088953685,0,0,0.22831894106886305,0,0.17754981403795655,0.0,0.9869537589280313,-0.2894469795977691,pause: high arousal,-0.002516873327855327,5.2768499490961664
26.42,-0.16191785388659258,0.25148231494816575,-0.08703943538672865,0,0,0.22268172632827488,0,0.16065371530686937,0.0,1.0,-0.3111966115916515,pause: high arousal,-0.001375654983655636,5.294191903467733
26.44,-0.16191785388659258,0.25148231494816575,-0.08703943538672865,0,0,0.22268172632827488,0,0.16065371530686937,0.0,1.0,-0.3111966115916515,pause: high arousal,-0.0014409270036080469,5.306511745261498
26.46,-0.16191785388659258,0.25148231494816575,-0.08703943538672865,0,0,0.22268172632827488,0,0.16065371530686937,0.0,1.0,-0.3111966115916515,pause: high arousal,-0.001056623546617302,5.312745331941762
26.48,-0.16191785388659258,0.25148231494816575,-0.08703943538672865,0,0,0.22268172632827488,0,0.16065371530686937,0.0,1.0,-0.3111966115916515,pause: high arousal,-0.0011080678689091292,5.304297693829124
26.5,-0.16191785388659258,0.25148231494816575,-0.08703943538672865,0,0,0.22268172632827488,0,0.16065371530686937,0.0,1.0,-0.3111966115916515,pause: high arousal,-0.0006276288982783303,5.277717503465116
26.52,-0.17162138041134334,0.2555049366145848,-0.0938145286743339,0,0,0.217183694915547,0,0.14536549295615178,0.0,1.0,-0.3317948863570966,pause: high arousal,-0.000837324214614487,5.261441702958182
26.54,-0.17162138041134334,0.2555049366145848,-0.0938145286743339,0,0,0.217183694915547,0,0.14536549295615178,0.0,1.0,-0.3317948863570966,pause: high arousal,-0.0009055029895569145,5.257642700574854
26.56,-0.17162138041134334,0.2555049366145848,-0.0938145286743339,0,0,0.217183694915547,0,0.14536549295615178,0.0,1.0,-0.3317948863570966,pause: high arousal,-0.0013341972190463829,5.2605385241022455
26.58,-0.17162138041134334,0.2555049366145848,-0.0938145286743339,0,0,0.217183694915547,0,0.14536549295615178,0.0,1.0,-0.3317948863570966,pause: high arousal,1.7150549509594081e-06,5.263096786114278
26.6,-0.17162138041134334,0.2555049366145848,-0.0938145286743339,0,0,0.217183694915547,0,0.14536549295615178,0.0,1.0,-0.3317948863570966,pause: high arousal,-0.000674909323292229,5.263134882344978
26.62,-0.18081236264348305,0.25888583738447046,-0.10023492753766303,0,0,0.2118214103820704,0,0.13153213731796884,0.0,1.0,-0.35130911272643256,pause: high arousal,0.00015841169482192914,5.262025144816933
26.64,-0.18081236264348305,0.25888583738447046,-0.10023492753766303,0,0,0.2118214103820704,0,0.13153213731796884,0.0,1.0,-0.35130911272643256,pause: high arousal,-0.00042820453532639363,5.259526463748559
26.66,-0.18081236264348305,0.25888583738447046,-0.10023492753766303,0,0,0.2118214103820704,0,0.13153213731796884,0.0,1.0,-0.35130911272643256,pause: high arousal,-0.0011351543590528159,5.2563888133267485
26.68,-0.18081236264348305,0.25888583738447046,-0.10023492753766303,0,0,0.2118214103820704,0,0.13153213731796884,0.0,1.0,-0.35130911272643256,pause: high arousal,-0.0009207396288875662,5.256343402079969
26.7,-0.18081236264348305,0.25888583738447046,-0.10023492753766303,0,0,0.2118214103820704,0,0.13153213731796884,0.0,1.0,-0.35130911272643256,pause: high arousal,-0.0007493308282341684,5.267694470328716
26.72,-0.18952038337105298,0.2616947459509902,-0.10632112850023406,0,0,0.20659152112545442,0,0.1190151995195422,0.0,1.0,-0.3698018898391088,pause: high arousal,-0.000952551100230943,5.285380845030555
26.74,-0.18952038337105298,0.2616947459509902,-0.10632112850023406,0,0,0.20659152112545442,0,0.1190151995195422,0.0,1.0,-0.3698018898391088,pause: high arousal,-0.0004778074925008459,5.305668750198036
26.76,-0.18952038337105298,0.2616947459509902,-0.10632112850023406,0,0,0.20659152112545442,0,0.1190151995195422,0.0,1.0,-0.3698018898391088,pause: high arousal,0.0004292770956950374,5.3168376057629745
26.78,-0.18952038337105298,0.2616947459509902,-0.10632112850023406,0,0,0.20659152112545442,0,0.1190151995195422,0.0,1.0,-0.3698018898391088,pause: high arousal,4.962644462896194e-05,5.3185084068490145
26.8,-0.18952038337105298,0.2616947459509902,-0.10632112850023406,0,0,0.20659152112545442,0,0.1190151995195422,0.0,1.0,-0.3698018898391088,pause: high arousal,0.0001656301099517805,5.315731199990644
26.82,-0.1977729783014502,0.2639929743053977,-0.11209220946313936,0,0,0.20149075829466637,0,0.10768940584029714,0.0,1.0,-0.3873314847057369,pause: high arousal,7.095541901171906e-06,5.315693585392782
26.84,-0.1977729783014502,0.2639929743053977,-0.11209220946313936,0,0,0.20149075829466637,0,0.10768940584029714,0.0,1.0,-0.3873314847057369,pause: high arousal,-0.0007177070932620058,5.327275748331379
26.86,-0.1977729783014502,0.2639929743053977,-0.11209220946313936,0,0,0.20149075829466637,0,0.10768940584029714,0.0,1.0,-0.3873314847057369,pause: high arousal,-0.000677505744686789,5.346911221660038
26.88,-0.1977729783014502,0.2639929743053977,-0.11209220946313936,0,0,0.20149075829466637,0,0.10768940584029714,0.0,1.0,-0.3873314847057369,pause: high arousal,-0.0010063203962829637,5.367154176289394
26.9,-0.1977729783014502,0.2639929743053977,-0.11209220946313936,0,0,0.20149075829466637,0,0.10768940584029714,0.0,1.0,-0.3873314847057369,pause: high arousal,-0.00022216997404806834,5.383807818801672
26.92,-0.20559579854638116,0.2658345810127807,-0.11756594229826353,0,0,0.19651593374689308,0,0.09744140393036105,0.0,1.0,-0.4039521760558058,pause: high arousal,-0.0004612351557623728,5.3938942152164735
26.94,-0.20559579854638116,0.2658345810127807,-0.11756594229826353,0,0,0.19651593374689308,0,0.09744140393036105,0.0,1.0,-0.4039521760558058,pause: high arousal,-0.00023022881179672475,5.397015053160282
26.96,-0.20559579854638116,0.2658345810127807,-0.11756594229826353,0,0,0.19651593374689308,0,0.09744140393036105,0.0,1.0,-0.4039521760558058,pause: high arousal,-0.0002999330325681025,5.397563622206727
26.98,-0.20559579854638116,0.2658345810127807,-0.11756594229826353,0,0,0.19651593374689308,0,0.09744140393036105,0.0,1.0,-0.4039521760558058,pause: high arousal,-0.0003800777857575994,5.393772281269118
27.0,-0.20559579854638116,0.2658345810127807,-0.11756594229826353,0,0,0.19651593374689308,0,0.09744140393036105,0.0,1.0,-0.4039521760558058,pause: high arousal,0.0004045886384964861,5.384045963703192
27.02,-0.21731895203499102,0.27932261516127693,-0.1257067426198192,0,0,0.581787902866181,0,0.9025223045745104,0.0,1.0,-0.4287821183185128,pause: high arousal,-0.012746199430932924,5.975422956910378
27.04,-0.21731895203499102,0.27932261516127693,-0.1257067426198192,0,0,0.581787902866181,0,0.9025223045745104,0.0,1.0,-0.4287821183185128,pause: high arousal,-0.016145777152940244,6.947213729955502
27.06,-0.21731895203499102,0.27932261516127693,-0.1257067426198192,0,0,0.581787902866181,0,0.9025223045745104,0.0,1.0,-0.4287821183185128,pause: high arousal,-0.010416150111847045,7.921716186609515
27.08,-0.21731895203499102,0.27932261516127693,-0.1257067426198192,0,0,0.581787902866181,0,0.9025223045745104,0.0,1.0,-0.4287821183185128,pause: high arousal,-0.005772667320644458,8.839563138545737
27.1,-0.21731895203499102,0.27932261516127693,-0.1257067426198192,0,0,0.581787902866181,0,0.9025223045745104,0.0,1.0,-0.4287821183185128,pause: high arousal,-0.002665308615098498,9.73464737244638
27.12,-0.22833899286902826,0.2907689495125719,-0.13336234598029134,0,0,0.567423508363563,0,0.8166359517910639,0.0,1.0,-0.4521266735616495,pause: high arousal,-0.003553538109270278,10.577784542193474
27.14,-0.22833899286902826,0.2907689495125719,-0.13336234598029134,0,0,0.567423508363563,0,0.8166359517910639,0.0,1.0,-0.4521266735616495,pause: high arousal,-0.004142707193601346,11.289144674643724
27.16,-0.22833899286902826,0.2907689495125719,-0.13336234598029134,0,0,0.567423508363563,0,0.8166359517910639,0.0,1.0,-0.4521266735616495,pause: high arousal,-0.0003049894926774946,11.897115517577767
27.18,-0.22833899286902826,0.2907689495125719,-0.13336234598029134,0,0,0.567423508363563,0,0.8166359517910639,0.0,1.0,-0.4521266735616495,pause: high arousal,0.005610471754062898,12.363305064442116
27.2,-0.22833899286902826,0.2907689495125719,-0.13336234598029134,0,0,0.567423508363563,0,0.8166359517910639,0.0,1.0,-0.4521266735616495,pause: high arousal,0.005531170799243751,12.80305068588513
27.22,-0.23870271794077763,0.3004554091024476,-0.14056507534233606,0,0,0.5534137720248746,0,0.7389227660939646,0.0,1.0,-0.4740847416038921,pause: high arousal,0.005495195993103336,13.182278828644893
27.24,-0.23870271794077763,0.3004554091024476,-0.14056507534233606,0,0,0.5534137720248746,0,0.7389227660939646,0.0,1.0,-0.4740847416038921,pause: high arousal,0.0072826322165783705,13.39886732954383
27.26,-0.23870271794077763,0.3004554091024476,-0.14056507534233606,0,0,0.5534137720248746,0,0.7389227660939646,0.0,1.0,-0.4740847416038921,pause: high arousal,0.009595398328381433,13.446365532928976
27.28,-0.23870271794077763,0.3004554091024476,-0.14056507534233606,0,0,0.5534137720248746,0,0.7389227660939646,0.0,1.0,-0.4740847416038921,pause: high arousal,0.014601150792129938,13.302982869645524
27.3,-0.23870271794077763,0.3004554091024476,-0.14056507534233606,0,0,0.5534137720248746,0,0.7389227660939646,0.0,1.0,-0.4740847416038921,pause: high arousal,0.01833086417632507,12.98461047660833
27.32,-0.2484532312164785,0.3086187124392412,-0.14734470273703004,0,0,0.5397499373088481,0,0.6686049678004522,0.0,1.0,-0.49474741744188566,pause: high arousal,0.017526140549827623,12.516314301933843
27.34,-0.2484532312164785,0.3086187124392412,-0.14734470273703004,0,0,0.5397499373088481,0,0.6686049678004522,0.0,1.0,-0.49474741744188566,pause: high arousal,0.01922853092081337,11.910648691475062
27.36,-0.2484532312164785,0.3086187124392412,-0.14734470273703004,0,0,0.5397499373088481,0,0.6686049678004522,0.0,1.0,-0.49474741744188566,pause: high arousal,0.021014935852691673,11.149942991640893
27.38,-0.2484532312164785,0.3086187124392412,-0.14734470273703004,0,0,0.5397499373088481,0,0.6686049678004522,0.0,1.0,-0.49474741744188566,pause: high arousal,-0.007207413673774157,10.296250577747891
27.4,-0.2484532312164785,0.3086187124392412,-0.14734470273703004,0,0,0.5397499373088481,0,0.6686049678004522,0.0,1.0,-0.49474741744188566,pause: high arousal,-0.033995157649805104,9.665722017901109
27.42,-0.2576302744522377,0.31545882289513943,-0.15372867769875087,0,0,0.5264234638739906,0,0.604978792750577,0.0,1.0,-0.5,pause: high arousal,-0.0370211300723656,9.037497781142863
27.44,-0.2576302744522377,0.31545882289513943,-0.15372867769875087,0,0,0.5264234638739906,0,0.604978792750577,0.0,1.0,-0.5,pause: high arousal,-0.028553471907896984,8.426678562255857
27.46,-0.2576302744522377,0.31545882289513943,-0.15372867769875087,0,0,0.5264234638739906,0,0.604978792750577,0.0,1.0,-0.5,pause: high arousal,-0.025301627671539213,7.83709258028976
27.48,-0.2576302744522377,0.31545882289513943,-0.15372867769875087,0,0,0.5264234638739906,0,0.604978792750577,0.0,1.0,-0.5,pause: high arousal,-0.023410907572631277,7.297678042766536
27.5,-0.2576302744522377,0.31545882289513943,-0.15372867769875087,0,0,0.5264234638739906,0,0.604978792750577,0.0,1.0,-0.5,pause: high arousal,-0.030762214925395805,6.809923389518519
27.52,-0.2662705251160235,0.3211455611686558,-0.15974233304847715,0,0,0.513426022240592,0,0.5474074487989439,0.0,1.0,-0.5,pause: high arousal,-0.032625085021185676,6.384033378357143
27.54,-0.2662705251160235,0.3211455611686558,-0.15974233304847715,0,0,0.513426022240592,0,0.5474074487989439,0.0,1.0,-0.5,pause: high arousal,-0.03736617518273929,5.989601805556966
27.56,-0.2662705251160235,0.3211455611686558,-0.15974233304847715,0,0,0.513426022240592,0,0.5474074487989439,0.0,1.0,-0.5,pause: high arousal,-0.04174959334299167,5.609644829952135
27.58,-0.2662705251160235,0.3211455611686558,-0.15974233304847715,0,0,0.513426022240592,0,0.5474074487989439,0.0,1.0,-0.5,pause: high arousal,-0.04511178288347442,5.2302407299170905
27.6,-0.2662705251160235,0.3211455611686558,-0.15974233304847715,0,0,0.513426022240592,0,0.5474074487989439,0.0,1.0,-0.5,pause: high arousal,-0.028999103974663692,4.903768685264317
27.62,-0.27440786506362963,0.3258238759536958,-0.16540907047613315,0,0,0.5007494885845285,0,0.4953147425848881,0.0,1.0,-0.5,pause: high arousal,-0.02090015183407752,4.717856994645026
27.64,-0.27440786506362963,0.3258238759536958,-0.16540907047613315,0,0,0.5007494885845285,0,0.4953147425848881,0.0,1.0,-0.5,pause: high arousal,-0.02067625374286418,4.5897532384535955
27.66,-0.27440786506362963,0.3258238759536958,-0.16540907047613315,0,0,0.5007494885845285,0,0.4953147425848881,0.0,1.0,-0.5,pause: high arousal,-0.01887682168129662,4.479296146183285
27.68,-0.27440786506362963,0.3258238759536958,-0.16540907047613315,0,0,0.5007494885845285,0,0.4953147425848881,0.0,1.0,-0.5,pause: high arousal,-0.016654143507150727,4.402387806827899
27.7,-0.27440786506362963,0.3258238759536958,-0.16540907047613315,0,0,0.5007494885845285,0,0.4953147425848881,0.0,1.0,-0.5,pause: high arousal,-0.014617299727335494,4.379106260705484
27.72,-0.28207362310234035,0.32961807207644983,-0.1707505280865324,0,0,0.4883859396596091,0,0.44817931279565604,0.0,1.0,-0.5,pause: high arousal,-0.012591234946689874,4.40772229805578
27.74,-0.28207362310234035,0.32961807207644983,-0.1707505280865324,0,0,0.4883859396596091,0,0.44817931279565604,0.0,1.0,-0.5,pause: high arousal,-0.011641851545957036,4.499571872354214
27.76,-0.28207362310234035,0.32961807207644983,-0.1707505280865324,0,0,0.4883859396596091,0,0.44817931279565604,0.0,1.0,-0.5,pause: high arousal,-0.011713324232935796,4.647537508874336
27.78,-0.28207362310234035,0.32961807207644983,-0.1707505280865324,0,0,0.4883859396596091,0,0.44817931279565604,0.0,1.0,-0.5,pause: high arousal,-0.011090148931358741,4.809702839675146
27.8,-0.28207362310234035,0.32961807207644983,-0.1707505280865324,0,0,0.4883859396596091,0,0.44817931279565604,0.0,1.0,-0.5,pause: high arousal,-0.00938812386510237,4.942708232158631
27.82,-0.28929679421358157,0.33263522325418604,-0.17578673182312282,0,0,0.4763276478452879,0,0.4055294122071521,0.0,1.0,-0.5,pause: high arousal,-0.009888092169087037,5.0550345843343125
27.84,-0.28929679421358157,0.33263522325418604,-0.17578673182312282,0,0,0.4763276478452879,0,0.4055294122071521,0.0,1.0,-0.5,pause: high arousal,-0.006383613461216443,5.146316465722274
27.86,-0.28929679421358157,0.33263522325418604,-0.17578673182312282,0,0,0.4763276478452879,0,0.4055294122071521,0.0,1.0,-0.5,pause: high arousal,-0.004046500622269561,5.204559112949775
27.88,-0.28929679421358157,0.33263522325418604,-0.17578673182312282,0,0,0.4763276478452879,0,0.4055294122071521,0.0,1.0,-0.5,pause: high arousal,-0.002727432200607003,5.245500738404016
27.9,-0.28929679421358157,0.33263522325418604,-0.17578673182312282,0,0,0.4763276478452879,0,0.4055294122071521,0.0,1.0,-0.5,pause: high arousal,-0.0014136918428369067,5.279254502106088
27.92,-0.29610423788824813,0.33496794309623945,-0.18053623246436448,0,0,0.46456707631665034,0,0.36693818627915986,0.0,1.0,-0.5,pause: high arousal,-0.0003751405892546236,5.305187427232534
27.94,-0.29610423788824813,0.33496794309623945,-0.18053623246436448,0,0,0.46456707631665034,0,0.36693818627915986,0.0,1.0,-0.5,pause: high arousal,9.36703366643621e-05,5.313910383547071
27.96,-0.29610423788824813,0.33496794309623945,-0.18053623246436448,0,0,0.46456707631665034,0,0.36693818627915986,0.0,1.0,-0.5,pause: high arousal,0.0011223385690597608,5.323790449593177
27.98,-0.29610423788824813,0.33496794309623945,-0.18053623246436448,0,0,0.46456707631665034,0,0.36693818627915986,0.0,1.0,-0.5,pause: high arousal,0.002232936141117425,5.345592983943172
28.0,-0.29610423788824813,0.33496794309623945,-0.18053623246436448,0,0,0.46456707631665034,0,0.36693818627915986,0.0,1.0,-0.5,pause: high arousal,0.0024355024022613713,5.369259194467659
28.02,-0.3025208577497607,0.3366966479302361,-0.18501622969510836,0,0,0.4530968743336519,0,0.3320194010516329,0.0,1.0,-0.5,pause: high arousal,0.0015762304777097536,5.384592603516356
28.04,-0.3025208577497607,0.3366966479302361,-0.18501622969510836,0,0,0.4530968743336519,0,0.3320194010516329,0.0,1.0,-0.5,pause: high arousal,0.0010368427820515215,5.400894614707135
28.06,-0.3025208577497607,0.3366966479302361,-0.18501622969510836,0,0,0.4530968743336519,0,0.3320194010516329,0.0,1.0,-0.5,pause: high arousal,0.0005820677114012878,5.425257943173229
28.08,-0.3025208577497607,0.3366966479302361,-0.18501622969510836,0,0,0.4530968743336519,0,0.3320194010516329,0.0,1.0,-0.5,pause: high arousal,0.00043622630992434986,5.443469039170415
28.1,-0.3025208577497607,0.3366966479302361,-0.18501622969510836,0,0,0.4530968743336519,0,0.3320194010516329,0.0,1.0,-0.5,pause: high arousal,0.0008149895201114274,5.452126454595289
28.12,-0.3085697643951427,0.3378914148827059,-0.1892426845862809,0,0,0.44190987264666654,0,0.3004235775854053,0.0,1.0,-0.5,pause: high arousal,-0.0015880478296619437,5.462104608979265
28.14,-0.3085697643951427,0.3378914148827059,-0.1892426845862809,0,0,0.44190987264666654,0,0.3004235775854053,0.0,1.0,-0.5,pause: high arousal,-0.0019445693307108933,5.481538263366222
28.16,-0.3085697643951427,0.3378914148827059,-0.1892426845862809,0,0,0.44190987264666654,0,0.3004235775854053,0.0,1.0,-0.5,pause: high arousal,-0.0021336233015042155,5.494681311218
28.18,-0.3085697643951427,0.3378914148827059,-0.1892426845862809,0,0,0.44190987264666654,0,0.3004235775854053,0.0,1.0,-0.5,pause: high arousal,-0.0025928346608918877,5.497664221903192
28.2,-0.3085697643951427,0.3378914148827059,-0.1892426845862809,0,0,0.44190987264666654,0,0.3004235775854053,0.0,1.0,-0.5,pause: high arousal,-0.0035198415799108777,5.510009602103248
28.22,-0.3142724231691484,0.33861351578053667,-0.19323042166749174,0,0,0.43099907901547196,0,0.2718344942595039,0.0,1.0,-0.5,pause: high arousal,-0.004096673176707416,5.524817870233834
28.24,-0.3142724231691484,0.33861351578053667,-0.19323042166749174,0,0,0.43099907901547196,0,0.2718344942595039,0.0,1.0,-0.5,pause: high arousal,-0.0021859203934271945,5.531922738893813
28.26,-0.3142724231691484,0.33861351578053667,-0.19323042166749174,0,0,0.43099907901547196,0,0.2718344942595039,0.0,1.0,-0.5,pause: high arousal,-0.0008459410413517882,5.521172205015475
28.28,-0.3142724231691484,0.33861351578053667,-0.19323042166749174,0,0,0.43099907901547196,0,0.2718344942595039,0.0,1.0,-0.5,pause: high arousal,-0.00022985733427831445,5.509528539746751
28.3,-0.3142724231691484,0.33861351578053667,-0.19323042166749174,0,0,0.43099907901547196,0,0.2718344942595039,0.0,1.0,-0.5,pause: high arousal,0.0001911384468068935,5.5078389121203
28.32,-0.3196487883969262,0.3389166899940965,-0.19699322164625865,0,0,0.42035767383887235,0,0.24596602191888037,0.0,1.0,-0.5,pause: high arousal,0.0007309557987526436,5.510907776262963
28.34,-0.3196487883969262,0.3389166899940965,-0.19699322164625865,0,0,0.42035767383887235,0,0.24596602191888037,0.0,1.0,-0.5,pause: high arousal,0.0009268265423565817,5.51228527561564
28.36,-0.3196487883969262,0.3389166899940965,-0.19699322164625865,0,0,0.42035767383887235,0,0.24596602191888037,0.0,1.0,-0.5,pause: high arousal,0.0007812525532987557,5.510618834979995
28.38,-0.3196487883969262,0.3389166899940965,-0.19699322164625865,0,0,0.42035767383887235,0,0.24596602191888037,0.0,1.0,-0.5,pause: high arousal,0.0003976708815683479,5.515778568271492
28.4,-0.3196487883969262,0.3389166899940965,-0.19699322164625865,0,0,0.42035767383887235,0,0.24596602191888037,0.0,1.0,-0.5,pause: high arousal,0.0007202918844735018,5.5203756830232065
28.42,-0.3247174254336115,0.3388482059492672,-0.20054390571212757,0,0,0.40997900589222513,0,0.22255926019765596,0.0,1.0,-0.5,pause: high arousal,-0.00018036929784886715,5.520168379730831
28.44,-0.3247174254336115,0.3388482059492672,-0.20054390571212757,0,0,0.40997900589222513,0,0.22255926019765596,0.0,1.0,-0.5,pause: high arousal,-0.0005700982319636562,5.5280704212891765
28.46,-0.3247174254336115,0.3388482059492672,-0.20054390571212757,0,0,0.40997900589222513,0,0.22255926019765596,0.0,1.0,-0.5,pause: high arousal,-0.0007473402303071874,5.538867206303706
28.48,-0.3247174254336115,0.3388482059492672,-0.20054390571212757,0,0,0.40997900589222513,0,0.22255926019765596,0.0,1.0,-0.5,pause: high arousal,-0.0012214989736335346,5.543481399766059
28.5,-0.3247174254336115,0.3388482059492672,-0.20054390571212757,0,0,0.40997900589222513,0,0.22255926019765596,0.0,1.0,-0.5,pause: high arousal,-0.001098966131502996,5.551994150628371
28.52,-0.3294956217417665,0.33844975069277394,-0.20389441226210142,0,0,0.3998565881702094,0,0.2013799463572403,0.0,1.0,-0.5,pause: high arousal,-0.0006404137587780564,5.559917488007505
28.54,-0.3294956217417665,0.33844975069277394,-0.20389441226210142,0,0,0.3998565881702094,0,0.2013799463572403,0.0,1.0,-0.5,pause: high arousal,-0.00023407221351388023,5.556409187178273
28.56,-0.3294956217417665,0.33844975069277394,-0.20389441226210142,0,0,0.3998565881702094,0,0.2013799463572403,0.0,1.0,-0.5,pause: high arousal,-0.0009568917849227069,5.557280800615325
28.58,-0.3294956217417665,0.33844975069277394,-0.20389441226210142,0,0,0.3998565881702094,0,0.2013799463572403,0.0,1.0,-0.5,pause: high arousal,0.00035943549467865336,5.562164908983741
28.6,-0.3294956217417665,0.33844975069277394,-0.20389441226210142,0,0,0.3998565881702094,0,0.2013799463572403,0.0,1.0,-0.5,pause: high arousal,0.0015156890153131268,5.526025291152747
28.62,-0.33399948807728286,0.3377581788634963,-0.20705586679378718,0,0,0.38998409383223614,0,0.18221611070610536,0.0,1.0,-0.5,pause: high arousal,0.0012675848275398585,5.475922100034875
28.64,-0.33399948807728286,0.3377581788634963,-0.20705586679378718,0,0,0.38998409383223614,0,0.18221611070610536,0.0,1.0,-0.5,pause: high arousal,7.875843611386481e-05,5.464617213744535
28.66,-0.33399948807728286,0.3377581788634963,-0.20705586679378718,0,0,0.38998409383223614,0,0.18221611070610536,0.0,1.0,-0.5,pause: high arousal,-0.00027933642361352965,5.465422283865207
28.68,-0.33399948807728286,0.3377581788634963,-0.20705586679378718,0,0,0.38998409383223614,0,0.18221611070610536,0.0,1.0,-0.5,pause: high arousal,0.0003175855140690216,5.456513785833449
28.7,-0.33399948807728286,0.3377581788634963,-0.20705586679378718,0,0,0.38998409383223614,0,0.18221611070610536,0.0,1.0,-0.5,pause: high arousal,0.0006364397048939086,5.446955761467537
28.72,-0.3382440507490997,0.33680614615207805,-0.21003864563305513,0,0,0.38035535224796724,0,0.16487595513586692,0.0,1.0,-0.5,pause: high arousal,1.8002534167801417e-05,5.438760235107662
28.74,-0.3382440507490997,0.33680614615207805,-0.21003864563305513,0,0,0.38035535224796724,0,0.16487595513586692,0.0,1.0,-0.5,pause: high arousal,0.0001258434261520141,5.430488274485623
28.76,-0.3382440507490997,0.33680614615207805,-0.21003864563305513,0,0,0.38035535224796724,0,0.16487595513586692,0.0,1.0,-0.5,pause: high arousal,0.0003649352286393622,5.426650192172763
28.78,-0.3382440507490997,0.33680614615207805,-0.21003864563305513,0,0,0.38035535224796724,0,0.16487595513586692,0.0,1.0,-0.5,pause: high arousal,0.00045802055772630905,5.420827570493326
28.8,-0.3382440507490997,0.33680614615207805,-0.21003864563305513,0,0,0.38035535224796724,0,0.16487595513586692,0.0,1.0,-0.5,pause: high arousal,0.0011882559076484122,5.413011530361868
28.82,-0.3422433358160189,0.3356226474107657,-0.21285243409250126,0,0,0.3709643451404704,0,0.1491859335413505,0.0,1.0,-0.5,pause: high arousal,0.0008730647420980885,5.3991426033002075
28.84,-0.3422433358160189,0.3356226474107657,-0.21285243409250126,0,0,0.3709643451404704,0,0.1491859335413505,0.0,1.0,-0.5,pause: high arousal,0.0018979663059256894,5.3767516852735495
28.86,-0.3422433358160189,0.3356226474107657,-0.21285243409250126,0,0,0.3709643451404704,0,0.1491859335413505,0.0,1.0,-0.5,pause: high arousal,0.0004978315809873032,5.3678228254314915
28.88,-0.3422433358160189,0.3356226474107657,-0.21285243409250126,0,0,0.3709643451404704,0,0.1491859335413505,0.0,1.0,-0.5,pause: high arousal,-1.5866604139522385e-05,5.374774396323179
28.9,-0.3422433358160189,0.3356226474107657,-0.21285243409250126,0,0,0.3709643451404704,0,0.1491859335413505,0.0,1.0,-0.5,pause: high arousal,-0.0002504012544588745,5.3830328344546
28.92,-0.3460104459934128,0.3342334756953692,-0.2155062795945022,0,0,0.36180520282460016,0,0.13498901491283988,0.0,1.0,-0.5,pause: high arousal,9.134006616727843e-05,5.386352938249918
28.94,-0.3460104459934128,0.3342334756953692,-0.2155062795945022,0,0,0.36180520282460016,0,0.13498901491283988,0.0,1.0,-0.5,pause: high arousal,-4.614057972864207e-05,5.3925328557304235
28.96,-0.3460104459934128,0.3342334756953692,-0.2155062795945022,0,0,0.36180520282460016,0,0.13498901491283988,0.0,1.0,-0.5,pause: high arousal,-0.0004575229945580503,5.39438032225545
28.98,-0.3460104459934128,0.3342334756953692,-0.2155062795945022,0,0,0.36180520282460016,0,0.13498901491283988,0.0,1.0,-0.5,pause: high arousal,-0.0023038208124198014,5.403982872669867
29.0,-0.3460104459934128,0.3342334756953692,-0.2155062795945022,0,0,0.36180520282460016,0,0.13498901491283988,0.0,1.0,-0.5,pause: high arousal,-0.0018418478571761935,5.411867903993156
29.02,-0.3495576309623173,0.33266161544713757,-0.21800864023718453,0,0,0.35287220053825386,0,0.12214311171695166,0.0,1.0,-0.5,pause: high arousal,-0.00014071750817069045,5.4041523571672005
29.04,-0.3495576309623173,0.33266161544713757,-0.21800864023718453,0,0,0.35287220053825386,0,0.12214311171695166,0.0,1.0,-0.5,pause: high arousal,0.00016971215483244228,5.394385683829317
29.06,-0.3495576309623173,0.33266161544713757,-0.21800864023718453,0,0,0.35287220053825386,0,0.12214311171695166,0.0,1.0,-0.5,pause: high arousal,-0.0003135220873631238,5.391270082430607
29.08,-0.3495576309623173,0.33266161544713757,-0.21800864023718453,0,0,0.35287220053825386,0,0.12214311171695166,0.0,1.0,-0.5,pause: high arousal,-0.00020797819025978708,5.392266739230317
29.1,-0.3495576309623173,0.33266161544713757,-0.21800864023718453,0,0,0.35287220053825386,0,0.12214311171695166,0.0,1.0,-0.5,pause: high arousal,0.0004332031739957649,5.38612395824497
29.12,-0.35289635170206257,0.3309275805757087,-0.2203674292323538,0,0,0.3441597548642085,0,0.11051965783684431,0.0,1.0,-0.5,pause: high arousal,2.510924698180116e-06,5.378013105171931
29.14,-0.35289635170206257,0.3309275805757087,-0.2203674292323538,0,0,0.3441597548642085,0,0.11051965783684431,0.0,1.0,-0.5,pause: high arousal,9.460466953757606e-05,5.378176940078157
29.16,-0.35289635170206257,0.3309275805757087,-0.2203674292323538,0,0,0.3441597548642085,0,0.11051965783684431,0.0,1.0,-0.5,pause: high arousal,0.0005422850355700472,5.3781932094898135
29.18,-0.35289635170206257,0.3309275805757087,-0.2203674292323538,0,0,0.3441597548642085,0,0.11051965783684431,0.0,1.0,-0.5,pause: high arousal,0.00020827805298807503,5.3765286582907645
29.2,-0.35289635170206257,0.3309275805757087,-0.2203674292323538,0,0,0.3441597548642085,0,0.11051965783684431,0.0,1.0,-0.5,pause: high arousal,0.00043143214721148783,5.376109017855649
29.22,-0.35603733940414817,0.3290497062485196,-0.22259005560060446,0,0,0.33566242024030374,0,0.09023295935052325,0.0,1.0,-0.5,pause: high arousal,-9.869558812844711e-05,5.374023969117558
29.24,-0.35603733940414817,0.3290497062485196,-0.22259005560060446,0,0,0.33566242024030374,0,0.09023295935052325,0.0,1.0,-0.5,pause: high arousal,-0.0004577449556441137,5.374195559057974
29.26,-0.35603733940414817,0.3290497062485196,-0.22259005560060446,0,0,0.33566242024030374,0,0.09023295935052325,0.0,1.0,-0.5,pause: high arousal,8.0239746232835e-05,5.37586673522057
29.28,-0.35603733940414817,0.3290497062485196,-0.22259005560060446,0,0,0.33566242024030374,0,0.09023295935052325,0.0,1.0,-0.5,pause: high arousal,-2.591976460167419e-06,5.378137117992228
29.3,-0.35603733940414817,0.3290497062485196,-0.22259005560060446,0,0,0.33566242024030374,0,0.09023295935052325,0.0,1.0,-0.5,pause: high arousal,-4.534911329973047e-05,5.394186857536066
29.32,-0.35899064946858966,0.32802947163837615,-0.22468346146982018,0,0,0.3273748855557878,0,0.08164615796047114,0.0,1.0,-0.5,pause: high arousal,-0.000319799701266331,5.413507330660669
29.34,-0.35899064946858966,0.32802947163837615,-0.22468346146982018,0,0,0.3273748855557878,0,0.08164615796047114,0.0,1.0,-0.5,pause: high arousal,-0.0007153647764811506,5.423465730162824
29.36,-0.35899064946858966,0.32802947163837615,-0.22468346146982018,0,0,0.3273748855557878,0,0.08164615796047114,0.0,1.0,-0.5,pause: high arousal,-0.0002633795967245987,5.439546014496701
29.38,-0.35899064946858966,0.32802947163837615,-0.22468346146982018,0,0,0.3273748855557878,0,0.08164615796047114,0.0,1.0,-0.5,pause: high arousal,-0.00029992325472728674,5.444670191689691
29.4,-0.35899064946858966,0.32802947163837615,-0.22468346146982018,0,0,0.3273748855557878,0,0.08164615796047114,0.0,1.0,-0.5,pause: high arousal,-0.000378514822886695,5.4409088144746285
29.42,-0.3617657110336323,0.3268328972133086,-0.22665415628850816,0,0,0.3192919708317009,0,0.07387649876150881,0.0,1.0,-0.5,pause: high arousal,-0.0023847046864486784,5.4423278161601445
29.44,-0.3617657110336323,0.3268328972133086,-0.22665415628850816,0,0,0.3192919708317009,0,0.07387649876150881,0.0,1.0,-0.5,pause: high arousal,-0.0016578502253627473,5.438054974020808
29.46,-0.3617657110336323,0.3268328972133086,-0.22665415628850816,0,0,0.3192919708317009,0,0.07387649876150881,0.0,1.0,-0.5,pause: high arousal,-0.0008683831833962031,5.4300414130701435
29.48,-0.3617657110336323,0.3268328972133086,-0.22665415628850816,0,0,0.3192919708317009,0,0.07387649876150881,0.0,1.0,-0.5,pause: high arousal,-0.0003471897974251671,5.4257547546895335
29.5,-0.3617657110336323,0.3268328972133086,-0.22665415628850816,0,0,0.3192919708317009,0,0.07387649876150881,0.0,1.0,-0.5,pause: high arousal,-0.0008254978087834495,5.428536198593087
29.52,-0.36437137244482987,0.3254784774373974,-0.22850824823439955,0,0,0.3114086239832191,0,0.06684622039290039,0.0,1.0,-0.5,pause: high arousal,-0.0010995065692332847,5.43150679188933
29.54,-0.36437137244482987,0.3254784774373974,-0.22850824823439955,0,0,0.3114086239832191,0,0.06684622039290039,0.0,1.0,-0.5,pause: high arousal,0.0004457527838180976,5.415733732581468
29.56,-0.36437137244482987,0.3254784774373974,-0.22850824823439955,0,0,0.3114086239832191,0,0.06684622039290039,0.0,1.0,-0.5,pause: high arousal,0.0010987496895917754,5.403341250888239
29.58,-0.36437137244482987,0.3254784774373974,-0.22850824823439955,0,0,0.3114086239832191,0,0.06684622039290039,0.0,1.0,-0.5,pause: high arousal,0.00040450286425749554,5.401051006648975
29.6,-0.36437137244482987,0.3254784774373974,-0.22850824823439955,0,0,0.3114086239832191,0,0.06684622039290039,0.0,1.0,-0.5,pause: high arousal,0.0011855732427390878,5.396520597826531
29.62,-0.366815943029399,0.32398278100698263,-0.2302514730710582,0,0,0.30371991766193757,0,0.06048496146577469,0.0,1.0,-0.5,pause: high arousal,0.00013565869800467474,5.39153235241153
29.64,-0.366815943029399,0.32398278100698263,-0.2302514730710582,0,0,0.30371991766193757,0,0.06048496146577469,0.0,1.0,-0.5,pause: high arousal,7.630434381055531e-05,5.3922603738492505
29.66,-0.366815943029399,0.32398278100698263,-0.2302514730710582,0,0,0.30371991766193757,0,0.06048496146577469,0.0,1.0,-0.5,pause: high arousal,0.0001000287561165334,5.395519744831848
29.68,-0.366815943029399,0.32398278100698263,-0.2302514730710582,0,0,0.30371991766193757,0,0.06048496146577469,0.0,1.0,-0.5,pause: high arousal,9.440742138783423e-05,5.398158827002385
29.7,-0.366815943029399,0.32398278100698263,-0.2302514730710582,0,0,0.30371991766193757,0,0.06048496146577469,0.0,1.0,-0.5,pause: high arousal,0.0002122283097391401,5.404720968359539
29.72,-0.36910723150593105,0.32236067108960625,-0.23188922068049148,0,0,0.2962210461761168,0,0.05472905636269608,0.0,1.0,-0.5,pause: high arousal,0.00038820620398304865,5.411352492415447
29.74,-0.36910723150593105,0.32236067108960625,-0.23188922068049148,0,0,0.2962210461761168,0,0.05472905636269608,0.0,1.0,-0.5,pause: high arousal,-0.0003693861597136193,5.413944768587216
29.76,-0.36910723150593105,0.32236067108960625,-0.23188922068049148,0,0,0.2962210461761168,0,0.05472905636269608,0.0,1.0,-0.5,pause: high arousal,-9.598062557485154e-05,5.420242814494803
29.78,-0.36910723150593105,0.32236067108960625,-0.23188922068049148,0,0,0.2962210461761168,0,0.05472905636269608,0.0,1.0,-0.5,pause: high arousal,-3.8605560097302014e-05,5.430794798645102
29.8,-0.36910723150593105,0.32236067108960625,-0.23188922068049148,0,0,0.2962210461761168,0,0.05472905636269608,0.0,1.0,-0.5,pause: high arousal,-0.001917472436822007,5.441052850073365
29.82,-0.37125258132748845,0.3206254974203812,-0.2334265594776173,0,0,0.28890732248696904,0,0.04952089805076642,0.0,1.0,-0.5,pause: high arousal,-0.0007854594973167172,5.442943263818958
29.84,-0.37125258132748845,0.3206254974203812,-0.2334265594776173,0,0,0.28890732248696904,0,0.04952089805076642,0.0,1.0,-0.5,pause: high arousal,-0.0002790268477280279,5.441832242551884
29.86,-0.37125258132748845,0.3206254974203812,-0.2334265594776173,0,0,0.28890732248696904,0,0.04952089805076642,0.0,1.0,-0.5,pause: high arousal,1.162698536953121e-05,5.439695297925344
29.88,-0.37125258132748845,0.3206254974203812,-0.2334265594776173,0,0,0.28890732248696904,0,0.04952089805076642,0.0,1.0,-0.5,pause: high arousal,-3.509817651138917e-05,5.418889690170749
29.9,-0.37125258132748845,0.3206254974203812,-0.2334265594776173,0,0,0.28890732248696904,0,0.04952089805076642,0.0,1.0,-0.5,pause: high arousal,-0.0009142173676658218,5.402221720418618
29.92,-0.3732589032274122,0.31878926432074106,-0.23486825889261545,0,0,0.2817741752791069,0,0.044808361531077465,0.0,1.0,-0.5,pause: high arousal,-0.0002626677545368302,5.401339712718887
29.94,-0.3732589032274122,0.31878926432074106,-0.23486825889261545,0,0,0.2817741752791069,0,0.044808361531077465,0.0,1.0,-0.5,pause: high arousal,0.0006713842130125533,5.397986240660214
29.96,-0.3732589032274122,0.31878926432074106,-0.23486825889261545,0,0,0.2817741752791069,0,0.044808361531077465,0.0,1.0,-0.5,pause: high arousal,0.0011725051012268927,5.3898173819735575
29.98,-0.3732589032274122,0.31878926432074106,-0.23486825889261545,0,0,0.2817741752791069,0,0.044808361531077465,0.0,1.0,-0.5,pause: high arousal,0.0015907890764708258,5.381237924879176
30.0,-0.3732589032274122,0.31878926432074106,-0.23486825889261545,0,0,0.2817741752791069,0,0.044808361531077465,0.0,1.0,-0.5,pause: high arousal,-0.0002598085451723884,5.375063423497752
30.02,-0.37513270521144026,0.31686277804547874,-0.23621881008942194,0,0,0.27481714610332175,0,0.040544282154201944,0.0,1.0,-0.5,pause: high arousal,2.6753655448220215e-05,5.3735814735314955
30.04,-0.37513270521144026,0.31686277804547874,-0.23621881008942194,0,0,0.27481714610332175,0,0.040544282154201944,0.0,1.0,-0.5,pause: high arousal,-0.0005555893774068727,5.374545667357063
30.06,-0.37513270521144026,0.31686277804547874,-0.23621881008942194,0,0,0.27481714610332175,0,0.040544282154201944,0.0,1.0,-0.5,pause: high arousal,-0.0002382747891628611,5.37707430607412
30.08,-0.37513270521144026,0.31686277804547874,-0.23621881008942194,0,0,0.27481714610332175,0,0.040544282154201944,0.0,1.0,-0.5,pause: high arousal,-5.976502461863936e-05,5.378730874906918
30.1,-0.37513270521144026,0.31686277804547874,-0.23621881008942194,0,0,0.27481714610332175,0,0.040544282154201944,0.0,1.0,-0.5,pause: high arousal,0.00010229360942092444,5.384589826201685
30.12,-0.3768801202166586,0.3148557763224551,-0.23748244507268507,0,0,0.2680318865899082,0,0.03668598358052952,0.0,1.0,-0.5,pause: high arousal,-0.00039409266241127006,5.4029221388910456
30.14,-0.3768801202166586,0.3148557763224551,-0.23748244507268507,0,0,0.2680318865899082,0,0.03668598358052952,0.0,1.0,-0.5,pause: high arousal,-3.2102365929226494e-05,5.414117882082098
30.16,-0.3768801202166586,0.3148557763224551,-0.23748244507268507,0,0,0.2680318865899082,0,0.03668598358052952,0.0,1.0,-0.5,pause: high arousal,-0.00013075321379223486,5.418516451896173
30.18,-0.3768801202166586,0.3148557763224551,-0.23748244507268507,0,0,0.2680318865899082,0,0.03668598358052952,0.0,1.0,-0.5,pause: high arousal,1.719733460131743e-05,5.419858789273974
30.2,-0.3768801202166586,0.3148557763224551,-0.23748244507268507,0,0,0.2680318865899082,0,0.03668598358052952,0.0,1.0,-0.5,pause: high arousal,-0.0009347436836393101,5.419588704678104
30.22,-0.37850693163708454,0.31277704250276617,-0.2386631543211868,0,0,0.2614141557307914,0,0.03319485066111594,0.0,1.0,-0.5,pause: high arousal,-0.0009983511626981665,5.420782959749023
30.24,-0.37850693163708454,0.31277704250276617,-0.2386631543211868,0,0,0.2614141557307914,0,0.03319485066111594,0.0,1.0,-0.5,pause: high arousal,0.00027595530599056886,5.417904153351971
30.26,-0.37850693163708454,0.31277704250276617,-0.2386631543211868,0,0,0.2614141557307914,0,0.03319485066111594,0.0,1.0,-0.5,pause: high arousal,0.0004057103861364189,5.412552296290942
30.28,-0.37850693163708454,0.31277704250276617,-0.2386631543211868,0,0,0.2614141557307914,0,0.03319485066111594,0.0,1.0,-0.5,pause: high arousal,-0.000956266662480741,5.408953327082067
30.3,-0.37850693163708454,0.31277704250276617,-0.2386631543211868,0,0,0.2614141557307914,0,0.03319485066111594,0.0,1.0,-0.5,pause: high arousal,-0.0006565289309947596,5.3957898332317615
30.32,-0.3800185968970569,0.31063450636953577,-0.2397647030728703,0,0,0.254959817228759,0,0.03003594296429341,0.0,1.0,-0.5,pause: high arousal,-0.0001713250801624226,5.377091129020685
30.34,-0.3800185968970569,0.31063450636953577,-0.2397647030728703,0,0,0.254959817228759,0,0.03003594296429341,0.0,1.0,-0.5,pause: high arousal,-0.001223498116562574,5.369754392111691
30.36,-0.3800185968970569,0.31063450636953577,-0.2397647030728703,0,0,0.254959817228759,0,0.03003594296429341,0.0,1.0,-0.5,pause: high arousal,-0.0012535389373888664,5.3688625193373145
30.38,-0.3800185968970569,0.31063450636953577,-0.2397647030728703,0,0,0.254959817228759,0,0.03003594296429341,0.0,1.0,-0.5,pause: high arousal,-0.00013781136507894532,5.364877568418331
30.4,-0.3800185968970569,0.31063450636953577,-0.2397647030728703,0,0,0.254959817228759,0,0.03003594296429341,0.0,1.0,-0.5,pause: high arousal,-3.545576418512292e-05,5.360515546552537
30.42,-0.3814202692368575,0.3084353333464928,-0.2407906463750425,0,0,0.2486648369121407,0,0.02717764508008659,0.0,1.0,-0.5,pause: high arousal,0.0020988716523826683,5.356432846265298
30.44,-0.3814202692368575,0.3084353333464928,-0.2407906463750425,0,0,0.2486648369121407,0,0.02717764508008659,0.0,1.0,-0.5,pause: high arousal,0.0013768968629160382,5.348387407797143
30.46,-0.3814202692368575,0.3084353333464928,-0.2407906463750425,0,0,0.2486648369121407,0,0.02717764508008659,0.0,1.0,-0.5,pause: high arousal,0.00044295519841916616,5.352872141570875
30.48,-0.3814202692368575,0.3084353333464928,-0.2407906463750425,0,0,0.2486648369121407,0,0.02717764508008659,0.0,1.0,-0.5,pause: high arousal,-0.00022740497041758869,5.367260447049685
30.5,-0.3814202692368575,0.3084353333464928,-0.2407906463750425,0,0,0.2486648369121407,0,0.02717764508008659,0.0,1.0,-0.5,pause: high arousal,0.00021676149013268535,5.39107662782931
30.52,-0.3827168178599044,0.306186003591602,-0.2417443430029038,0,0,0.24252528021331962,0,0.02459135020256325,0.0,1.0,-0.5,pause: high arousal,0.00014078014494193464,5.4090365521350385
30.54,-0.3827168178599044,0.306186003591602,-0.2417443430029038,0,0,0.24252528021331962,0,0.02459135020256325,0.0,1.0,-0.5,pause: high arousal,0.00011391572932549181,5.413694766402216
30.56,-0.3827168178599044,0.306186003591602,-0.2417443430029038,0,0,0.24252528021331962,0,0.02459135020256325,0.0,1.0,-0.5,pause: high arousal,0.00013373165168027864,5.415605336755502
30.58,-0.3827168178599044,0.306186003591602,-0.2417443430029038,0,0,0.24252528021331962,0,0.02459135020256325,0.0,1.0,-0.5,pause: high arousal,0.000380685434802351,5.420920004771166
30.6,-0.3827168178599044,0.306186003591602,-0.2417443430029038,0,0,0.24252528021331962,0,0.02459135020256325,0.0,1.0,-0.5,pause: high arousal,-0.0009138223443426705,5.429457298232749
30.62,-0.3839128465772697,0.30389238224698795,-0.24262896834016975,0,0,0.2365373097094995,0,0.0222511738233054,0.0,1.0,-0.5,pause: high arousal,-0.0008784387338351495,5.434337866543186
30.64,-0.3839128465772697,0.30389238224698795,-0.24262896834016975,0,0,0.2365373097094995,0,0.0222511738233054,0.0,1.0,-0.5,pause: high arousal,-0.0005663163219322487,5.4272031647440215
30.66,-0.3839128465772697,0.30389238224698795,-0.24262896834016975,0,0,0.2365373097094995,0,0.0222511738233054,0.0,1.0,-0.5,pause: high arousal,-0.0009735215171068443,5.406530376726813
30.68,-0.3839128465772697,0.30389238224698795,-0.24262896834016975,0,0,0.2365373097094995,0,0.0222511738233054,0.0,1.0,-0.5,pause: high arousal,0.000366827195157973,5.384034110547829
30.7,-0.3839128465772697,0.30389238224698795,-0.24262896834016975,0,0,0.2365373097094995,0,0.0222511738233054,0.0,1.0,-0.5,pause: high arousal,0.0002678996139700643,5.358965153005189
30.72,-0.38501271107301893,0.301559781936769,-0.24344752630708544,0,0,0.2306971827241904,0,0.020133694670548985,0.0,1.0,-0.5,pause: high arousal,7.498946931218479e-05,5.33274216037688
30.74,-0.38501271107301893,0.301559781936769,-0.24344752630708544,0,0,0.2306971827241904,0,0.020133694670548985,0.0,1.0,-0.5,pause: high arousal,3.866114359534182e-05,5.325313434103091
30.76,-0.38501271107301893,0.301559781936769,-0.24344752630708544,0,0,0.2306971827241904,0,0.020133694670548985,0.0,1.0,-0.5,pause: high arousal,-4.803557168274075e-05,5.32502156667823
30.78,-0.38501271107301893,0.301559781936769,-0.24344752630708544,0,0,0.2306971827241904,0,0.020133694670548985,0.0,1.0,-0.5,pause: high arousal,0.001126866853560948,5.317269521924439
30.8,-0.38501271107301893,0.301559781936769,-0.24344752630708544,0,0,0.2306971827241904,0,0.020133694670548985,0.0,1.0,-0.5,pause: high arousal,0.00043858232084718034,5.310993409599364
30.82,-0.38602053490280747,0.29919301845314894,-0.24420286041349204,0,0,0.2250012489879143,0,0.018217720301223903,0.0,1.0,-0.5,pause: high arousal,0.001318052514801352,5.306221677172238
30.84,-0.38602053490280747,0.29919301845314894,-0.24420286041349204,0,0,0.2250012489879143,0,0.018217720301223903,0.0,1.0,-0.5,pause: high arousal,0.0002960771348346091,5.303961622335786
30.86,-0.38602053490280747,0.29919301845314894,-0.24420286041349204,0,0,0.2250012489879143,0,0.018217720301223903,0.0,1.0,-0.5,pause: high arousal,0.0001434510862045159,5.305131125328761
30.88,-0.38602053490280747,0.29919301845314894,-0.24420286041349204,0,0,0.2250012489879143,0,0.018217720301223903,0.0,1.0,-0.5,pause: high arousal,-0.00023783635040233356,5.3086783720550725
30.9,-0.38602053490280747,0.29919301845314894,-0.24420286041349204,0,0,0.2250012489879143,0,0.018217720301223903,0.0,1.0,-0.5,pause: high arousal,-3.134094620557413e-05,5.312822024578641
30.92,-0.38694022432817893,0.2967964604433076,-0.24489766400770488,0,0,0.21944594835666764,0,0.01648407499986072,0.0,1.0,-0.5,pause: high arousal,-0.00010924524969277343,5.317470146309186
30.94,-0.38694022432817893,0.2967964604433076,-0.24489766400770488,0,0,0.21944594835666764,0,0.01648407499986072,0.0,1.0,-0.5,pause: high arousal,6.333072082658097e-05,5.319287480199775
30.96,-0.38694022432817893,0.2967964604433076,-0.24489766400770488,0,0,0.21944594835666764,0,0.01648407499986072,0.0,1.0,-0.5,pause: high arousal,1.0865495777093741e-05,5.3190427855492155
30.98,-0.38694022432817893,0.2967964604433076,-0.24489766400770488,0,0,0.21944594835666764,0,0.01648407499986072,0.0,1.0,-0.5,pause: high arousal,0.00038782110564220234,5.322744217454229
31.0,-0.38694022432817893,0.2967964604433076,-0.24489766400770488,0,0,0.21944594835666764,0,0.01648407499986072,0.0,1.0,-0.5,pause: high arousal,-0.0005874599546345692,5.3359119965530155
31.02,-0.3877754820799768,0.294374073801281,-0.24553448978572195,0,0,0.21402780858671555,0,0.014915407861585083,0.0,1.0,-0.5,pause: high arousal,-0.0017119799177741312,5.35502532711706
31.04,-0.3877754820799768,0.294374073801281,-0.24553448978572195,0,0,0.21402780858671555,0,0.014915407861585083,0.0,1.0,-0.5,pause: high arousal,-0.0017015833790017436,5.377867508293048
31.06,-0.3877754820799768,0.294374073801281,-0.24553448978572195,0,0,0.21402780858671555,0,0.014915407861585083,0.0,1.0,-0.5,pause: high arousal,-0.00046433710468519524,5.388408316328784
31.08,-0.3877754820799768,0.294374073801281,-0.24553448978572195,0,0,0.21402780858671555,0,0.014915407861585083,0.0,1.0,-0.5,pause: high arousal,0.00011577720273562824,5.386269091244744
31.1,-0.3877754820799768,0.294374073801281,-0.24553448978572195,0,0,0.21402780858671555,0,0.014915407861585083,0.0,1.0,-0.5,pause: high arousal,-0.0005628772164259142,5.383225590788579
31.12,-0.3885298201361093,0.2919294613768713,-0.24611575861963797,0,0,0.20874344316432636,0,0.0134960191384299,0.0,1.0,-0.5,pause: high arousal,0.0009712739452281168,5.353125990101915
31.14,-0.3885298201361093,0.2919294613768713,-0.24611575861963797,0,0,0.20874344316432636,0,0.0134960191384299,0.0,1.0,-0.5,pause: high arousal,0.001014442983106993,5.317494374017247
31.16,-0.3885298201361093,0.2919294613768713,-0.24611575861963797,0,0,0.20874344316432636,0,0.0134960191384299,0.0,1.0,-0.5,pause: high arousal,0.0010414962271003399,5.301394300495259
31.18,-0.3885298201361093,0.2919294613768713,-0.24611575861963797,0,0,0.20874344316432636,0,0.0134960191384299,0.0,1.0,-0.5,pause: high arousal,0.0011874321573269661,5.285221075104713
31.2,-0.3885298201361093,0.2919294613768713,-0.24611575861963797,0,0,0.20874344316432636,0,0.0134960191384299,0.0,1.0,-0.5,pause: high arousal,0.0003860670271281598,5.2745210595853536
31.22,-0.3892065715915062,0.28946589853500004,-0.24664376775902708,0,0,0.2035895491890904,0,0.012211703110980805,0.0,1.0,-0.5,pause: high arousal,-0.0004066367331199624,5.270962175021264
31.24,-0.3892065715915062,0.28946589853500004,-0.24664376775902708,0,0,0.2035895491890904,0,0.012211703110980805,0.0,1.0,-0.5,pause: high arousal,-0.0002255362541508377,5.270756185230374
31.26,-0.3892065715915062,0.28946589853500004,-0.24664376775902708,0,0,0.2035895491890904,0,0.012211703110980805,0.0,1.0,-0.5,pause: high arousal,-0.00015572227031736047,5.270384203539573
31.28,-0.3892065715915062,0.28946589853500004,-0.24664376775902708,0,0,0.2035895491890904,0,0.012211703110980805,0.0,1.0,-0.5,pause: high arousal,8.451408401520039e-05,5.27091308354283
31.3,-0.3892065715915062,0.28946589853500004,-0.24664376775902708,0,0,0.2035895491890904,0,0.012211703110980805,0.0,1.0,-0.5,pause: high arousal,4.4767358913167795e-05,5.279022674470564
31.32,-0.3898089016914015,0.2869863650316195,-0.24712069845442597,0,0,0.19856290530949966,0,0.011049605912761567,0.0,1.0,-0.5,pause: high arousal,0.0002970425857728396,5.284579256828374
31.34,-0.3898089016914015,0.2869863650316195,-0.24712069845442597,0,0,0.19856290530949966,0,0.011049605912761567,0.0,1.0,-0.5,pause: high arousal,-0.0001454031154877422,5.2960906068413225
31.36,-0.3898089016914015,0.2869863650316195,-0.24712069845442597,0,0,0.19856290530949966,0,0.011049605912761567,0.0,1.0,-0.5,pause: high arousal,-0.0007796380601538131,5.314977838655653
31.38,-0.3898089016914015,0.2869863650316195,-0.24712069845442597,0,0,0.19856290530949966,0,0.011049605912761567,0.0,1.0,-0.5,pause: high arousal,-0.0011456769154593914,5.325996152698979
31.4,-0.3898089016914015,0.2869863650316195,-0.24712069845442597,0,0,0.19856290530949966,0,0.011049605912761567,0.0,1.0,-0.5,pause: high arousal,-0.0011349728094382698,5.338192236449284
31.42,-0.39033981809299534,0.284493573614516,-0.24754862304784842,0,0,0.19366036970949824,0,0,0.0,1.0,-0.5,pause: high arousal,-0.00033359870600707577,5.360175387582793
31.44,-0.39033981809299534,0.284493573614516,-0.24754862304784842,0,0,0.19366036970949824,0,0,0.0,1.0,-0.5,pause: high arousal,-6.608232977746481e-06,5.371571332034623
31.46,-0.39033981809299534,0.284493573614516,-0.24754862304784842,0,0,0.19366036970949824,0,0,0.0,1.0,-0.5,pause: high arousal,-0.00034047409828817253,5.3755511821219555
31.48,-0.39033981809299534,0.284493573614516,-0.24754862304784842,0,0,0.19366036970949824,0,0,0.0,1.0,-0.5,pause: high arousal,-0.00023405651099232296,5.3806626026813555
31.5,-0.39033981809299534,0.284493573614516,-0.24754862304784842,0,0,0.19366036970949824,0,0,0.0,1.0,-0.5,pause: high arousal,-0.0004706215179419822,5.371439620911883
31.52,-0.3908021804150279,0.2828290941715939,-0.2479295115714507,0,0,0.18887887814474508,0,0,0.0,1.0,-0.5,pause: high arousal,-0.00022643672981772735,5.345784241587746
31.54,-0.3908021804150279,0.2828290941715939,-0.2479295115714507,0,0,0.18887887814474508,0,0,0.0,1.0,-0.5,pause: high arousal,-0.00010310162881357032,5.327619813179223
31.56,-0.3908021804150279,0.2828290941715939,-0.2479295115714507,0,0,0.18887887814474508,0,0,0.0,1.0,-0.5,pause: high arousal,-0.0002264579352195088,5.324663419701898
31.58,-0.3908021804150279,0.2828290941715939,-0.2479295115714507,0,0,0.18887887814474508,0,0,0.0,1.0,-0.5,pause: high arousal,0.00029449022766977844,5.319440268297194
31.6,-0.3908021804150279,0.2828290941715939,-0.2479295115714507,0,0,0.18887887814474508,0,0,0.0,1.0,-0.5,pause: high arousal,0.0004049571666359706,5.309966623380725
31.62,-0.3911987091297862,0.28113286138403804,-0.24826523789200422,0,0,0.18421544202736148,0,0,0.0,1.0,-0.5,pause: high arousal,0.0007625681138743129,5.305860098936662
31.64,-0.3911987091297862,0.28113286138403804,-0.24826523789200422,0,0,0.18421544202736148,0,0,0.0,1.0,-0.5,pause: high arousal,-0.00048298594853346874,5.3045896058989594
31.66,-0.3911987091297862,0.28113286138403804,-0.24826523789200422,0,0,0.18421544202736148,0,0,0.0,1.0,-0.5,pause: high arousal,-0.00022953782032591048,5.3035834174458465
31.68,-0.3911987091297862,0.28113286138403804,-0.24826523789200422,0,0,0.18421544202736148,0,0,0.0,1.0,-0.5,pause: high arousal,-0.00021998944222423436,5.302975431387734
31.7,-0.3911987091297862,0.28113286138403804,-0.24826523789200422,0,0,0.18421544202736148,0,0,0.0,1.0,-0.5,pause: high arousal,0.00017587516067352682,5.311975360633822
31.72,-0.3915319938475095,0.2794067561515563,-0.24855758543568535,0,0,0.17966714655796634,0,0,0.0,1.0,-0.5,pause: high arousal,0.00012467632297583176,5.314239121294075
31.74,-0.3915319938475095,0.2794067561515563,-0.24855758543568535,0,0,0.17966714655796634,0,0,0.0,1.0,-0.5,pause: high arousal,-0.00038185185900256065,5.314178678315139
31.76,-0.3915319938475095,0.2794067561515563,-0.24855758543568535,0,0,0.17966714655796634,0,0,0.0,1.0,-0.5,pause: high arousal,9.975310605132414e-05,5.323489760168028
31.78,-0.3915319938475095,0.2794067561515563,-0.24855758543568535,0,0,0.17966714655796634,0,0,0.0,1.0,-0.5,pause: high arousal,-0.00026361483549486975,5.334125353975993
31.8,-0.3915319938475095,0.2794067561515563,-0.24855758543568535,0,0,0.17966714655796634,0,0,0.0,1.0,-0.5,pause: high arousal,0.00015664221288351902,5.33410515445174
31.82,-0.3918045010390132,0.277652574129684,-0.24880825252482996,0,0,0.17523114890383168,0,0,0.0,1.0,-0.5,pause: high arousal,0.00018433224136541295,5.334148320190162
31.84,-0.3918045010390132,0.277652574129684,-0.24880825252482996,0,0,0.17523114890383168,0,0,0.0,1.0,-0.5,pause: high arousal,0.0002333234041773931,5.333142024633339
31.86,-0.3918045010390132,0.277652574129684,-0.24880825252482996,0,0,0.17523114890383168,0,0,0.0,1.0,-0.5,pause: high arousal,0.0011245517225464653,5.331412958452155
31.88,-0.3918045010390132,0.277652574129684,-0.24880825252482996,0,0,0.17523114890383168,0,0,0.0,1.0,-0.5,pause: high arousal,5.237095708312529e-05,5.332511609053119
31.9,-0.3918045010390132,0.277652574129684,-0.24880825252482996,0,0,0.17523114890383168,0,0,0.0,1.0,-0.5,pause: high arousal,-0.00017935553249452275,5.334404058836625
31.92,-0.39201858123858074,0.27587203068524613,-0.24901885735569432,0,0,0.17090467642201973,0,0,0.0,1.0,-0.5,pause: high arousal,0.0002582911610896604,5.328798931734873
31.94,-0.39201858123858074,0.27587203068524613,-0.24901885735569432,0,0,0.17090467642201973,0,0,0.0,1.0,-0.5,pause: high arousal,0.00010733404364864877,5.303638433434992
31.96,-0.39201858123858074,0.27587203068524613,-0.24901885735569432,0,0,0.17090467642201973,0,0,0.0,1.0,-0.5,pause: high arousal,0.000445948558388343,5.268752211002631
31.98,-0.39201858123858074,0.27587203068524613,-0.24901885735569432,0,0,0.17090467642201973,0,0,0.0,1.0,-0.5,pause: high arousal,0.0001300852111687207,5.251746711342609
32.0,-0.39201858123858074,0.27587203068524613,-0.24901885735569432,0,0,0.17090467642201973,0,0,0.0,1.0,-0.5,pause: high arousal,3.604925017528993e-05,5.242340794727093
32.02,-0.3921764757657353,0.2740667654998883,-0.24919094264389127,0,0,0.16668502492639073,0,0,0.0,1.0,-0.5,pause: high arousal,0.0014054696438219674,5.232348263347106
32.04,-0.3921764757657353,0.2740667654998883,-0.24919094264389127,0,0,0.16668502492639073,0,0,0.0,1.0,-0.5,pause: high arousal,3.392618267723106e-05,5.226171012297109
32.06,-0.3921764757657353,0.2740667654998883,-0.24919094264389127,0,0,0.16668502492639073,0,0,0.0,1.0,-0.5,pause: high arousal,4.407021319618279e-05,5.225586461072605
32.08,-0.3921764757657353,0.2740667654998883,-0.24919094264389127,0,0,0.16668502492639073,0,0,0.0,1.0,-0.5,pause: high arousal,0.00017303170473050963,5.226200323872986
32.1,-0.3921764757657353,0.2740667654998883,-0.24919094264389127,0,0,0.16668502492639073,0,0,0.0,1.0,-0.5,pause: high arousal,0.0016013894720244238,5.228665250368849
32.12,-0.3922803230013729,0.27223834684917725,-0.24932597996200695,0,0,0.16256955699739856,0,0,0.0,1.0,-0.5,pause: high arousal,0.0012169579145627244,5.2309621352219215
32.14,-0.3922803230013729,0.27223834684917725,-0.24932597996200695,0,0,0.16256955699739856,0,0,0.0,1.0,-0.5,pause: high arousal,0.0013294430230401688,5.23680944376232
32.16,-0.3922803230013729,0.27223834684917725,-0.24932597996200695,0,0,0.16256955699739856,0,0,0.0,1.0,-0.5,pause: high arousal,0.0005765259805836458,5.262560239498948
32.18,-0.3922803230013729,0.27223834684917725,-0.24932597996200695,0,0,0.16256955699739856,0,0,0.0,1.0,-0.5,pause: high arousal,-0.0006323719384497789,5.288942519364302
32.2,-0.3922803230013729,0.27223834684917725,-0.24932597996200695,0,0,0.16256955699739856,0,0,0.0,1.0,-0.5,pause: high arousal,-0.0005883734370384554,5.297376869306975
32.22,-0.39233216425088063,0.2703882755824649,-0.2494253737919302,0,0,0.15855570033361782,0,0,0.0,1.0,-0.5,pause: high arousal,-0.0009057811228899955,5.302542022236139
32.24,-0.39233216425088063,0.2703882755824649,-0.2494253737919302,0,0,0.15855570033361782,0,0,0.0,1.0,-0.5,pause: high arousal,-0.002057796350406575,5.3106950567849776
32.26,-0.39233216425088063,0.2703882755824649,-0.2494253737919302,0,0,0.15855570033361782,0,0,0.0,1.0,-0.5,pause: high arousal,-0.0004997486283789388,5.3266788798355975
32.28,-0.39233216425088063,0.2703882755824649,-0.2494253737919302,0,0,0.15855570033361782,0,0,0.0,1.0,-0.5,pause: high arousal,-0.0003650147647713966,5.343785171685977
32.3,-0.39233216425088063,0.2703882755824649,-0.2494253737919302,0,0,0.15855570033361782,0,0,0.0,1.0,-0.5,pause: high arousal,-0.0002429554379724883,5.351059233271893
32.32,-0.3923339492242561,0.26851798882661226,-0.2494904653126257,0,0,0.15464094614397145,0,0,0.0,1.0,-0.5,pause: high arousal,0.0004846529184643546,5.341645720275181
32.34,-0.3923339492242561,0.26851798882661226,-0.2494904653126257,0,0,0.15464094614397145,0,0,0.0,1.0,-0.5,pause: high arousal,-0.0006720494592786165,5.331429848791598
32.36,-0.3923339492242561,0.26851798882661226,-0.2494904653126257,0,0,0.15464094614397145,0,0,0.0,1.0,-0.5,pause: high arousal,3.5608353310478884e-05,5.32853771242379
32.38,-0.3923339492242561,0.26851798882661226,-0.2494904653126257,0,0,0.15464094614397145,0,0,0.0,1.0,-0.5,pause: high arousal,-0.0005261909745179988,5.3250117130687835
32.4,-0.3923339492242561,0.26851798882661226,-0.2494904653126257,0,0,0.15464094614397145,0,0,0.0,1.0,-0.5,pause: high arousal,-0.0005195682499535372,5.310315344594208
32.42,-0.3922875411608625,0.26662886343476006,-0.24952253594243679,0,0,0.15082284757965492,0,0,0.0,1.0,-0.5,pause: high arousal,-0.0008282069968592763,5.296415880814636
32.44,-0.3922875411608625,0.26662886343476006,-0.24952253594243679,0,0,0.15082284757965492,0,0,0.0,1.0,-0.5,pause: high arousal,-0.0004589320998299099,5.296845662165464
32.46,-0.3922875411608625,0.26662886343476006,-0.24952253594243679,0,0,0.15082284757965492,0,0,0.0,1.0,-0.5,pause: high arousal,-0.00015891130258598057,5.297427303143699
32.48,-0.3922875411608625,0.26662886343476006,-0.24952253594243679,0,0,0.15082284757965492,0,0,0.0,1.0,-0.5,pause: high arousal,6.832601301018815e-05,5.301566748669311
32.5,-0.3922875411608625,0.26662886343476006,-0.24952253594243679,0,0,0.15082284757965492,0,0,0.0,1.0,-0.5,pause: high arousal,4.721169778970074e-05,5.304099713865767
32.52,-0.39219472162427743,0.26472221919959105,-0.24952281065349988,0,0,0.14709901820477586,0,0,0.0,1.0,-0.5,pause: high arousal,0.0001199108287138082,5.30299209066821
32.54,-0.39219472162427743,0.26472221919959105,-0.24952281065349988,0,0,0.14709901820477586,0,0,0.0,1.0,-0.5,pause: high arousal,0.0002622247100719787,5.301675022669637
32.56,-0.39219472162427743,0.26472221919959105,-0.24952281065349988,0,0,0.14709901820477586,0,0,0.0,1.0,-0.5,pause: high arousal,0.00026847803086052627,5.305594961100056
32.58,-0.39219472162427743,0.26472221919959105,-0.24952281065349988,0,0,0.14709901820477586,0,0,0.0,1.0,-0.5,pause: high arousal,0.00029816294950240165,5.309582272694499
32.6,-0.39219472162427743,0.26472221919959105,-0.24952281065349988,0,0,0.14709901820477586,0,0,0.0,1.0,-0.5,pause: high arousal,0.00030572104263708907,5.312614812393529
32.62,-0.39205719499070035,0.26279932184894245,-0.2494924610744775,0,0,0.14346713050475404,0,0,0.0,1.0,-0.5,pause: high arousal,0.0003092376927576985,5.314655825371592
32.64,-0.39205719499070035,0.26279932184894245,-0.2494924610744775,0,0,0.14346713050475404,0,0,0.0,1.0,-0.5,pause: high arousal,-3.965418087832008e-05,5.313866974929162
32.66,-0.39205719499070035,0.26279932184894245,-0.2494924610744775,0,0,0.14346713050475404,0,0,0.0,1.0,-0.5,pause: high arousal,-0.00015632563473880483,5.316698598650728
32.68,-0.39205719499070035,0.26279932184894245,-0.2494924610744775,0,0,0.14346713050475404,0,0,0.0,1.0,-0.5,pause: high arousal,-0.0009101041582436947,5.333063267195659
32.7,-0.39205719499070035,0.26279932184894245,-0.2494924610744775,0,0,0.14346713050475404,0,0,0.0,1.0,-0.5,pause: high arousal,-0.00045102719319795433,5.34357977370174
32.72,-0.3918765926525638,0.26086138584017904,-0.24943260839655812,0,0,0.13992491443154897,0,0,0.0,1.0,-0.5,pause: high arousal,0.0001672138563836646,5.3456724453942615
32.74,-0.3918765926525638,0.26086138584017904,-0.24943260839655812,0,0,0.13992491443154897,0,0,0.0,1.0,-0.5,pause: high arousal,0.0005623373187206851,5.334634188199355
32.76,-0.3918765926525638,0.26086138584017904,-0.24943260839655812,0,0,0.13992491443154897,0,0,0.0,1.0,-0.5,pause: high arousal,0.00033132415080598627,5.329675082437147
32.78,-0.3918765926525638,0.26086138584017904,-0.24943260839655812,0,0,0.13992491443154897,0,0,0.0,1.0,-0.5,pause: high arousal,0.00023576506454356359,5.334602598493889
32.8,-0.3918765926525638,0.26086138584017904,-0.24943260839655812,0,0,0.13992491443154897,0,0,0.0,1.0,-0.5,pause: high arousal,-0.0006137077642783415,5.325909821839544
32.82,-0.39165447695732253,0.25890957696841427,-0.24934432609651802,0,0,0.13647015598480602,0,0,0.0,1.0,-0.5,pause: high arousal,-0.000415303401183847,5.319975270568719
32.84,-0.39165447695732253,0.25890957696841427,-0.24934432609651802,0,0,0.13647015598480602,0,0,0.0,1.0,-0.5,pause: high arousal,0.0008206433733026797,5.313190659372296
32.86,-0.39165447695732253,0.25890957696841427,-0.24934432609651802,0,0,0.13647015598480602,0,0,0.0,1.0,-0.5,pause: high arousal,-0.0004896556408493783,5.306121642835659
32.88,-0.39165447695732253,0.25890957696841427,-0.24934432609651802,0,0,0.13647015598480602,0,0,0.0,1.0,-0.5,pause: high arousal,0.0009176143240857973,5.297842844262607
32.9,-0.39165447695732253,0.25890957696841427,-0.24934432609651802,0,0,0.13647015598480602,0,0,0.0,1.0,-0.5,pause: high arousal,0.00030706003222681166,5.28926453550096
32.92,-0.3913923448998664,0.25694501480246007,-0.2492286424895846,0,0,0.133100695828034,0,0,0.0,1.0,-0.5,pause: high arousal,-0.0005870211548143535,5.285500313126754
32.94,-0.3913923448998664,0.25694501480246007,-0.2492286424895846,0,0,0.133100695828034,0,0,0.0,1.0,-0.5,pause: high arousal,-0.0004071449767083213,5.291086444213254
32.96,-0.3913923448998664,0.25694501480246007,-0.2492286424895846,0,0,0.133100695828034,0,0,0.0,1.0,-0.5,pause: high arousal,-0.00024777345909435483,5.296315932200764
32.98,-0.3913923448998664,0.25694501480246007,-0.2492286424895846,0,0,0.133100695828034,0,0,0.0,1.0,-0.5,pause: high arousal,0.0002159713359930444,5.297193436301866
33.0,-0.3913923448998664,0.25694501480246007,-0.2492286424895846,0,0,0.133100695828034,0,0,0.0,1.0,-0.5,pause: high arousal,0.000230166105191862,5.3037185714106565
33.02,-0.3910916315856002,0.25496877496128045,-0.2490865431238712,0,0,0.12981442793894968,0,0,0.0,1.0,-0.5,pause: high arousal,0.00043833808503809205,5.3281614131762
33.04,-0.3910916315856002,0.25496877496128045,-0.2490865431238712,0,0,0.12981442793894968,0,0,0.0,1.0,-0.5,pause: high arousal,0.0002706664999985441,5.347952559093972
33.06,-0.3910916315856002,0.25496877496128045,-0.2490865431238712,0,0,0.12981442793894968,0,0,0.0,1.0,-0.5,pause: high arousal,8.108921804688243e-05,5.352325343805002
33.08,-0.3910916315856002,0.25496877496128045,-0.2490865431238712,0,0,0.12981442793894968,0,0,0.0,1.0,-0.5,pause: high arousal,-0.0006931180072421537,5.344448996312498
33.1,-0.3910916315856002,0.25496877496128045,-0.2490865431238712,0,0,0.12981442793894968,0,0,0.0,1.0,-0.5,pause: high arousal,-0.0005214238249556774,5.334944974227553
33.12,-0.39075371347994614,0.2529818912427139,-0.24891897302726573,0,0,0.12660929829314532,0,0,0.0,1.0,-0.5,pause: high arousal,-0.0006897109680611131,5.3384050972539905
33.14,-0.39075371347994614,0.2529818912427139,-0.24891897302726573,0,0,0.12660929829314532,0,0,0.0,1.0,-0.5,pause: high arousal,0.00017697102888116677,5.341336534708039
33.16,-0.39075371347994614,0.2529818912427139,-0.24891897302726573,0,0,0.12660929829314532,0,0,0.0,1.0,-0.5,pause: high arousal,-0.00037703734753930716,5.346829819487289
33.18,-0.39075371347994614,0.2529818912427139,-0.24891897302726573,0,0,0.12660929829314532,0,0,0.0,1.0,-0.5,pause: high arousal,-0.0013991586281315725,5.3625204229889105
33.2,-0.39075371347994614,0.2529818912427139,-0.24891897302726573,0,0,0.12660929829314532,0,0,0.0,1.0,-0.5,pause: high arousal,0.00028122177666470955,5.342732585361571
33.22,-0.39037991145884526,0.2509853576153055,-0.24872683881683802,0,0,0.1234833035802565,0,0,0.0,1.0,-0.5,pause: high arousal,-0.0007399586643897732,5.311960752445943
33.24,-0.39037991145884526,0.2509853576153055,-0.24872683881683802,0,0,0.1234833035802565,0,0,0.0,1.0,-0.5,pause: high arousal,-6.296493859526899e-05,5.303172877066535
33.26,-0.39037991145884526,0.2509853576153055,-0.24872683881683802,0,0,0.1234833035802565,0,0,0.0,1.0,-0.5,pause: high arousal,-0.0004305348325787854,5.3021837129367455
33.28,-0.39037991145884526,0.2509853576153055,-0.24872683881683802,0,0,0.1234833035802565,0,0,0.0,1.0,-0.5,pause: high arousal,-0.00044516086729814595,5.304742273597731
33.3,-0.39037991145884526,0.2509853576153055,-0.24872683881683802,0,0,0.1234833035802565,0,0,0.0,1.0,-0.5,pause: high arousal,0.0007906362699064212,5.303605572327052
33.32,-0.3899714936737455,0.2489801300832408,-0.24851101068008297,0,0,0.12043448995182786,0,0,0.0,0.9959205203329632,-0.5,pause: high arousal,0.0005076943421027043,5.301166618278325
33.34,-0.3899714936737455,0.2489801300832408,-0.24851101068008297,0,0,0.12043448995182786,0,0,0.0,0.9959205203329632,-0.5,pause: high arousal,0.0007061812578573812,5.304757659913902
33.36,-0.3899714936737455,0.2489801300832408,-0.24851101068008297,0,0,0.12043448995182786,0,0,0.0,0.9959205203329632,-0.5,pause: high arousal,0.0006888524335137993,5.306615038051629
33.38,-0.3899714936737455,0.2489801300832408,-0.24851101068008297,0,0,0.12043448995182786,0,0,0.0,0.9959205203329632,-0.5,pause: high arousal,0.001183665800116823,5.302913897509041
33.4,-0.3899714936737455,0.2489801300832408,-0.24851101068008297,0,0,0.12043448995182786,0,0,0.0,0.9959205203329632,-0.5,pause: high arousal,-0.0001546176668923358,5.297744033390525
33.42,-0.38952967824357015,0.2469671284335988,-0.248272324236626,0,0,0.11746095180009435,0,0,0.0,0.9878685137343952,-0.5,pause: high arousal,0.0007575956532786846,5.304096393578394
33.44,-0.38952967824357015,0.2469671284335988,-0.248272324236626,0,0,0.11746095180009435,0,0,0.0,0.9878685137343952,-0.5,pause: high arousal,-0.0003109509294397017,5.319175265430234
33.46,-0.38952967824357015,0.2469671284335988,-0.248272324236626,0,0,0.11746095180009435,0,0,0.0,0.9878685137343952,-0.5,pause: high arousal,-0.000796389229272716,5.334682606097089
33.48,-0.38952967824357015,0.2469671284335988,-0.248272324236626,0,0,0.11746095180009435,0,0,0.0,0.9878685137343952,-0.5,pause: high arousal,0.0005320213056804476,5.3431098888739434
33.5,-0.38952967824357015,0.2469671284335988,-0.248272324236626,0,0,0.11746095180009435,0,0,0.0,0.9878685137343952,-0.5,pause: high arousal,-0.001678352855697787,5.352887729873572
33.52,-0.3890556357852402,0.24494723787442796,-0.24801158228838446,0,0,0.11456083056691424,0,0,0.0,0.9797889514977118,-0.5,pause: high arousal,0.0003678978695703841,5.363457460800387
33.54,-0.3890556357852402,0.24494723787442796,-0.24801158228838446,0,0,0.11456083056691424,0,0,0.0,0.9797889514977118,-0.5,pause: high arousal,0.00022284188534387904,5.358201210463358
33.56,-0.3890556357852402,0.24494723787442796,-0.24801158228838446,0,0,0.11456083056691424,0,0,0.0,0.9797889514977118,-0.5,pause: high arousal,-0.00011930601515112127,5.345408350165736
33.58,-0.3890556357852402,0.24494723787442796,-0.24801158228838446,0,0,0.11456083056691424,0,0,0.0,0.9797889514977118,-0.5,pause: high arousal,-0.00022353065082455982,5.329374378337759
33.6,-0.3890556357852402,0.24494723787442796,-0.24801158228838446,0,0,0.11456083056691424,0,0,0.0,0.9797889514977118,-0.5,pause: high arousal,9.165114611466192e-05,5.30302255688084
33.62,-0.38855049179348056,0.24292131057149627,-0.24772955646559494,0,0,0.11173231358210983,0,0,0.0,0.9716852422859851,-0.5,pause: high arousal,3.240439931697629e-05,5.290807971382632
33.64,-0.38855049179348056,0.24292131057149627,-0.24772955646559494,0,0,0.11173231358210983,0,0,0.0,0.9716852422859851,-0.5,pause: high arousal,0.0007924090606173319,5.2724954180541665
33.66,-0.38855049179348056,0.24292131057149627,-0.24772955646559494,0,0,0.11173231358210983,0,0,0.0,0.9716852422859851,-0.5,pause: high arousal,0.00022069721220267617,5.23809066652237
33.68,-0.38855049179348056,0.24292131057149627,-0.24772955646559494,0,0,0.11173231358210983,0,0,0.0,0.9716852422859851,-0.5,pause: high arousal,2.9206206280668048e-05,5.204513131272078
33.7,-0.38855049179348056,0.24292131057149627,-0.24772955646559494,0,0,0.11173231358210983,0,0,0.0,0.9716852422859851,-0.5,pause: high arousal,0.0004459888549923697,5.192389906838171
33.72,-0.3880153288798623,0.24089016709096617,-0.24742698877557973,0,0,0.10897363293048962,0,0,0.0,0.9635606683638647,-0.5,pause: high arousal,4.646885393865505e-05,5.189344718276136
33.74,-0.3880153288798623,0.24089016709096617,-0.24742698877557973,0,0,0.10897363293048962,0,0,0.0,0.9635606683638647,-0.5,pause: high arousal,3.613197577446213e-05,5.188755505887136
33.76,-0.3880153288798623,0.24089016709096617,-0.24742698877557973,0,0,0.10897363293048962,0,0,0.0,0.9635606683638647,-0.5,pause: high arousal,-7.031871124202387e-05,5.188514156217208
33.78,-0.3880153288798623,0.24089016709096617,-0.24742698877557973,0,0,0.10897363293048962,0,0,0.0,0.9635606683638647,-0.5,pause: high arousal,1.4944802936122509e-05,5.19130786997369
33.8,-0.3880153288798623,0.24089016709096617,-0.24742698877557973,0,0,0.10897363293048962,0,0,0.0,0.9635606683638647,-0.5,pause: high arousal,-0.0002442801988762859,5.212583288595495
33.82,-0.3874511888803174,0.2388545977546937,-0.24710459306063065,0,0,0.10628306434684365,0,0,0.0,0.9554183910187748,-0.5,pause: high arousal,0.0007518228270591101,5.244814698814311
33.84,-0.3874511888803174,0.2388545977546937,-0.24710459306063065,0,0,0.10628306434684365,0,0,0.0,0.9554183910187748,-0.5,pause: high arousal,0.0010766204109240404,5.281954830474994
33.86,-0.3874511888803174,0.2388545977546937,-0.24710459306063065,0,0,0.10628306434684365,0,0,0.0,0.9554183910187748,-0.5,pause: high arousal,0.00028338840430326825,5.305107934386441
33.88,-0.3874511888803174,0.2388545977546937,-0.24710459306063065,0,0,0.10628306434684365,0,0,0.0,0.9554183910187748,-0.5,pause: high arousal,9.71763393808738e-05,5.314886600391066
33.9,-0.3874511888803174,0.2388545977546937,-0.24710459306063065,0,0,0.10628306434684365,0,0,0.0,0.9554183910187748,-0.5,pause: high arousal,-0.0008837244408962959,5.320144819832957
33.92,-0.3868590748397003,0.23681536391434493,-0.24676305637093215,0,0,0.10365892613822168,0,0,0.0,0.9472614556573797,-0.5,pause: high arousal,-0.00013597443383611433,5.316268484026454
33.94,-0.3868590748397003,0.23681536391434493,-0.24676305637093215,0,0,0.10365892613822168,0,0,0.0,0.9472614556573797,-0.5,pause: high arousal,-0.0005375472036250916,5.316465370247137
33.96,-0.3868590748397003,0.23681536391434493,-0.24676305637093215,0,0,0.10365892613822168,0,0,0.0,0.9472614556573797,-0.5,pause: high arousal,-0.00019511999941545266,5.317981747893787
33.98,-0.3868590748397003,0.23681536391434493,-0.24676305637093215,0,0,0.10365892613822168,0,0,0.0,0.9472614556573797,-0.5,pause: high arousal,-0.0008133943765613473,5.3210845966263145
34.0,-0.3868590748397003,0.23681536391434493,-0.24676305637093215,0,0,0.10365892613822168,0,0,0.0,0.9472614556573797,-0.5,pause: high arousal,-0.0007488484762870371,5.326146052389823
34.02,-0.386239952881363,0.23477319915005607,-0.24640304025802517,0,0,0.10109957813282042,0,0,0.0,0.9390927966002243,-0.5,pause: high arousal,-0.0007086117786113539,5.329697182812851
34.04,-0.386239952881363,0.23477319915005607,-0.24640304025802517,0,0,0.10109957813282042,0,0,0.0,0.9390927966002243,-0.5,pause: high arousal,-0.00040732509369701634,5.333299238060911
34.06,-0.386239952881363,0.23477319915005607,-0.24640304025802517,0,0,0.10109957813282042,0,0,0.0,0.9390927966002243,-0.5,pause: high arousal,-0.0002848316112071153,5.330032246107227
34.08,-0.386239952881363,0.23477319915005607,-0.24640304025802517,0,0,0.10109957813282042,0,0,0.0,0.9390927966002243,-0.5,pause: high arousal,-0.001030927295246066,5.315060363813906
34.1,-0.386239952881363,0.23477319915005607,-0.24640304025802517,0,0,0.10109957813282042,0,0,0.0,0.9390927966002243,-0.5,pause: high arousal,0.001030399914448885,5.297631930124338
34.12,-0.3855947539691471,0.23272881039893512,-0.24602518199392456,0,0,0.09860342065482261,0,0,0.0,0.9309152415957405,-0.5,pause: high arousal,0.0018461344523329837,5.283350313386101
34.14,-0.3855947539691471,0.23272881039893512,-0.24602518199392456,0,0,0.09860342065482261,0,0,0.0,0.9309152415957405,-0.5,pause: high arousal,0.0014335771982471024,5.272954938456261
34.16,-0.3855947539691471,0.23272881039893512,-0.24602518199392456,0,0,0.09860342065482261,0,0,0.0,0.9309152415957405,-0.5,pause: high arousal,0.0006886981804276629,5.2671081635704295
34.18,-0.3855947539691471,0.23272881039893512,-0.24602518199392456,0,0,0.09860342065482261,0,0,0.0,0.9309152415957405,-0.5,pause: high arousal,0.0005802491098856622,5.2634228581580595
34.2,-0.3855947539691471,0.23272881039893512,-0.24602518199392456,0,0,0.09860342065482261,0,0,0.0,0.9309152415957405,-0.5,pause: high arousal,0.0007187663954455675,5.270651896675559
34.22,-0.38492437556867704,0.23068287901830764,-0.24563009572064443,0,0,0.09616889352454772,0,0,0.0,0.9227315160732306,-0.5,pause: high arousal,0.0002138529591978797,5.276142181110181
34.24,-0.38492437556867704,0.23068287901830764,-0.24563009572064443,0,0,0.09616889352454772,0,0,0.0,0.9227315160732306,-0.5,pause: high arousal,0.000796517750908127,5.289303083226052
34.26,-0.38492437556867704,0.23068287901830764,-0.24563009572064443,0,0,0.09616889352454772,0,0,0.0,0.9227315160732306,-0.5,pause: high arousal,-0.0005106857704985038,5.306502661215706
34.28,-0.38492437556867704,0.23068287901830764,-0.24563009572064443,0,0,0.09616889352454772,0,0,0.0,0.9227315160732306,-0.5,pause: high arousal,-0.0015452247252807213,5.323481385506272
34.3,-0.38492437556867704,0.23068287901830764,-0.24563009572064443,0,0,0.09616889352454772,0,0,0.0,0.9227315160732306,-0.5,pause: high arousal,-0.0010086881264835706,5.334032158607524
34.32,-0.3842296832143595,0.22863606178824597,-0.24521837353455445,0,0,0.09379447508328873,0,0,0.0,0.9145442471529839,-0.5,pause: high arousal,3.151787625763346e-05,5.337219636465578
34.34,-0.3842296832143595,0.22863606178824597,-0.24521837353455445,0,0,0.09379447508328873,0,0,0.0,0.9145442471529839,-0.5,pause: high arousal,0.0002728854434050678,5.338761476204311
34.36,-0.3842296832143595,0.22863606178824597,-0.24521837353455445,0,0,0.09379447508328873,0,0,0.0,0.9145442471529839,-0.5,pause: high arousal,0.0005997314088887169,5.339124557806135
34.38,-0.3842296832143595,0.22863606178824597,-0.24521837353455445,0,0,0.09379447508328873,0,0,0.0,0.9145442471529839,-0.5,pause: high arousal,-0.0009004659083334362,5.341606964291917
34.4,-0.3842296832143595,0.22863606178824597,-0.24521837353455445,0,0,0.09379447508328873,0,0,0.0,0.9145442471529839,-0.5,pause: high arousal,-0.0005456729854079366,5.345006199201582
34.42,-0.38351151198805034,0.22658899185758472,-0.244790586509684,0,0,0.09147868124222597,0,0,0.0,0.9063559674303389,-0.5,pause: high arousal,0.0008043217913863128,5.327413334856601
34.44,-0.38351151198805034,0.22658899185758472,-0.244790586509684,0,0,0.09147868124222597,0,0,0.0,0.9063559674303389,-0.5,pause: high arousal,0.0007331922286966423,5.295282263248375
34.46,-0.38351151198805034,0.22658899185758472,-0.244790586509684,0,0,0.09147868124222597,0,0,0.0,0.9063559674303389,-0.5,pause: high arousal,0.00012846825579639455,5.271931612375145
34.48,-0.38351151198805034,0.22658899185758472,-0.244790586509684,0,0,0.09147868124222597,0,0,0.0,0.9063559674303389,-0.5,pause: high arousal,0.0005070153874332862,5.2546867771633385
34.5,-0.38351151198805034,0.22658899185758472,-0.244790586509684,0,0,0.09147868124222597,0,0,0.0,0.9063559674303389,-0.5,pause: high arousal,-0.00012860125518738815,5.24911057062266
34.52,-0.382770667914939,0.22454227963731743,-0.2443472856638073,0,0,0.08922006455482329,0,0,0.0,0.8981691185492697,-0.5,pause: high arousal,0.0006763301502021814,5.238326693934389
34.54,-0.382770667914939,0.22454227963731743,-0.2443472856638073,0,0,0.08922006455482329,0,0,0.0,0.8981691185492697,-0.5,pause: high arousal,1.3812150071564912e-05,5.222766276762956
34.56,-0.382770667914939,0.22454227963731743,-0.2443472856638073,0,0,0.08922006455482329,0,0,0.0,0.8981691185492697,-0.5,pause: high arousal,-0.0004124164124111985,5.232527712909675
34.58,-0.382770667914939,0.22454227963731743,-0.2443472856638073,0,0,0.08922006455482329,0,0,0.0,0.8981691185492697,-0.5,pause: high arousal,-0.0003863269627248959,5.249055352003601
34.6,-0.382770667914939,0.22454227963731743,-0.2443472856638073,0,0,0.08922006455482329,0,0,0.0,0.8981691185492697,-0.5,pause: high arousal,0.00020588556918189308,5.2390720932879065
34.62,-0.3820079292818235,0.22249651364498307,-0.24388900287088122,0,0,0.08701721331212686,0,0,0.0,0.8899860545799323,-0.5,pause: high arousal,-0.00013338663945196524,5.223353174553303
34.64,-0.3820079292818235,0.22249651364498307,-0.24388900287088122,0,0,0.08701721331212686,0,0,0.0,0.8899860545799323,-0.5,pause: high arousal,0.0003026689284400353,5.2225168302295755
34.66,-0.3820079292818235,0.22249651364498307,-0.24388900287088122,0,0,0.08701721331212686,0,0,0.0,0.8899860545799323,-0.5,pause: high arousal,-0.0007787333072201161,5.234873918985303
34.68,-0.3820079292818235,0.22249651364498307,-0.24388900287088122,0,0,0.08701721331212686,0,0,0.0,0.8899860545799323,-0.5,pause: high arousal,-0.0005711333489325017,5.256937334409873
34.7,-0.3820079292818235,0.22249651364498307,-0.24388900287088122,0,0,0.08701721331212686,0,0,0.0,0.8899860545799323,-0.5,pause: high arousal,-0.0006111423270110067,5.272262389689386
34.72,-0.38122404788259406,0.22045226130338763,-0.24341625172316414,0,0,0.0848687506604011,0,0,0.0,0.8818090452135505,-0.5,pause: high arousal,-0.0010054892181932326,5.286418837963477
34.74,-0.38122404788259406,0.22045226130338763,-0.24341625172316414,0,0,0.0848687506604011,0,0,0.0,0.8818090452135505,-0.5,pause: high arousal,-0.00013044579308513188,5.295870989159844
34.76,-0.38122404788259406,0.22045226130338763,-0.24341625172316414,0,0,0.0848687506604011,0,0,0.0,0.8818090452135505,-0.5,pause: high arousal,-0.00045697640052711483,5.298227306283837
34.78,-0.38122404788259406,0.22045226130338763,-0.24341625172316414,0,0,0.0848687506604011,0,0,0.0,0.8818090452135505,-0.5,pause: high arousal,-0.000759175807954845,5.3001918789921065
34.8,-0.38122404788259406,0.22045226130338763,-0.24341625172316414,0,0,0.0848687506604011,0,0,0.0,0.8818090452135505,-0.5,pause: high arousal,-0.0016890711297526664,5.303309457681107
34.82,-0.3804197501954214,0.2184100696967634,-0.24292952834611994,0,0,0.08277333374055029,0,0,0.0,0.8736402787870536,-0.5,pause: high arousal,-0.0012993577827541606,5.307614771768505
34.84,-0.3804197501954214,0.2184100696967634,-0.24292952834611994,0,0,0.08277333374055029,0,0,0.0,0.8736402787870536,-0.5,pause: high arousal,-0.0005504457806177231,5.304758904516952
34.86,-0.3804197501954214,0.2184100696967634,-0.24292952834611994,0,0,0.08277333374055029,0,0,0.0,0.8736402787870536,-0.5,pause: high arousal,-0.0002834176119919035,5.283806623437566
34.88,-0.3804197501954214,0.2184100696967634,-0.24292952834611994,0,0,0.08277333374055029,0,0,0.0,0.8736402787870536,-0.5,pause: high arousal,-0.00020903572964864564,5.259964734590589
34.9,-0.3804197501954214,0.2184100696967634,-0.24292952834611994,0,0,0.08277333374055029,0,0,0.0,0.8736402787870536,-0.5,pause: high arousal,-2.7543377616616894e-05,5.252089074493309
34.92,-0.37959573849584094,0.21637046628724316,-0.2424293121690023,0,0,0.08072965284878793,0,0,0.0,0.8654818651489726,-0.5,pause: high arousal,-0.00011654093475837615,5.253054691352948
34.94,-0.37959573849584094,0.21637046628724316,-0.2424293121690023,0,0,0.08072965284878793,0,0,0.0,0.8654818651489726,-0.5,pause: high arousal,-0.00017273092283657474,5.254537176650186
34.96,-0.37959573849584094,0.21637046628724316,-0.2424293121690023,0,0,0.08072965284878793,0,0,0.0,0.8654818651489726,-0.5,pause: high arousal,0.0006631039172551425,5.252474522241797
34.98,-0.37959573849584094,0.21637046628724316,-0.2424293121690023,0,0,0.08072965284878793,0,0,0.0,0.8654818651489726,-0.5,pause: high arousal,0.0015169067595857317,5.2479289876190505
35.0,-0.37959573849584094,0.21637046628724316,-0.2424293121690023,0,0,0.08072965284878793,0,0,0.0,0.8654818651489726,-0.5,pause: high arousal,0.0019751899661679968,5.241836777872401
35.02,-0.378752691909647,0.21433395959431906,-0.2419160666538218,0,0,0.07873643061802918,0,0,0.0,0.8573358383772762,-0.5,pause: high arousal,0.0027278112563174552,5.234888067750972
35.04,-0.378752691909647,0.21433395959431906,-0.2419160666538218,0,0,0.07873643061802918,0,0,0.0,0.8573358383772762,-0.5,pause: high arousal,0.0010837579008509649,5.228381105577084
35.06,-0.378752691909647,0.21433395959431906,-0.2419160666538218,0,0,0.07873643061802918,0,0,0.0,0.8573358383772762,-0.5,pause: high arousal,0.0005424233671828275,5.234050061704644
35.08,-0.378752691909647,0.21433395959431906,-0.2419160666538218,0,0,0.07873643061802918,0,0,0.0,0.8573358383772762,-0.5,pause: high arousal,0.0009263364122565742,5.245172318005827
35.1,-0.378752691909647,0.21433395959431906,-0.2419160666538218,0,0,0.07873643061802918,0,0,0.0,0.8573358383772762,-0.5,pause: high arousal,5.6076899015147384e-05,5.250059096542274
35.12,-0.37789126740924917,0.21230103983976384,-0.24139023998521864,0,0,0.07679242121949496,0,0,0.0,0.8492041593590554,-0.5,pause: high arousal,0.0005125550421370032,5.250500945661793
35.14,-0.37789126740924917,0.21230103983976384,-0.24139023998521864,0,0,0.07679242121949496,0,0,0.0,0.8492041593590554,-0.5,pause: high arousal,0.00038186538016600903,5.25601386816572
35.16,-0.37789126740924917,0.21230103983976384,-0.24139023998521864,0,0,0.07679242121949496,0,0,0.0,0.8492041593590554,-0.5,pause: high arousal,8.811669906482286e-05,5.262850321592443
35.18,-0.37789126740924917,0.21230103983976384,-0.24139023998521864,0,0,0.07679242121949496,0,0,0.0,0.8492041593590554,-0.5,pause: high arousal,-0.00037556951174046876,5.266172340562922
35.2,-0.37789126740924917,0.21230103983976384,-0.24139023998521864,0,0,0.07679242121949496,0,0,0.0,0.8492041593590554,-0.5,pause: high arousal,-0.0007834095149726249,5.274047296400109
35.22,-0.37701210075690406,0.21027217956031408,-0.2408522657235979,0,0,0.0748964095840283,0,0,0.0,0.8410887182412563,-0.5,pause: high arousal,-0.0003093299064408099,5.281915739174789
35.24,-0.37701210075690406,0.21027217956031408,-0.2408522657235979,0,0,0.0748964095840283,0,0,0.0,0.8410887182412563,-0.5,pause: high arousal,-0.00022086128748832946,5.290946424524566
35.26,-0.37701210075690406,0.21027217956031408,-0.2408522657235979,0,0,0.0748964095840283,0,0,0.0,0.8410887182412563,-0.5,pause: high arousal,-0.00024472877630072975,5.294215437735085
35.28,-0.37701210075690406,0.21027217956031408,-0.2408522657235979,0,0,0.0748964095840283,0,0,0.0,0.8410887182412563,-0.5,pause: high arousal,-0.00012993523528808353,5.29288218586193
35.3,-0.37701210075690406,0.21027217956031408,-0.2408522657235979,0,0,0.0748964095840283,0,0,0.0,0.8410887182412563,-0.5,pause: high arousal,-7.183769452275308e-05,5.28958724513008
35.32,-0.3761158073980103,0.20824783419025095,-0.2403025634237292,0,0,0.0730472106426366,0,0,0.0,0.8329913367610038,-0.5,pause: high arousal,-0.0002896810193690872,5.282215288371446
35.34,-0.3761158073980103,0.20824783419025095,-0.2403025634237292,0,0,0.0730472106426366,0,0,0.0,0.8329913367610038,-0.5,pause: high arousal,-0.00029540130545729215,5.277329093949713
35.36,-0.3761158073980103,0.20824783419025095,-0.2403025634237292,0,0,0.0730472106426366,0,0,0.0,0.8329913367610038,-0.5,pause: high arousal,-0.0005205535493770102,5.260256246421825
35.38,-0.3761158073980103,0.20824783419025095,-0.2403025634237292,0,0,0.0730472106426366,0,0,0.0,0.8329913367610038,-0.5,pause: high arousal,-0.0009936276393751127,5.251444729500183
35.4,-0.3761158073980103,0.20824783419025095,-0.2403025634237292,0,0,0.0730472106426366,0,0,0.0,0.8329913367610038,-0.5,pause: high arousal,-0.0007549209655792583,5.256215714954814
35.42,-0.37520298330744833,0.20622844261586137,-0.2397415392208694,0,0,0.07124366858578499,0,0,0.0,0.8249137704634455,-0.5,pause: high arousal,0.0003104464620065,5.2575339557814145
35.44,-0.37520298330744833,0.20622844261586137,-0.2397415392208694,0,0,0.07124366858578499,0,0,0.0,0.8249137704634455,-0.5,pause: high arousal,0.0005964516863859071,5.261436385545862
35.46,-0.37520298330744833,0.20622844261586137,-0.2397415392208694,0,0,0.07124366858578499,0,0,0.0,0.8249137704634455,-0.5,pause: high arousal,0.0007480026306913047,5.263177126199265
35.48,-0.37520298330744833,0.20622844261586137,-0.2397415392208694,0,0,0.07124366858578499,0,0,0.0,0.8249137704634455,-0.5,pause: high arousal,0.00106214625249833,5.272795056077861
35.5,-0.37520298330744833,0.20622844261586137,-0.2397415392208694,0,0,0.07124366858578499,0,0,0.0,0.8249137704634455,-0.5,pause: high arousal,0.0009969493842671275,5.280761172591819
35.52,-0.3742742057917517,0.20421442770362183,-0.23916958638633418,0,0,0.06948465614097764,0,0,0.0,0.8168577108144873,-0.5,pause: high arousal,0.0009472268887002995,5.2956090593464955
35.54,-0.3742742057917517,0.20421442770362183,-0.23916958638633418,0,0,0.06948465614097764,0,0,0.0,0.8168577108144873,-0.5,pause: high arousal,0.00013003552507942278,5.324969847317874
35.56,-0.3742742057917517,0.20421442770362183,-0.23916958638633418,0,0,0.06948465614097764,0,0,0.0,0.8168577108144873,-0.5,pause: high arousal,-0.00032995909393806957,5.347915580370605
35.58,-0.3742742057917517,0.20421442770362183,-0.23916958638633418,0,0,0.06948465614097764,0,0,0.0,0.8168577108144873,-0.5,pause: high arousal,-0.00010317214105867546,5.351868753032966
35.6,-0.3742742057917517,0.20421442770362183,-0.23916958638633418,0,0,0.06948465614097764,0,0,0.0,0.8168577108144873,-0.5,pause: high arousal,0.0005916254053224024,5.343030846781868
35.62,-0.3733300342497182,0.20220619680381569,-0.2385870858543187,0,0,0.06776907386817584,0,0,0.0,0.8088247872152627,-0.5,pause: high arousal,-0.0010738243731520341,5.334594555958889
35.64,-0.3733300342497182,0.20220619680381569,-0.2385870858543187,0,0,0.06776907386817584,0,0,0.0,0.8088247872152627,-0.5,pause: high arousal,-0.001153619227741454,5.337993655906028
35.66,-0.3733300342497182,0.20220619680381569,-0.2385870858543187,0,0,0.06776907386817584,0,0,0.0,0.8088247872152627,-0.5,pause: high arousal,-0.001550990321461157,5.348691989556069
35.68,-0.3733300342497182,0.20220619680381569,-0.2385870858543187,0,0,0.06776907386817584,0,0,0.0,0.8088247872152627,-0.5,pause: high arousal,-0.00036557619546392076,5.344321205591938
35.7,-0.3733300342497182,0.20220619680381569,-0.2385870858543187,0,0,0.06776907386817584,0,0,0.0,0.8088247872152627,-0.5,pause: high arousal,0.00023787805848437356,5.315920779145008
35.72,-0.3723710108939019,0.20020414223117428,-0.237994406721654,0,0,0.06609584947261216,0,0,0.0,0.8008165689246971,-0.5,pause: high arousal,0.00022125523658665853,5.283881581437863
35.74,-0.3723710108939019,0.20020414223117428,-0.237994406721654,0,0,0.06609584947261216,0,0,0.0,0.8008165689246971,-0.5,pause: high arousal,-0.0008164345975735504,5.266651013327031
35.76,-0.3723710108939019,0.20020414223117428,-0.237994406721654,0,0,0.06609584947261216,0,0,0.0,0.8008165689246971,-0.5,pause: high arousal,-0.0017003521967494462,5.253443004211613
35.78,-0.3723710108939019,0.20020414223117428,-0.237994406721654,0,0,0.06609584947261216,0,0,0.0,0.8008165689246971,-0.5,pause: high arousal,-0.0018144403053105608,5.247644973203925
35.8,-0.3723710108939019,0.20020414223117428,-0.237994406721654,0,0,0.06609584947261216,0,0,0.0,0.8008165689246971,-0.5,pause: high arousal,-0.0007324299319910008,5.226366255886755
35.82,-0.3713976614352701,0.1982086417240198,-0.23739190672207705,0,0,0.06446393713457127,0,0,0.13,0.7928345668960792,-0.5,walk forward,-0.0005183132631523392,5.203118083195951
35.84,-0.3713976614352701,0.1982086417240198,-0.23739190672207705,0,0,0.06446393713457127,0,0,0.13,0.7928345668960792,-0.5,walk forward,0.006777078911003915,5.026136243771285
35.86,-0.3713976614352701,0.1982086417240198,-0.23739190672207705,0,0,0.06446393713457127,0,0,0.13,0.7928345668960792,-0.5,walk forward,0.012215789469474863,4.558940124156428
35.88,-0.3713976614352701,0.1982086417240198,-0.23739190672207705,0,0,0.06446393713457127,0,0,0.13,0.7928345668960792,-0.5,walk forward,0.013509849309804492,3.8679476896197893
35.9,-0.3713976614352701,0.1982086417240198,-0.23739190672207705,0,0,0.06446393713457127,0,0,0.13,0.7928345668960792,-0.5,walk forward,0.004390857047964736,3.2014766531530787
35.92,-0.3704104957331668,0.19622005888328314,-0.2367799326764928,0,0,0.06287231685571866,0,0,0.13,0.7848802355331326,-0.5,walk forward,0.016675944041848224,2.8917362674403146
35.94,-0.3704104957331668,0.19622005888328314,-0.2367799326764928,0,0,0.06287231685571866,0,0,0.13,0.7848802355331326,-0.5,walk forward,0.024759903987215663,2.7913002168057934
35.96,-0.3704104957331668,0.19622005888328314,-0.2367799326764928,0,0,0.06287231685571866,0,0,0.13,0.7848802355331326,-0.5,walk forward,0.034966412495298235,2.835744012842537
35.98,-0.3704104957331668,0.19622005888328314,-0.2367799326764928,0,0,0.06287231685571866,0,0,0.13,0.7848802355331326,-0.5,walk forward,0.03651006664071627,3.0773056436704422
36.0,-0.3704104957331668,0.19622005888328314,-0.2367799326764928,0,0,0.06287231685571866,0,0,0.13,0.7848802355331326,-0.5,walk forward,0.06221696423555048,3.245589647351509
36.02,-0.3694100084125872,0.1942387435926738,-0.2361588209206137,0,0,0.06131999382156843,0,0,0.13,0.7769549743706952,-0.5,walk forward,0.06714813215040963,3.2303322630046143
36.04,-0.3694100084125872,0.1942387435926738,-0.2361588209206137,0,0,0.06131999382156843,0,0,0.13,0.7769549743706952,-0.5,walk forward,0.08649002369140615,3.0528907242129986
36.06,-0.3694100084125872,0.1942387435926738,-0.2361588209206137,0,0,0.06131999382156843,0,0,0.13,0.7769549743706952,-0.5,walk forward,0.08714886432650505,2.7756245855355806
36.08,-0.3694100084125872,0.1942387435926738,-0.2361588209206137,0,0,0.06131999382156843,0,0,0.13,0.7769549743706952,-0.5,walk forward,0.09386985406731464,2.5548734623424503
36.1,-0.3694100084125872,0.1942387435926738,-0.2361588209206137,0,0,0.06131999382156843,0,0,0.13,0.7769549743706952,-0.5,walk forward,0.0779332916887029,2.4592521973315185
36.12,-0.3683966794506427,0.19226503242118917,-0.23552889771127447,0,0,0.0598059977796918,0,0,0.13,0.7690601296847567,-0.5,walk forward,0.07401339658149042,2.3857949849779163
36.14,-0.3683966794506427,0.19226503242118917,-0.23552889771127447,0,0,0.0598059977796918,0,0,0.13,0.7690601296847567,-0.5,walk forward,0.08283199552211158,2.0686938725533017
36.16,-0.3683966794506427,0.19226503242118917,-0.23552889771127447,0,0,0.0598059977796918,0,0,0.13,0.7690601296847567,-0.5,walk forward,0.09396783885969401,1.4718783002941973
36.18,-0.3683966794506427,0.19226503242118917,-0.23552889771127447,0,0,0.0598059977796918,0,0,0.13,0.7690601296847567,-0.5,walk forward,0.10252036085280009,1.1830734871251913
36.2,-0.3683966794506427,0.19226503242118917,-0.23552889771127447,0,0,0.0598059977796918,0,0,0.13,0.7690601296847567,-0.5,walk forward,-0.0029519716800785675,2.0078036389865326
36.22,-0.3673709747339794,0.190299249009067,-0.23489047961264028,0,0,0.05832938243327786,0,0,0.13,0.761196996036268,-0.5,walk forward,0.014869232659642517,2.6517419011423637
36.24,-0.3673709747339794,0.190299249009067,-0.23489047961264028,0,0,0.05832938243327786,0,0,0.13,0.761196996036268,-0.5,walk forward,0.0491454492826336,3.063068521552845
36.26,-0.3673709747339794,0.190299249009067,-0.23489047961264028,0,0,0.05832938243327786,0,0,0.13,0.761196996036268,-0.5,walk forward,0.06275250073296827,3.3568548661607336
36.28,-0.3673709747339794,0.190299249009067,-0.23489047961264028,0,0,0.05832938243327786,0,0,0.13,0.761196996036268,-0.5,walk forward,0.0701032377718165,3.5863532876480413
36.3,-0.3673709747339794,0.190299249009067,-0.23489047961264028,0,0,0.05832938243327786,0,0,0.13,0.761196996036268,-0.5,walk forward,0.07550124993446995,3.7619117855000033
36.32,-0.3663333465888018,0.18834170443820764,-0.23424387386344925,0,0,0.0568892248496672,0,0,0.13,0.7533668177528305,-0.5,walk forward,0.07634167112538526,3.912668902692368
36.34,-0.3663333465888018,0.18834170443820764,-0.23424387386344925,0,0,0.0568892248496672,0,0,0.13,0.7533668177528305,-0.5,walk forward,0.07945739109931658,3.986891511802524
36.36,-0.3663333465888018,0.18834170443820764,-0.23424387386344925,0,0,0.0568892248496672,0,0,0.13,0.7533668177528305,-0.5,walk forward,0.08700229919535094,3.948948160791043
36.38,-0.3663333465888018,0.18834170443820764,-0.23424387386344925,0,0,0.0568892248496672,0,0,0.13,0.7533668177528305,-0.5,walk forward,0.09724742900221221,3.689821950919285
36.4,-0.3663333465888018,0.18834170443820764,-0.23424387386344925,0,0,0.0568892248496672,0,0,0.13,0.7533668177528305,-0.5,walk forward,0.10076458164896825,3.228660040856273
36.42,-0.3652842342850539,0.18639269758802096,-0.23358937872636126,0,0,0.055484624883488945,0,0,0.13,0.7455707903520838,-0.5,walk forward,0.10036609842731442,2.8249758090450494
36.44,-0.3652842342850539,0.18639269758802096,-0.23358937872636126,0,0,0.055484624883488945,0,0,0.13,0.7455707903520838,-0.5,walk forward,0.09234087949238752,2.9072672039863265
36.46,-0.3652842342850539,0.18639269758802096,-0.23358937872636126,0,0,0.055484624883488945,0,0,0.13,0.7455707903520838,-0.5,walk forward,0.08891588143113693,3.6582508552390967
36.48,-0.3652842342850539,0.18639269758802096,-0.23358937872636126,0,0,0.055484624883488945,0,0,0.13,0.7455707903520838,-0.5,walk forward,0.09838228004152923,4.012197819953719
36.5,-0.3652842342850539,0.18639269758802096,-0.23358937872636126,0,0,0.055484624883488945,0,0,0.13,0.7455707903520838,-0.5,walk forward,0.10579347586011908,4.107753354671246
36.52,-0.36422406451621187,0.18445251547758615,-0.23292728382041877,0,0,0.054114704614040644,0,0,0.13,0.7378100619103446,-0.5,walk forward,0.10535479084369986,4.142073285768611
36.54,-0.36422406451621187,0.18445251547758615,-0.23292728382041877,0,0,0.054114704614040644,0,0,0.13,0.7378100619103446,-0.5,walk forward,0.09300904799145222,4.304822340609746
36.56,-0.36422406451621187,0.18445251547758615,-0.23292728382041877,0,0,0.054114704614040644,0,0,0.13,0.7378100619103446,-0.5,walk forward,0.09119557046603106,4.489180852451859
36.58,-0.36422406451621187,0.18445251547758615,-0.23292728382041877,0,0,0.054114704614040644,0,0,0.13,0.7378100619103446,-0.5,walk forward,0.09913055880353387,4.464864042901556
36.6,-0.36422406451621187,0.18445251547758615,-0.23292728382041877,0,0,0.054114704614040644,0,0,0.13,0.7378100619103446,-0.5,walk forward,0.10332657719237054,4.1290104253928614
36.62,-0.3631532518560555,0.1825214335949502,-0.23225787043756302,0,0,0.052778607796559185,0,0,0.13,0.7300857343798008,-0.5,walk forward,0.1076253574448219,3.479154367685726
36.64,-0.3631532518560555,0.1825214335949502,-0.23225787043756302,0,0,0.052778607796559185,0,0,0.13,0.7300857343798008,-0.5,walk forward,0.10999497782161004,2.6720550890909935
36.66,-0.3631532518560555,0.1825214335949502,-0.23225787043756302,0,0,0.052778607796559185,0,0,0.13,0.7300857343798008,-0.5,walk forward,0.10850486399794965,2.138809073059903
36.68,-0.3631532518560555,0.1825214335949502,-0.23225787043756302,0,0,0.052778607796559185,0,0,0.13,0.7300857343798008,-0.5,walk forward,0.024060397161402444,2.52933959345397
36.7,-0.3631532518560555,0.1825214335949502,-0.23225787043756302,0,0,0.052778607796559185,0,0,0.13,0.7300857343798008,-0.5,walk forward,0.04694698060739974,2.9941033185254615
36.72,-0.362072199193702,0.180599716214334,-0.2315814118440933,0,0,0.05147549932704,0,0,0.13,0.722398864857336,-0.5,walk forward,0.06766002623404346,3.3520617554936267
36.74,-0.362072199193702,0.180599716214334,-0.2315814118440933,0,0,0.05147549932704,0,0,0.13,0.722398864857336,-0.5,walk forward,0.08472441433597927,3.59112340245738
36.76,-0.362072199193702,0.180599716214334,-0.2315814118440933,0,0,0.05147549932704,0,0,0.13,0.722398864857336,-0.5,walk forward,0.08524196048001464,3.7680961035759877
36.78,-0.362072199193702,0.180599716214334,-0.2315814118440933,0,0,0.05147549932704,0,0,0.13,0.722398864857336,-0.5,walk forward,0.07291407946426237,3.873100971800622
36.8,-0.362072199193702,0.180599716214334,-0.2315814118440933,0,0,0.05147549932704,0,0,0.13,0.722398864857336,-0.5,walk forward,0.07616034890558628,3.85112918576754
36.82,-0.36098129814810687,0.17868761670196037,-0.23089817356790182,0,0,0.05020456472026988,0,0,0.13,0.7147504668078415,-0.5,walk forward,0.08805192819033995,3.6245134340345126
36.84,-0.36098129814810687,0.17868761670196037,-0.23089817356790182,0,0,0.05020456472026988,0,0,0.13,0.7147504668078415,-0.5,walk forward,0.09876412089251525,3.236055160872744
36.86,-0.36098129814810687,0.17868761670196037,-0.23089817356790182,0,0,0.05020456472026988,0,0,0.13,0.7147504668078415,-0.5,walk forward,0.10042411266859287,2.7874837910745156
36.88,-0.36098129814810687,0.17868761670196037,-0.23089817356790182,0,0,0.05020456472026988,0,0,0.13,0.7147504668078415,-0.5,walk forward,0.09758383492479082,2.5513328170469154
36.9,-0.36098129814810687,0.17868761670196037,-0.23089817356790182,0,0,0.05020456472026988,0,0,0.13,0.7147504668078415,-0.5,walk forward,0.09329391874226414,2.9502585848270235
36.92,-0.3598809294631661,0.17678537781117032,-0.23020841367226721,0,0,0.04896500960074715,0,0,0.13,0.7071415112446813,-0.5,walk forward,0.0789594903594418,3.3446113234843624
36.94,-0.3598809294631661,0.17678537781117032,-0.23020841367226721,0,0,0.04896500960074715,0,0,0.13,0.7071415112446813,-0.5,walk forward,0.09465722296128667,3.2814934442219323
36.96,-0.3598809294631661,0.17678537781117032,-0.23020841367226721,0,0,0.04896500960074715,0,0,0.13,0.7071415112446813,-0.5,walk forward,0.09200835111224137,3.2922880618385144
36.98,-0.3598809294631661,0.17678537781117032,-0.23020841367226721,0,0,0.04896500960074715,0,0,0.13,0.7071415112446813,-0.5,walk forward,0.06976142195546461,3.565010080851456
37.0,-0.3598809294631661,0.17678537781117032,-0.23020841367226721,0,0,0.04896500960074715,0,0,0.13,0.7071415112446813,-0.5,walk forward,0.06875609251688794,3.7907233851186826
37.02,-0.3587714633844834,0.1748932319674452,-0.22951238301694293,0,0,0.04775605920617117,0,0,0.13,0.6995729278697808,-0.5,walk forward,0.07271002324476968,3.8021371635991543
37.04,-0.3587714633844834,0.1748932319674452,-0.22951238301694293,0,0,0.04775605920617117,0,0,0.13,0.6995729278697808,-0.5,walk forward,0.08186518777745834,3.5041714320874973
37.06,-0.3587714633844834,0.1748932319674452,-0.22951238301694293,0,0,0.04775605920617117,0,0,0.13,0.6995729278697808,-0.5,walk forward,0.09118268708563486,2.957859145230722
37.08,-0.3587714633844834,0.1748932319674452,-0.22951238301694293,0,0,0.04775605920617117,0,0,0.13,0.6995729278697808,-0.5,walk forward,0.09174793230251456,2.376989798430758
37.1,-0.3587714633844834,0.1748932319674452,-0.22951238301694293,0,0,0.04775605920617117,0,0,0.13,0.6995729278697808,-0.5,walk forward,0.09562320516512512,2.3932033754659243
37.12,-0.35765326001880515,0.17301140154391148,-0.2288103255072324,0,0,0.046576957903190636,0,0,0.13,0.6920456061756459,-0.5,walk forward,0.005715688752467668,2.985678937147231
37.14,-0.35765326001880515,0.17301140154391148,-0.2288103255072324,0,0,0.046576957903190636,0,0,0.13,0.6920456061756459,-0.5,walk forward,0.02534564990085971,3.279121712255223
37.16,-0.35765326001880515,0.17301140154391148,-0.2288103255072324,0,0,0.046576957903190636,0,0,0.13,0.6920456061756459,-0.5,walk forward,0.04013485519335522,3.38826898392295
37.18,-0.35765326001880515,0.17301140154391148,-0.2288103255072324,0,0,0.046576957903190636,0,0,0.13,0.6920456061756459,-0.5,walk forward,0.059088668472038204,3.438349006379462
37.2,-0.35765326001880515,0.17301140154391148,-0.2288103255072324,0,0,0.046576957903190636,0,0,0.13,0.6920456061756459,-0.5,walk forward,0.07040968875658268,3.4909629643182734
37.22,-0.3565266696770638,0.17114009912786401,-0.2281024783317022,0,0,0.045426968715108214,0,0,0.13,0.6845603965114561,-0.5,walk forward,0.07577331387690309,3.5177192875978647
37.24,-0.3565266696770638,0.17114009912786401,-0.2281024783317022,0,0,0.045426968715108214,0,0,0.13,0.6845603965114561,-0.5,walk forward,0.07904715276465533,3.4888446009340903
37.26,-0.3565266696770638,0.17114009912786401,-0.2281024783317022,0,0,0.045426968715108214,0,0,0.13,0.6845603965114561,-0.5,walk forward,0.09448754877716259,3.2750570739508045
37.28,-0.3565266696770638,0.17114009912786401,-0.2281024783317022,0,0,0.045426968715108214,0,0,0.13,0.6845603965114561,-0.5,walk forward,0.10131442409813321,2.863178201484647
37.3,-0.3565266696770638,0.17114009912786401,-0.2281024783317022,0,0,0.045426968715108214,0,0,0.13,0.6845603965114561,-0.5,walk forward,0.1030261292568965,2.3572464581316273
37.32,-0.35539203320191715,0.16927952777880578,-0.22738907218914578,0,0,0.04430537286124601,0,0,0.13,0.6771181111152231,-0.5,walk forward,0.09808633366646076,2.099913443576013
37.34,-0.35539203320191715,0.16927952777880578,-0.22738907218914578,0,0,0.04430537286124601,0,0,0.13,0.6771181111152231,-0.5,walk forward,0.09486290524984078,2.6701427227478525
37.36,-0.35539203320191715,0.16927952777880578,-0.22738907218914578,0,0,0.04430537286124601,0,0,0.13,0.6771181111152231,-0.5,walk forward,0.06914171808802576,3.3116226171089025
37.38,-0.35539203320191715,0.16927952777880578,-0.22738907218914578,0,0,0.04430537286124601,0,0,0.13,0.6771181111152231,-0.5,walk forward,0.0727804838974753,3.391117523838925
37.4,-0.35539203320191715,0.16927952777880578,-0.22738907218914578,0,0,0.04430537286124601,0,0,0.13,0.6771181111152231,-0.5,walk forward,0.08139083445365533,3.4726408903583903
37.42,-0.35424968228061643,0.16742988127846897,-0.22667033150537436,0,0,0.04321146930768432,0,0,0.13,0.6697195251138759,-0.5,walk forward,0.0888957632991068,3.690617613306795
37.44,-0.35424968228061643,0.16742988127846897,-0.22667033150537436,0,0,0.04321146930768432,0,0,0.13,0.6697195251138759,-0.5,walk forward,0.09595134723124785,3.963943765634138
37.46,-0.35424968228061643,0.16742988127846897,-0.22667033150537436,0,0,0.04321146930768432,0,0,0.13,0.6697195251138759,-0.5,walk forward,0.11266931759852171,4.110246467051471
37.48,-0.35424968228061643,0.16742988127846897,-0.22667033150537436,0,0,0.04321146930768432,0,0,0.13,0.6697195251138759,-0.5,walk forward,0.09752088991305292,3.981394223162079
37.5,-0.35424968228061643,0.16742988127846897,-0.22667033150537436,0,0,0.04321146930768432,0,0,0.13,0.6697195251138759,-0.5,walk forward,0.10569312730509955,3.492334179494259
37.52,-0.3530999397439889,0.16559134437324885,-0.22594647464037748,0,0,0.04214457432909259,0,0,0.13,0.6623653774929954,-0.5,walk forward,0.10554000558426498,2.6655634818978644
37.54,-0.3530999397439889,0.16559134437324885,-0.22594647464037748,0,0,0.04214457432909259,0,0,0.13,0.6623653774929954,-0.5,walk forward,0.11084442125214021,1.7575932954217421
37.56,-0.3530999397439889,0.16559134437324885,-0.22594647464037748,0,0,0.04214457432909259,0,0,0.13,0.6623653774929954,-0.5,walk forward,0.08461236832495969,1.7487292558228318
37.58,-0.3530999397439889,0.16559134437324885,-0.22594647464037748,0,0,0.04214457432909259,0,0,0.13,0.6623653774929954,-0.5,walk forward,0.04794988376781282,2.4103340962785222
37.6,-0.3530999397439889,0.16559134437324885,-0.22594647464037748,0,0,0.04214457432909259,0,0,0.13,0.6623653774929954,-0.5,walk forward,0.06533153956712294,2.76967100127815
37.62,-0.351943119852274,0.1637640930094521,-0.22521771408636485,0,0,0.04110402108137882,0,0,0.13,0.6550563720378084,-0.5,walk forward,0.07922351213047663,3.071915063350785
37.64,-0.351943119852274,0.1637640930094521,-0.22521771408636485,0,0,0.04110402108137882,0,0,0.13,0.6550563720378084,-0.5,walk forward,0.08552804386589065,3.326587421427307
37.66,-0.351943119852274,0.1637640930094521,-0.22521771408636485,0,0,0.04110402108137882,0,0,0.13,0.6550563720378084,-0.5,walk forward,0.08784661448221705,3.529693346697214
37.68,-0.351943119852274,0.1637640930094521,-0.22521771408636485,0,0,0.04110402108137882,0,0,0.13,0.6550563720378084,-0.5,walk forward,0.0880963007012382,3.648743370397284
37.7,-0.351943119852274,0.1637640930094521,-0.22521771408636485,0,0,0.04110402108137882,0,0,0.13,0.6550563720378084,-0.5,walk forward,0.09776517742482489,3.533170589141954
37.72,-0.35077952856850914,0.1619482945617342,-0.2244842566571706,0,0,0.0400891591848903,0,0,0.13,0.6477931782469368,-0.5,walk forward,0.10654148049939745,3.194525480879225
37.74,-0.35077952856850914,0.1619482945617342,-0.2244842566571706,0,0,0.0400891591848903,0,0,0.13,0.6477931782469368,-0.5,walk forward,0.10967587550512586,2.6286617731542377
37.76,-0.35077952856850914,0.1619482945617342,-0.2244842566571706,0,0,0.0400891591848903,0,0,0.13,0.6477931782469368,-0.5,walk forward,0.10768222047033768,2.019983507170016
37.78,-0.35077952856850914,0.1619482945617342,-0.2244842566571706,0,0,0.0400891591848903,0,0,0.13,0.6477931782469368,-0.5,walk forward,0.10180668271135516,2.0292842089822627
37.8,-0.35077952856850914,0.1619482945617342,-0.2244842566571706,0,0,0.0400891591848903,0,0,0.13,0.6477931782469368,-0.5,walk forward,0.09233318192197001,2.975271047034089
37.82,-0.3496094638201216,0.16014410805507362,-0.22374630366947362,0,0,0.03909935431790518,0,0,0.13,0.6405764322202945,-0.5,walk forward,0.08690583632294704,3.3467480204789157
37.84,-0.3496094638201216,0.16014410805507362,-0.22374630366947362,0,0,0.03909935431790518,0,0,0.13,0.6405764322202945,-0.5,walk forward,0.10140055627358519,3.3909196506472608
37.86,-0.3496094638201216,0.16014410805507362,-0.22374630366947362,0,0,0.03909935431790518,0,0,0.13,0.6405764322202945,-0.5,walk forward,0.10599115166639186,3.496115129979044
37.88,-0.3496094638201216,0.16014410805507362,-0.22374630366947362,0,0,0.03909935431790518,0,0,0.13,0.6405764322202945,-0.5,walk forward,0.10525754016189497,3.7115092500388664
37.9,-0.3496094638201216,0.16014410805507362,-0.22374630366947362,0,0,0.03909935431790518,0,0,0.13,0.6405764322202945,-0.5,walk forward,0.10900892250346088,3.868766154752476
37.92,-0.3484332157493438,0.15835168438060682,-0.2230040511162618,0,0,0.03813398782016071,0,0,0.13,0.6334067375224273,-0.5,walk forward,0.0997689673351672,3.743825402058118
37.94,-0.3484332157493438,0.15835168438060682,-0.2230040511162618,0,0,0.03813398782016071,0,0,0.13,0.6334067375224273,-0.5,walk forward,0.10347136614519771,3.209211508855341
37.96,-0.3484332157493438,0.15835168438060682,-0.2230040511162618,0,0,0.03813398782016071,0,0,0.13,0.6334067375224273,-0.5,walk forward,0.10761693902980464,2.31862515741366
37.98,-0.3484332157493438,0.15835168438060682,-0.2230040511162618,0,0,0.03813398782016071,0,0,0.13,0.6334067375224273,-0.5,walk forward,0.1105505374058216,1.3360214374530028
38.0,-0.3484332157493438,0.15835168438060682,-0.2230040511162618,0,0,0.03813398782016071,0,0,0.13,0.6334067375224273,-0.5,walk forward,0.10947424660133759,1.4817320385580703
38.02,-0.3472510669530354,0.15657116650562586,-0.2222576898329426,0,0,0.03719245630617045,0,0,0.13,0.6262846660225034,-0.5,walk forward,0.09514656861215538,2.1816621804003415
38.04,-0.3472510669530354,0.15657116650562586,-0.2222576898329426,0,0,0.03719245630617045,0,0,0.13,0.6262846660225034,-0.5,walk forward,0.06940342858632681,2.4354026302455214
38.06,-0.3472510669530354,0.15657116650562586,-0.2222576898329426,0,0,0.03719245630617045,0,0,0.13,0.6262846660225034,-0.5,walk forward,0.07162092819677902,2.665142512335382
38.08,-0.3472510669530354,0.15657116650562586,-0.2222576898329426,0,0,0.03719245630617045,0,0,0.13,0.6262846660225034,-0.5,walk forward,0.07837478385067093,2.9077497764950584
38.1,-0.3472510669530354,0.15657116650562586,-0.2222576898329426,0,0,0.03719245630617045,0,0,0.13,0.6262846660225034,-0.5,walk forward,0.0787445738628409,3.1632053250281977
38.12,-0.34606329271246083,0.15480268967801916,-0.22150740565648083,0,0,0.03627417128808871,0,0,0.13,0.6192107587120766,-0.5,walk forward,0.0809820450586241,3.366204310461757
38.14,-0.34606329271246083,0.15480268967801916,-0.22150740565648083,0,0,0.03627417128808871,0,0,0.13,0.6192107587120766,-0.5,walk forward,0.08588578308094062,3.4422982458189355
38.16,-0.34606329271246083,0.15480268967801916,-0.22150740565648083,0,0,0.03627417128808871,0,0,0.13,0.6192107587120766,-0.5,walk forward,0.09807380141196677,3.278395908078617
38.18,-0.34606329271246083,0.15480268967801916,-0.22150740565648083,0,0,0.03627417128808871,0,0,0.13,0.6192107587120766,-0.5,walk forward,0.10306365187250045,2.864097636904765
38.2,-0.34606329271246083,0.15480268967801916,-0.22150740565648083,0,0,0.03627417128808871,0,0,0.13,0.6192107587120766,-0.5,walk forward,0.11206059316145281,2.2746282935225115
38.22,-0.3448701612135405,0.15304638162541712,-0.22075337957792096,0,0,0.035378558807886464,0,0,0.13,0.6121855265016685,-0.5,walk forward,0.10667127864366877,1.9423510482306854
38.24,-0.3448701612135405,0.15304638162541712,-0.22075337957792096,0,0,0.035378558807886464,0,0,0.13,0.6121855265016685,-0.5,walk forward,0.10081054256796985,2.462474255085157
38.26,-0.3448701612135405,0.15304638162541712,-0.22075337957792096,0,0,0.035378558807886464,0,0,0.13,0.6121855265016685,-0.5,walk forward,0.11241042221545706,3.035648379125371
38.28,-0.3448701612135405,0.15304638162541712,-0.22075337957792096,0,0,0.035378558807886464,0,0,0.13,0.6121855265016685,-0.5,walk forward,0.11784171445864243,3.0576117567907946
38.3,-0.3448701612135405,0.15304638162541712,-0.22075337957792096,0,0,0.035378558807886464,0,0,0.13,0.6121855265016685,-0.5,walk forward,0.11249713529715068,3.083379342085127
38.32,-0.34367193375806454,0.1513023627492854,-0.2199957878886331,0,0,0.03450505907860894,0,0,0.13,0.6052094509971416,-0.5,walk forward,0.10275130738763187,3.1982415801014223
38.34,-0.34367193375806454,0.1513023627492854,-0.2199957878886331,0,0,0.03450505907860894,0,0,0.13,0.6052094509971416,-0.5,walk forward,0.1049480151755606,3.425398237230346
38.36,-0.34367193375806454,0.1513023627492854,-0.2199957878886331,0,0,0.03450505907860894,0,0,0.13,0.6052094509971416,-0.5,walk forward,0.09546287610730998,3.6749493784695284
38.38,-0.34367193375806454,0.1513023627492854,-0.2199957878886331,0,0,0.03450505907860894,0,0,0.13,0.6052094509971416,-0.5,walk forward,0.0955147978580867,3.672325818361667
38.4,-0.34367193375806454,0.1513023627492854,-0.2199957878886331,0,0,0.03450505907860894,0,0,0.13,0.6052094509971416,-0.5,walk forward,0.10118520716877419,3.250214260366414
38.42,-0.34246886496632917,0.14957074631419312,-0.2192348023206012,0,0,0.03365312613449051,0,0,0.13,0.5982829852567725,-0.5,walk forward,0.10269011804006607,2.4485474383894075
38.44,-0.34246886496632917,0.14957074631419312,-0.2192348023206012,0,0,0.03365312613449051,0,0,0.13,0.5982829852567725,-0.5,walk forward,0.10217016122404025,1.618108405022338
38.46,-0.34246886496632917,0.14957074631419312,-0.2192348023206012,0,0,0.03365312613449051,0,0,0.13,0.5982829852567725,-0.5,walk forward,0.06006485621772763,1.8573094709697335
38.48,-0.34246886496632917,0.14957074631419312,-0.2192348023206012,0,0,0.03365312613449051,0,0,0.13,0.5982829852567725,-0.5,walk forward,0.038176387763523514,2.530135948413089
38.5,-0.34246886496632917,0.14957074631419312,-0.2192348023206012,0,0,0.03365312613449051,0,0,0.13,0.5982829852567725,-0.5,walk forward,0.05263670846861788,2.9448929537210073
38.52,-0.34126120297163165,0.14785163863246611,-0.2184705901810543,0,0,0.03282222748970832,0,0,0.13,0.5914065545298645,-0.5,walk forward,0.06179504316616066,3.2598645830131248
38.54,-0.34126120297163165,0.14785163863246611,-0.2184705901810543,0,0,0.03282222748970832,0,0,0.13,0.5914065545298645,-0.5,walk forward,0.07116942476647875,3.5384415264812703
38.56,-0.34126120297163165,0.14785163863246611,-0.2184705901810543,0,0,0.03282222748970832,0,0,0.13,0.5914065545298645,-0.5,walk forward,0.07456134180597224,3.764648505418062
38.58,-0.34126120297163165,0.14785163863246611,-0.2184705901810543,0,0,0.03282222748970832,0,0,0.13,0.5914065545298645,-0.5,walk forward,0.07575223270866549,3.8985871722996825
38.6,-0.34126120297163165,0.14785163863246611,-0.2184705901810543,0,0,0.03282222748970832,0,0,0.13,0.5914065545298645,-0.5,walk forward,0.0759619453042845,3.927480834889903
38.62,-0.3400491896070339,0.14614513924442274,-0.2177033144817258,0,0,0.03201184380556134,0,0,0.13,0.584580556977691,-0.5,walk forward,0.08605398644205314,3.7254240499832996
38.64,-0.3400491896070339,0.14614513924442274,-0.2177033144817258,0,0,0.03201184380556134,0,0,0.13,0.584580556977691,-0.5,walk forward,0.09159833852212701,3.284958119712229
38.66,-0.3400491896070339,0.14614513924442274,-0.2177033144817258,0,0,0.03201184380556134,0,0,0.13,0.584580556977691,-0.5,walk forward,0.09251771903192066,2.7368919678808363
38.68,-0.3400491896070339,0.14614513924442274,-0.2177033144817258,0,0,0.03201184380556134,0,0,0.13,0.584580556977691,-0.5,walk forward,0.08864218338026246,2.4886385220784124
38.7,-0.3400491896070339,0.14614513924442274,-0.2177033144817258,0,0,0.03201184380556134,0,0,0.13,0.584580556977691,-0.5,walk forward,0.08600224987388953,3.048947931683077
38.72,-0.338833060584782,0.14445134109437438,-0.21693313406300851,0,0,0.03122146856586675,0,0,0.13,0.5778053643774975,-0.5,walk forward,0.06155627091790516,3.6966292229251025
38.74,-0.338833060584782,0.14445134109437438,-0.21693313406300851,0,0,0.03122146856586675,0,0,0.13,0.5778053643774975,-0.5,walk forward,0.0782495358289175,3.7995509321683936
38.76,-0.338833060584782,0.14445134109437438,-0.21693313406300851,0,0,0.03122146856586675,0,0,0.13,0.5778053643774975,-0.5,walk forward,0.08994562746681153,3.8200141857425978
38.78,-0.338833060584782,0.14445134109437438,-0.21693313406300851,0,0,0.03122146856586675,0,0,0.13,0.5778053643774975,-0.5,walk forward,0.08286242537366822,3.9121248405350624
38.8,-0.338833060584782,0.14445134109437438,-0.21693313406300851,0,0,0.03122146856586675,0,0,0.13,0.5778053643774975,-0.5,walk forward,0.07715309807682214,4.140757218594414
38.82,-0.33761304566874845,0.14277033070256195,-0.2161602037132594,0,0,0.030450607760370854,0,0,0.13,0.5710813228102478,-0.5,walk forward,0.09276031109691302,4.3241921318374
38.84,-0.33761304566874845,0.14277033070256195,-0.2161602037132594,0,0,0.030450607760370854,0,0,0.13,0.5710813228102478,-0.5,walk forward,0.08440412291520703,4.211556278420441
38.86,-0.33761304566874845,0.14277033070256195,-0.2161602037132594,0,0,0.030450607760370854,0,0,0.13,0.5710813228102478,-0.5,walk forward,0.0899333802193903,3.7402669303142324
38.88,-0.33761304566874845,0.14277033070256195,-0.2161602037132594,0,0,0.030450607760370854,0,0,0.13,0.5710813228102478,-0.5,walk forward,0.0946729199827742,2.997992902629257
38.9,-0.33761304566874845,0.14277033070256195,-0.2161602037132594,0,0,0.030450607760370854,0,0,0.13,0.5710813228102478,-0.5,walk forward,0.09759378296167603,2.0885397913221486
38.92,-0.3363893688402422,0.14110218833318677,-0.2153846742834931,0,0,0.019914827347145447,0,0,0.13,0.5644087533327471,-0.5,walk forward,0.09857642542850854,1.8551519147877755
38.94,-0.3363893688402422,0.14110218833318677,-0.2153846742834931,0,0,0.019914827347145447,0,0,0.13,0.5644087533327471,-0.5,walk forward,0.030311359895692745,2.5448627317438284
38.96,-0.3363893688402422,0.14110218833318677,-0.2153846742834931,0,0,0.019914827347145447,0,0,0.13,0.5644087533327471,-0.5,walk forward,0.04722479318066738,2.822432192379356
38.98,-0.3363893688402422,0.14110218833318677,-0.2153846742834931,0,0,0.019914827347145447,0,0,0.13,0.5644087533327471,-0.5,walk forward,0.06342042697083586,2.941548448818059
39.0,-0.3363893688402422,0.14110218833318677,-0.2153846742834931,0,0,0.019914827347145447,0,0,0.13,0.5644087533327471,-0.5,walk forward,0.07082867945287881,2.9828184632197465
39.02,-0.3353158145671691,0.1396777027207853,-0.21470765084345722,0,0,0.01942312850800386,0,0,0.13,0.5587108108831412,-0.5,walk forward,0.07139277415804084,3.075065959712684
39.04,-0.3353158145671691,0.1396777027207853,-0.21470765084345722,0,0,0.01942312850800386,0,0,0.13,0.5587108108831412,-0.5,walk forward,0.07732960131722481,3.1514165612665805
39.06,-0.3353158145671691,0.1396777027207853,-0.21470765084345722,0,0,0.01942312850800386,0,0,0.13,0.5587108108831412,-0.5,walk forward,0.08191356967512838,3.1404363300367026
39.08,-0.3353158145671691,0.1396777027207853,-0.21470765084345722,0,0,0.01942312850800386,0,0,0.13,0.5587108108831412,-0.5,walk forward,0.09630485683294285,2.937522500530624
39.1,-0.3353158145671691,0.1396777027207853,-0.21470765084345722,0,0,0.01942312850800386,0,0,0.13,0.5587108108831412,-0.5,walk forward,0.10466848488691108,2.5137619076694717
39.12,-0.33423478427014486,0.13825708999443378,-0.2140255135378869,0,0,0.018943569756456242,0,0,0.13,0.5530283599777351,-0.5,walk forward,0.10342045677566683,1.9634297876085491
39.14,-0.33423478427014486,0.13825708999443378,-0.2140255135378869,0,0,0.018943569756456242,0,0,0.13,0.5530283599777351,-0.5,walk forward,0.09452794394157359,1.921536259256271
39.16,-0.33423478427014486,0.13825708999443378,-0.2140255135378869,0,0,0.018943569756456242,0,0,0.13,0.5530283599777351,-0.5,walk forward,0.08501467140584525,2.8679558558734004
39.18,-0.33423478427014486,0.13825708999443378,-0.2140255135378869,0,0,0.018943569756456242,0,0,0.13,0.5530283599777351,-0.5,walk forward,0.08247580052454928,3.3649349611802863
39.2,-0.33423478427014486,0.13825708999443378,-0.2140255135378869,0,0,0.018943569756456242,0,0,0.13,0.5530283599777351,-0.5,walk forward,0.09102119255789361,3.5259302742834198
39.22,-0.33314659431346244,0.13684069658294562,-0.21333847445825804,0,0,0.01847585135267192,0,0,0.13,0.5473627863317825,-0.5,walk forward,0.10947724106376686,3.617379517591601
39.24,-0.33314659431346244,0.13684069658294562,-0.21333847445825804,0,0,0.01847585135267192,0,0,0.13,0.5473627863317825,-0.5,walk forward,0.10575615602463015,3.777928438573204
39.26,-0.33314659431346244,0.13684069658294562,-0.21333847445825804,0,0,0.01847585135267192,0,0,0.13,0.5473627863317825,-0.5,walk forward,0.09655963968241527,4.028123813850769
39.28,-0.33314659431346244,0.13684069658294562,-0.21333847445825804,0,0,0.01847585135267192,0,0,0.13,0.5473627863317825,-0.5,walk forward,0.1003292106625711,4.276330672162934
39.3,-0.33314659431346244,0.13684069658294562,-0.21333847445825804,0,0,0.01847585135267192,0,0,0.13,0.5473627863317825,-0.5,walk forward,0.09634420294755335,4.298889251043582
39.32,-0.3320515526074215,0.13542885447966707,-0.21264673998119138,0,0,0.018019680957423,0,0,0.13,0.5417154179186683,-0.5,walk forward,0.09821524308569397,3.877376557709788
39.34,-0.3320515526074215,0.13542885447966707,-0.21264673998119138,0,0,0.018019680957423,0,0,0.13,0.5417154179186683,-0.5,walk forward,0.10495719003490964,3.01361763992197
39.36,-0.3320515526074215,0.13542885447966707,-0.21264673998119138,0,0,0.018019680957423,0,0,0.13,0.5417154179186683,-0.5,walk forward,0.10407279175125711,2.0535789078576716
39.38,-0.3320515526074215,0.13542885447966707,-0.21264673998119138,0,0,0.018019680957423,0,0,0.13,0.5417154179186683,-0.5,walk forward,0.10506008909680818,2.1459893841173687
39.4,-0.3320515526074215,0.13542885447966707,-0.21264673998119138,0,0,0.018019680957423,0,0,0.13,0.5417154179186683,-0.5,walk forward,0.040607088433522065,2.751326299763248
39.42,-0.33094995887170364,0.13402188171237214,-0.21195051094809764,0,0,0.017574773449362847,0,0,0.13,0.5360875268494886,-0.5,walk forward,0.042934168411628,2.980176011370123
39.44,-0.33094995887170364,0.13402188171237214,-0.21195051094809764,0,0,0.017574773449362847,0,0,0.13,0.5360875268494886,-0.5,walk forward,0.0593624996833834,3.1426934842106857
39.46,-0.33094995887170364,0.13402188171237214,-0.21195051094809764,0,0,0.017574773449362847,0,0,0.13,0.5360875268494886,-0.5,walk forward,0.06985651841899428,3.2615576164089917
39.48,-0.33094995887170364,0.13402188171237214,-0.21195051094809764,0,0,0.017574773449362847,0,0,0.13,0.5360875268494886,-0.5,walk forward,0.07567694830518094,3.318164688014985
39.5,-0.33094995887170364,0.13402188171237214,-0.21195051094809764,0,0,0.017574773449362847,0,0,0.13,0.5360875268494886,-0.5,walk forward,0.07467587708751613,3.3328863358466987
39.52,-0.3298421048878827,0.1326200827955737,-0.21124998283739727,0,0,0.017140850746815955,0,0,0.13,0.5304803311822948,-0.5,walk forward,0.08120564160933508,3.2497515455109673
39.54,-0.3298421048878827,0.1326200827955737,-0.21124998283739727,0,0,0.017140850746815955,0,0,0.13,0.5304803311822948,-0.5,walk forward,0.09623186011110604,2.9558866190237896
39.56,-0.3298421048878827,0.1326200827955737,-0.21124998283739727,0,0,0.017140850746815955,0,0,0.13,0.5304803311822948,-0.5,walk forward,0.10515759451156768,2.5276568053554813
39.58,-0.3298421048878827,0.1326200827955737,-0.21124998283739727,0,0,0.017140850746815955,0,0,0.13,0.5304803311822948,-0.5,walk forward,0.10720858748059309,2.124042758147242
39.6,-0.3298421048878827,0.1326200827955737,-0.21124998283739727,0,0,0.017140850746815955,0,0,0.13,0.5304803311822948,-0.5,walk forward,0.10148215035603608,2.174610741780095
39.62,-0.3287282747416169,0.1312237491661208,-0.21054534592968904,0,0,0.01671764163396785,0,0,0.13,0.5248949966644832,-0.5,walk forward,0.09118929008096957,3.1339272996410172
39.64,-0.3287282747416169,0.1312237491661208,-0.21054534592968904,0,0,0.01671764163396785,0,0,0.13,0.5248949966644832,-0.5,walk forward,0.07487123214701474,3.6598827849769986
39.66,-0.3287282747416169,0.1312237491661208,-0.21054534592968904,0,0,0.01671764163396785,0,0,0.13,0.5248949966644832,-0.5,walk forward,0.09508427801742045,3.8261724144428513
39.68,-0.3287282747416169,0.1312237491661208,-0.21054534592968904,0,0,0.01671764163396785,0,0,0.13,0.5248949966644832,-0.5,walk forward,0.10594871642700883,3.889389915128969
39.7,-0.3287282747416169,0.1312237491661208,-0.21054534592968904,0,0,0.01671764163396785,0,0,0.13,0.5248949966644832,-0.5,walk forward,0.10194118752667738,4.021753077168379
39.72,-0.32760874505504234,0.129833159602901,-0.2098367854662197,0,0,0.016304881591346375,0,0,0.13,0.519332638411604,-0.5,walk forward,0.08493377525177027,4.277043612310193
39.74,-0.32760874505504234,0.129833159602901,-0.2098367854662197,0,0,0.016304881591346375,0,0,0.13,0.519332638411604,-0.5,walk forward,0.08367388109558074,4.5401394674672275
39.76,-0.32760874505504234,0.129833159602901,-0.2098367854662197,0,0,0.016304881591346375,0,0,0.13,0.519332638411604,-0.5,walk forward,0.08720481823641155,4.539490261462192
39.78,-0.32760874505504234,0.129833159602901,-0.2098367854662197,0,0,0.016304881591346375,0,0,0.13,0.519332638411604,-0.5,walk forward,0.08936371520839438,4.1229415283403235
39.8,-0.32760874505504234,0.129833159602901,-0.2098367854662197,0,0,0.016304881591346375,0,0,0.13,0.519332638411604,-0.5,walk forward,0.09044961882655718,3.3265477278489737
39.82,-0.3264837852098547,0.1284485806314174,-0.20912448180098903,0,0,0.015902312630488413,0,0,0.13,0.5137943225256696,-0.5,walk forward,0.0959323025663528,2.3996467212779007
39.84,-0.3264837852098547,0.1284485806314174,-0.20912448180098903,0,0,0.015902312630488413,0,0,0.13,0.5137943225256696,-0.5,walk forward,0.10361781127587197,2.024276595059497
39.86,-0.3264837852098547,0.1284485806314174,-0.20912448180098903,0,0,0.015902312630488413,0,0,0.13,0.5137943225256696,-0.5,walk forward,0.004192824804945858,2.7022995967443917
39.88,-0.3264837852098547,0.1284485806314174,-0.20912448180098903,0,0,0.015902312630488413,0,0,0.13,0.5137943225256696,-0.5,walk forward,0.012081955106416933,3.207927732446368
39.9,-0.3264837852098547,0.1284485806314174,-0.20912448180098903,0,0,0.015902312630488413,0,0,0.13,0.5137943225256696,-0.5,walk forward,0.05638090170186663,3.46667059167209
39.92,-0.32535365756154255,0.12707026691396525,-0.20840861054680435,0,0,0.015509683132688697,0,0,0.13,0.508281067655861,-0.5,walk forward,0.07465712278660086,3.696980229748315
39.94,-0.32535365756154255,0.12707026691396525,-0.20840861054680435,0,0,0.015509683132688697,0,0,0.13,0.508281067655861,-0.5,walk forward,0.07779051605331778,3.9524708814956275
39.96,-0.32535365756154255,0.12707026691396525,-0.20840861054680435,0,0,0.015509683132688697,0,0,0.13,0.508281067655861,-0.5,walk forward,0.07859667676563356,4.189647684609476
39.98,-0.32535365756154255,0.12707026691396525,-0.20840861054680435,0,0,0.015509683132688697,0,0,0.13,0.508281067655861,-0.5,walk forward,0.08462541464623756,4.360971507109304
40.0,-0.32535365756154255,0.12707026691396525,-0.20840861054680435,0,0,0.015509683132688697,0,0,0.13,0.508281067655861,-0.5,walk forward,0.09705097229436313,4.330991461296575
40.02,-0.3254624117588932,0.11893109814738032,-0.2063847980523884,0,0,0.015126747691729926,0.39012396481133305,0,0.0,0.47572439258952126,-0.5,stop: goal blocked,0.10444586629628043,4.069632057699564
40.04,-0.3254624117588932,0.11893109814738032,-0.2063847980523884,0,0,0.015126747691729926,0.39012396481133305,0,0.0,0.47572439258952126,-0.5,stop: goal blocked,0.09127618556416146,3.5920349107614493
40.06,-0.3254624117588932,0.11893109814738032,-0.2063847980523884,0,0,0.015126747691729926,0.39012396481133305,0,0.0,0.47572439258952126,-0.5,stop: goal blocked,0.07189459486190083,3.0989147349844393
40.08,-0.3254624117588932,0.11893109814738032,-0.2063847980523884,0,0,0.015126747691729926,0.39012396481133305,0,0.0,0.47572439258952126,-0.5,stop: goal blocked,0.058926319659553694,2.9629582115731212
40.1,-0.3254624117588932,0.11893109814738032,-0.2063847980523884,0,0,0.015126747691729926,0.39012396481133305,0,0.0,0.47572439258952126,-0.5,stop: goal blocked,0.023123310313157393,3.497995646421731
40.12,-0.3255261329413805,0.11123461745724819,-0.20443552988482983,0,0,0.014753266960495897,0.38049176980028554,0,0.0,0.44493846982899277,-0.5,stop: goal blocked,-0.015148917540345752,4.06470243053893
40.14,-0.3255261329413805,0.11123461745724819,-0.20443552988482983,0,0,0.014753266960495897,0.38049176980028554,0,0.0,0.44493846982899277,-0.5,stop: goal blocked,0.034783333346967496,4.345081465344442
40.16,-0.3255261329413805,0.11123461745724819,-0.20443552988482983,0,0,0.014753266960495897,0.38049176980028554,0,0.0,0.44493846982899277,-0.5,stop: goal blocked,0.047532128008780344,4.449767375127492
40.18,-0.3255261329413805,0.11123461745724819,-0.20443552988482983,0,0,0.014753266960495897,0.38049176980028554,0,0.0,0.44493846982899277,-0.5,stop: goal blocked,0.038256851083574316,4.571005454350307
40.2,-0.3255261329413805,0.11123461745724819,-0.20443552988482983,0,0,0.014753266960495897,0.38049176980028554,0,0.0,0.44493846982899277,-0.5,stop: goal blocked,0.031147558871668323,4.747049481830041
40.22,-0.3255470527170521,0.10395356654415873,-0.2025564258126445,0,0,0.01438900750137176,0.3710973945314211,0,0.0,0.4158142661766349,-0.5,stop: goal blocked,0.020329726013555705,4.85494931042577
40.24,-0.3255470527170521,0.10395356654415873,-0.2025564258126445,0,0,0.01438900750137176,0.3710973945314211,0,0.0,0.4158142661766349,-0.5,stop: goal blocked,0.01476821054694213,4.72755593339369
40.26,-0.3255470527170521,0.10395356654415873,-0.2025564258126445,0,0,0.01438900750137176,0.3710973945314211,0,0.0,0.4158142661766349,-0.5,stop: goal blocked,0.01926331597775562,4.227700967729261
40.28,-0.3255470527170521,0.10395356654415873,-0.2025564258126445,0,0,0.01438900750137176,0.3710973945314211,0,0.0,0.4158142661766349,-0.5,stop: goal blocked,-0.0025765426009592574,3.4630247884996255
40.3,-0.3255470527170521,0.10395356654415873,-0.2025564258126445,0,0,0.01438900750137176,0.3710973945314211,0,0.0,0.4158142661766349,-0.5,stop: goal blocked,-0.04284994682546108,3.1193320454257245
40.32,-0.32552725672114025,0.09706264410600934,-0.2007434026359374,0,0,0.01403374164033791,0.36193496721438373,0,0.0,0.3882505764240374,-0.5,stop: goal blocked,-0.047328477491838404,2.9678630104200194
40.34,-0.32552725672114025,0.09706264410600934,-0.2007434026359374,0,0,0.01403374164033791,0.36193496721438373,0,0.0,0.3882505764240374,-0.5,stop: goal blocked,-0.050243532754926046,2.8160749622927974
40.36,-0.32552725672114025,0.09706264410600934,-0.2007434026359374,0,0,0.01403374164033791,0.36193496721438373,0,0.0,0.3882505764240374,-0.5,stop: goal blocked,0.00159959356760384,2.7306478123994444
40.38,-0.32552725672114025,0.09706264410600934,-0.2007434026359374,0,0,0.01403374164033791,0.36193496721438373,0,0.0,0.3882505764240374,-0.5,stop: goal blocked,0.01495925847539378,2.7918036219465128
40.4,-0.32552725672114025,0.09706264410600934,-0.2007434026359374,0,0,0.01403374164033791,0.36193496721438373,0,0.0,0.3882505764240374,-0.5,stop: goal blocked,-0.00035081789941466494,3.0315128593463565
40.42,-0.32546869598481365,0.09053834636796432,-0.1989926513216138,0,0,0.013687247324666316,0.35299876103383804,0,0.0,0.36215338547185727,-0.5,stop: goal blocked,-0.015029843482192978,3.429125293171474
40.44,-0.32546869598481365,0.09053834636796432,-0.1989926513216138,0,0,0.013687247324666316,0.35299876103383804,0,0.0,0.36215338547185727,-0.5,stop: goal blocked,-0.017858833903937964,3.9202848633917484
40.46,-0.32546869598481365,0.09053834636796432,-0.1989926513216138,0,0,0.013687247324666316,0.35299876103383804,0,0.0,0.36215338547185727,-0.5,stop: goal blocked,-0.01711072784529553,4.340125656673738
40.48,-0.32546869598481365,0.09053834636796432,-0.1989926513216138,0,0,0.013687247324666316,0.35299876103383804,0,0.0,0.36215338547185727,-0.5,stop: goal blocked,-0.019286133142825203,4.687067921972974
40.5,-0.32546869598481365,0.09053834636796432,-0.1989926513216138,0,0,0.013687247324666316,0.35299876103383804,0,0.0,0.36215338547185727,-0.5,stop: goal blocked,-0.020799441137361006,4.946041890376366
40.52,-0.3253731973215187,0.08435882200901618,-0.19730061610739097,0,0,0.013349307984130336,0.344283190570023,0,0.0,0.3374352880360647,-0.5,stop: goal blocked,-0.023892221560402254,5.1199265605416775
40.54,-0.3253731973215187,0.08435882200901618,-0.19730061610739097,0,0,0.013349307984130336,0.344283190570023,0,0.0,0.3374352880360647,-0.5,stop: goal blocked,-0.02327517483945797,5.229741853333992
40.56,-0.3253731973215187,0.08435882200901618,-0.19730061610739097,0,0,0.013349307984130336,0.344283190570023,0,0.0,0.3374352880360647,-0.5,stop: goal blocked,-0.022826234337394804,5.284604761200936
40.58,-0.3253731973215187,0.08435882200901618,-0.19730061610739097,0,0,0.013349307984130336,0.344283190570023,0,0.0,0.3374352880360647,-0.5,stop: goal blocked,-0.020939657223123458,5.30417519547996
40.6,-0.3253731973215187,0.08435882200901618,-0.19730061610739097,0,0,0.013349307984130336,0.344283190570023,0,0.0,0.3374352880360647,-0.5,stop: goal blocked,-0.017893491617591656,5.305866729400755
40.62,-0.32524247282378976,0.07850374006694888,-0.19566397538830577,0,0,0.013019712395641276,0.3357828083076828,0,0.0,0.3140149602677955,-0.5,stop: goal blocked,-0.015643643657178602,5.28293253246667
40.64,-0.32524247282378976,0.07850374006694888,-0.19566397538830577,0,0,0.013019712395641276,0.3357828083076828,0,0.0,0.3140149602677955,-0.5,stop: goal blocked,-0.012935836510331653,5.26008101973017
40.66,-0.32524247282378976,0.07850374006694888,-0.19566397538830577,0,0,0.013019712395641276,0.3357828083076828,0,0.0,0.3140149602677955,-0.5,stop: goal blocked,-0.01094130977076099,5.259392255628892
40.68,-0.32524247282378976,0.07850374006694888,-0.19566397538830577,0,0,0.013019712395641276,0.3357828083076828,0,0.0,0.3140149602677955,-0.5,stop: goal blocked,-0.009251961382049855,5.253172174650886
40.7,-0.32524247282378976,0.07850374006694888,-0.19566397538830577,0,0,0.013019712395641276,0.3357828083076828,0,0.0,0.3140149602677955,-0.5,stop: goal blocked,-0.008511161709053586,5.245884039811701
40.72,-0.3250781285538793,0.07295416955432937,-0.19407962421853464,0,0,0.012698254551227084,0.3274923012311926,0,0.0,0.2918166782173175,-0.5,stop: goal blocked,-0.006833411798857268,5.252101188198159
40.74,-0.3250781285538793,0.07295416955432937,-0.19407962421853464,0,0,0.012698254551227084,0.3274923012311926,0,0.0,0.2918166782173175,-0.5,stop: goal blocked,-0.004488762552062944,5.235437626414878
40.76,-0.3250781285538793,0.07295416955432937,-0.19407962421853464,0,0,0.012698254551227084,0.3274923012311926,0,0.0,0.2918166782173175,-0.5,stop: goal blocked,-0.0030091859532134133,5.20356484391898
40.78,-0.3250781285538793,0.07295416955432937,-0.19407962421853464,0,0,0.012698254551227084,0.3274923012311926,0,0.0,0.2918166782173175,-0.5,stop: goal blocked,-0.002139669960384591,5.185038626171612
40.8,-0.3250781285538793,0.07295416955432937,-0.19407962421853464,0,0,0.012698254551227084,0.3274923012311926,0,0.0,0.2918166782173175,-0.5,stop: goal blocked,-0.0006215941536665364,5.179850309943349
40.82,-0.3248816725030831,0.06769246965180764,-0.1925446582783531,0,0,0.012384733529270662,0.31940648750375067,0,0.0,0.27076987860723056,-0.5,stop: goal blocked,0.0005571412786645114,5.17894462432025
40.84,-0.3248816725030831,0.06769246965180764,-0.1925446582783531,0,0,0.012384733529270662,0.31940648750375067,0,0.0,0.27076987860723056,-0.5,stop: goal blocked,0.0019754772479516096,5.1664807169044815
40.86,-0.3248816725030831,0.06769246965180764,-0.1925446582783531,0,0,0.012384733529270662,0.31940648750375067,0,0.0,0.27076987860723056,-0.5,stop: goal blocked,0.000696700900168022,5.156082635110931
40.88,-0.3248816725030831,0.06769246965180764,-0.1925446582783531,0,0,0.012384733529270662,0.31940648750375067,0,0.0,0.27076987860723056,-0.5,stop: goal blocked,-9.59870583856756e-05,5.149916581412613
40.9,-0.3248816725030831,0.06769246965180764,-0.1925446582783531,0,0,0.012384733529270662,0.31940648750375067,0,0.0,0.27076987860723056,-0.5,stop: goal blocked,-0.00017009932810031452,5.147988192613304
40.92,-0.32465452188708604,0.06270218946356777,-0.19105635917121527,0,0,0.01207895336892731,0.3115203132285618,0,0.0,0.2508087578542711,-0.5,stop: goal blocked,-0.0001148363872485096,5.147497329655604
40.94,-0.32465452188708604,0.06270218946356777,-0.19105635917121527,0,0,0.01207895336892731,0.3115203132285618,0,0.0,0.2508087578542711,-0.5,stop: goal blocked,5.819654574676878e-05,5.148909640652153
40.96,-0.32465452188708604,0.06270218946356777,-0.19105635917121527,0,0,0.01207895336892731,0.3115203132285618,0,0.0,0.2508087578542711,-0.5,stop: goal blocked,-3.737979499511158e-06,5.150135543101209
40.98,-0.32465452188708604,0.06270218946356777,-0.19105635917121527,0,0,0.01207895336892731,0.3115203132285618,0,0.0,0.2508087578542711,-0.5,stop: goal blocked,-0.00032293983808602436,5.150950359820221
41.0,-0.32465452188708604,0.06270218946356777,-0.19105635917121527,0,0,0.01207895336892731,0.3115203132285618,0,0.0,0.2508087578542711,-0.5,stop: goal blocked,-0.00044622296553350875,5.160029738574147
41.02,-0.3243980098379221,0.057967976425052706,-0.18961218092944174,0,0,0.011780722947642827,0.3038288492899872,0,0.0,0.23187190570021082,-0.5,stop: goal blocked,-0.000743724204584283,5.18180102091405
41.04,-0.3243980098379221,0.057967976425052706,-0.18961218092944174,0,0,0.011780722947642827,0.3038288492899872,0,0.0,0.23187190570021082,-0.5,stop: goal blocked,4.64887771894182e-05,5.201471342916522
41.06,-0.3243980098379221,0.057967976425052706,-0.18961218092944174,0,0,0.011780722947642827,0.3038288492899872,0,0.0,0.23187190570021082,-0.5,stop: goal blocked,-0.00026395557863094884,5.210254860776069
41.08,-0.3243980098379221,0.057967976425052706,-0.18961218092944174,0,0,0.011780722947642827,0.3038288492899872,0,0.0,0.23187190570021082,-0.5,stop: goal blocked,-0.00022620762931502712,5.212478569096066
41.1,-0.3243980098379221,0.057967976425052706,-0.18961218092944174,0,0,0.011780722947642827,0.3038288492899872,0,0.0,0.23187190570021082,-0.5,stop: goal blocked,-0.00038138669921068756,5.2158171949754415
41.12,-0.3241133915471368,0.05347549254666936,-0.18820973761905996,0,0,0.011489855861695685,0.29632728827268695,0,0.0,0.21390197018667745,-0.5,stop: goal blocked,-1.975135858105952e-05,5.235201864840688
41.14,-0.3241133915471368,0.05347549254666936,-0.18820973761905996,0,0,0.011489855861695685,0.29632728827268695,0,0.0,0.21390197018667745,-0.5,stop: goal blocked,-0.00041771471221670816,5.260852569704483
41.16,-0.3241133915471368,0.05347549254666936,-0.18820973761905996,0,0,0.011489855861695685,0.29632728827268695,0,0.0,0.21390197018667745,-0.5,stop: goal blocked,-9.599982392049808e-05,5.26524327146472
41.18,-0.3241133915471368,0.05347549254666936,-0.18820973761905996,0,0,0.011489855861695685,0.29632728827268695,0,0.0,0.21390197018667745,-0.5,stop: goal blocked,-0.000241880906464169,5.256710619546937
41.2,-0.3241133915471368,0.05347549254666936,-0.18820973761905996,0,0,0.011489855861695685,0.29632728827268695,0,0.0,0.21390197018667745,-0.5,stop: goal blocked,-0.00014401328077635352,5.231538241179858
41.22,-0.32380184990937344,0.04921133776044695,-0.18684679194511034,0,0,0.01120617030968864,0.28901094145682865,0,0.0,0.1968453510417878,-0.5,stop: goal blocked,-6.197842294702026e-05,5.187210869653482
41.24,-0.32380184990937344,0.04921133776044695,-0.18684679194511034,0,0,0.01120617030968864,0.28901094145682865,0,0.0,0.1968453510417878,-0.5,stop: goal blocked,-0.0004711588588016028,5.141510480978273
41.26,-0.32380184990937344,0.04921133776044695,-0.18684679194511034,0,0,0.01120617030968864,0.28901094145682865,0,0.0,0.1968453510417878,-0.5,stop: goal blocked,-0.0011302384093739544,5.123929850448278
41.28,-0.32380184990937344,0.04921133776044695,-0.18684679194511034,0,0,0.01120617030968864,0.28901094145682865,0,0.0,0.1968453510417878,-0.5,stop: goal blocked,-0.0017023453998109392,5.109958677857876
41.3,-0.32380184990937344,0.04921133776044695,-0.18684679194511034,0,0,0.01120617030968864,0.28901094145682865,0,0.0,0.1968453510417878,-0.5,stop: goal blocked,-0.0006756773637384338,5.075483011481202
41.32,-0.323464500710807,0.04516297971078499,-0.18552124476836077,0,0,0.010929488978916942,0.28187523588748514,0,0.0,0.18065191884313997,-0.5,stop: goal blocked,-0.0019945253930999407,5.062218327177193
41.34,-0.323464500710807,0.04516297971078499,-0.18552124476836077,0,0,0.010929488978916942,0.28187523588748514,0,0.0,0.18065191884313997,-0.5,stop: goal blocked,-0.00162458953228586,5.077110522478973
41.36,-0.323464500710807,0.04516297971078499,-0.18552124476836077,0,0,0.010929488978916942,0.28187523588748514,0,0.0,0.18065191884313997,-0.5,stop: goal blocked,0.0006186670322045767,5.081582775572703
41.38,-0.323464500710807,0.04516297971078499,-0.18552124476836077,0,0,0.010929488978916942,0.28187523588748514,0,0.0,0.18065191884313997,-0.5,stop: goal blocked,-0.00040288127092289133,5.079817878534419
41.4,-0.323464500710807,0.04516297971078499,-0.18552124476836077,0,0,0.010929488978916942,0.28187523588748514,0,0.0,0.18065191884313997,-0.5,stop: goal blocked,-0.0003128803078828133,5.0824158615939945
41.42,-0.3231023974025557,0.04131868939654394,-0.1842311254529903,0,0,0.010659638934542113,0.27491571151638866,0,0.0,0.16527475758617577,-0.5,stop: goal blocked,0.0006841407168905154,5.088075238809501
41.44,-0.3231023974025557,0.04131868939654394,-0.1842311254529903,0,0,0.010659638934542113,0.27491571151638866,0,0.0,0.16527475758617577,-0.5,stop: goal blocked,0.00022930085881993765,5.091650139285384
41.46,-0.3231023974025557,0.04131868939654394,-0.1842311254529903,0,0,0.010659638934542113,0.27491571151638866,0,0.0,0.16527475758617577,-0.5,stop: goal blocked,6.868855020366609e-05,5.090782389208
41.48,-0.3231023974025557,0.04131868939654394,-0.1842311254529903,0,0,0.010659638934542113,0.27491571151638866,0,0.0,0.16527475758617577,-0.5,stop: goal blocked,0.0005544566544063355,5.089312864822078
41.5,-0.3231023974025557,0.04131868939654394,-0.1842311254529903,0,0,0.010659638934542113,0.27491571151638866,0,0.0,0.16527475758617577,-0.5,stop: goal blocked,-0.00021482623841826386,5.096209627128442
41.52,-0.322716535495352,0.037667482130732274,-0.18297458297252397,0,0,0.010396451511502057,0.2681280184142555,0,0.0,0.1506699285229291,-0.5,stop: goal blocked,-8.929987879018842e-05,5.106978481204469
41.54,-0.322716535495352,0.037667482130732274,-0.18297458297252397,0,0,0.010396451511502057,0.2681280184142555,0,0.0,0.1506699285229291,-0.5,stop: goal blocked,9.858785570773386e-05,5.1139573192957535
41.56,-0.322716535495352,0.037667482130732274,-0.18297458297252397,0,0,0.010396451511502057,0.2681280184142555,0,0.0,0.1506699285229291,-0.5,stop: goal blocked,-0.003413751008461981,5.139131188433717
41.58,-0.322716535495352,0.037667482130732274,-0.18297458297252397,0,0,0.010396451511502057,0.2681280184142555,0,0.0,0.1506699285229291,-0.5,stop: goal blocked,-0.002547170629038711,5.158790688655868
41.6,-0.322716535495352,0.037667482130732274,-0.18297458297252397,0,0,0.010396451511502057,0.2681280184142555,0,0.0,0.1506699285229291,-0.5,stop: goal blocked,-0.0014277578045753002,5.177154272210571
41.62,-0.3223078566083075,0.03419906333674409,-0.1817498777082226,0,0,0.010139762209089897,0.2615079140519387,0,0.0,0.13679625334697637,-0.5,stop: goal blocked,-0.0012525444430526982,5.204574501928636
41.64,-0.3223078566083075,0.03419906333674409,-0.1817498777082226,0,0,0.010139762209089897,0.2615079140519387,0,0.0,0.13679625334697637,-0.5,stop: goal blocked,-0.0013765454126982283,5.218600518990207
41.66,-0.3223078566083075,0.03419906333674409,-0.1817498777082226,0,0,0.010139762209089897,0.2615079140519387,0,0.0,0.13679625334697637,-0.5,stop: goal blocked,-0.00041970339927135296,5.22404057474211
41.68,-0.3223078566083075,0.03419906333674409,-0.1817498777082226,0,0,0.010139762209089897,0.2615079140519387,0,0.0,0.13679625334697637,-0.5,stop: goal blocked,-6.573949670413575e-05,5.232407472243555
41.7,-0.3223078566083075,0.03419906333674409,-0.1817498777082226,0,0,0.010139762209089897,0.2615079140519387,0,0.0,0.13679625334697637,-0.5,stop: goal blocked,0.00012190987242820826,5.244003124808855
41.72,-0.32187725220150853,0.030903778747218266,-0.18055537388034565,0,0,0,0.2550512606487091,0,0.0,0.12361511498887306,-0.5,stop: goal blocked,0.00030244814801301133,5.250365593995175
41.74,-0.32187725220150853,0.030903778747218266,-0.18055537388034565,0,0,0,0.2550512606487091,0,0.0,0.12361511498887306,-0.5,stop: goal blocked,0.0002668421861103796,5.250825487820559
41.76,-0.32187725220150853,0.030903778747218266,-0.18055537388034565,0,0,0,0.2550512606487091,0,0.0,0.12361511498887306,-0.5,stop: goal blocked,-0.0002031233321615552,5.251613286404417
41.78,-0.32187725220150853,0.030903778747218266,-0.18055537388034565,0,0,0,0.2550512606487091,0,0.0,0.12361511498887306,-0.5,stop: goal blocked,3.496981625072162e-05,5.2515031520385875
41.8,-0.32187725220150853,0.030903778747218266,-0.18055537388034565,0,0,0,0.2550512606487091,0,0.0,0.12361511498887306,-0.5,stop: goal blocked,9.188819638455557e-06,5.24624079429282
41.82,-0.32225461151237256,0.02463264758948233,-0.17889867571121998,0,0,0,0.2487540225860078,0,0.0,0.09853059035792933,-0.5,stop: goal blocked,-0.0007879826494385652,5.248420606561717
41.84,-0.32225461151237256,0.02463264758948233,-0.17889867571121998,0,0,0,0.2487540225860078,0,0.0,0.09853059035792933,-0.5,stop: goal blocked,-0.0002835205266037659,5.255486595489209
41.86,-0.32225461151237256,0.02463264758948233,-0.17889867571121998,0,0,0,0.2487540225860078,0,0.0,0.09853059035792933,-0.5,stop: goal blocked,-0.00010350756824043336,5.247241877713289
41.88,-0.32225461151237256,0.02463264758948233,-0.17889867571121998,0,0,0,0.2487540225860078,0,0.0,0.09853059035792933,-0.5,stop: goal blocked,-0.0004742081955975766,5.240110886088531
41.9,-0.32225461151237256,0.02463264758948233,-0.17889867571121998,0,0,0,0.2487540225860078,0,0.0,0.09853059035792933,-0.5,stop: goal blocked,-0.00018881528702132338,5.238527734919357
41.92,-0.32257251389177144,0.01875716087182941,-0.17730917781650396,0,0,0,0.2426122638850531,0,0.0,0.07502864348731764,-0.5,stop: goal blocked,0.0002046078520366165,5.237703934082912
41.94,-0.32257251389177144,0.01875716087182941,-0.17730917781650396,0,0,0,0.2426122638850531,0,0.0,0.07502864348731764,-0.5,stop: goal blocked,0.0001639874000906573,5.237331177069641
41.96,-0.32257251389177144,0.01875716087182941,-0.17730917781650396,0,0,0,0.2426122638850531,0,0.0,0.07502864348731764,-0.5,stop: goal blocked,0.0008923560069877478,5.247483092367349
41.98,-0.32257251389177144,0.01875716087182941,-0.17730917781650396,0,0,0,0.2426122638850531,0,0.0,0.07502864348731764,-0.5,stop: goal blocked,-7.304061793605526e-05,5.257178913646567
42.0,-0.32257251389177144,0.01875716087182941,-0.17730917781650396,0,0,0,0.2426122638850531,0,0.0,0.07502864348731764,-0.5,stop: goal blocked,4.679952994609175e-05,5.2604760218452435
42.02,-0.32283428849080104,0.013250677534766317,-0.17578252261147576,0,0,0,0.23662214574672577,0,0.0,0.05300271013906527,-0.5,stop: goal blocked,-0.00022837214020692202,5.261732025234894
42.04,-0.32283428849080104,0.013250677534766317,-0.17578252261147576,0,0,0,0.23662214574672577,0,0.0,0.05300271013906527,-0.5,stop: goal blocked,-0.0003344649726704805,5.265485353257636
42.06,-0.32283428849080104,0.013250677534766317,-0.17578252261147576,0,0,0,0.23662214574672577,0,0.0,0.05300271013906527,-0.5,stop: goal blocked,-0.00023006205285857283,5.277010452274063
42.08,-0.32283428849080104,0.013250677534766317,-0.17578252261147576,0,0,0,0.23662214574672577,0,0.0,0.05300271013906527,-0.5,stop: goal blocked,0.00010901078491239727,5.295902552903955
42.1,-0.32283428849080104,0.013250677534766317,-0.17578252261147576,0,0,0,0.23662214574672577,0,0.0,0.05300271013906527,-0.5,stop: goal blocked,-0.00017797371565919922,5.310172836724096
42.12,-0.32304302298563287,0.008088638858898212,-0.1743146747885386,0,0,0,0.23077992415219442,0,0.0,0.03235455543559285,-0.5,stop: goal blocked,0.0006803420069591557,5.309546635332746
42.14,-0.32304302298563287,0.008088638858898212,-0.1743146747885386,0,0,0,0.23077992415219442,0,0.0,0.03235455543559285,-0.5,stop: goal blocked,0.00024182503081944079,5.308318913701652
42.16,-0.32304302298563287,0.008088638858898212,-0.1743146747885386,0,0,0,0.23077992415219442,0,0.0,0.03235455543559285,-0.5,stop: goal blocked,-0.0003086719401453371,5.315146281401913
42.18,-0.32304302298563287,0.008088638858898212,-0.1743146747885386,0,0,0,0.23077992415219442,0,0.0,0.03235455543559285,-0.5,stop: goal blocked,-0.00041278877698562144,5.3232511736306405
42.2,-0.32304302298563287,0.008088638858898212,-0.1743146747885386,0,0,0,0.23077992415219442,0,0.0,0.03235455543559285,-0.5,stop: goal blocked,-0.0013118461739343964,5.345524419450426
42.22,-0.32320158394880943,0.003248384449992245,-0.17290189436855855,0,0,0,0.22508194752278202,0,0.0,0.01299353779996898,-0.5,stop: goal blocked,7.919020397651205e-05,5.359139569942014
42.24,-0.32320158394880943,0.003248384449992245,-0.17290189436855855,0,0,0,0.22508194752278202,0,0.0,0.01299353779996898,-0.5,stop: goal blocked,-0.000305811243805779,5.3653290188441645
42.26,-0.32320158394880943,0.003248384449992245,-0.17290189436855855,0,0,0,0.22508194752278202,0,0.0,0.01299353779996898,-0.5,stop: goal blocked,4.581305682855604e-05,5.372129643401015
42.28,-0.32320158394880943,0.003248384449992245,-0.17290189436855855,0,0,0,0.22508194752278202,0,0.0,0.01299353779996898,-0.5,stop: goal blocked,0.00015160996038519556,5.36152999987401
42.3,-0.32320158394880943,0.003248384449992245,-0.17290189436855855,0,0,0,0.22508194752278202,0,0.0,0.01299353779996898,-0.5,stop: goal blocked,-0.00041135723012664213,5.315948260652674
42.32,-0.3233126353202029,-0.0012910138367945717,-0.1715407122621906,0,0,0,0.2195246544376103,0,0.0,-0.005164055347178287,-0.5,stop: goal blocked,-0.0005058310567493923,5.238887061070892
42.34,-0.3233126353202029,-0.0012910138367945717,-0.1715407122621906,0,0,0,0.2195246544376103,0,0.0,-0.005164055347178287,-0.5,stop: goal blocked,-7.42830987454121e-05,5.161925042417791
42.36,-0.3233126353202029,-0.0012910138367945717,-0.1715407122621906,0,0,0,0.2195246544376103,0,0.0,-0.005164055347178287,-0.5,stop: goal blocked,-0.0011997917487370693,5.119168791753826
42.38,-0.3233126353202029,-0.0012910138367945717,-0.1715407122621906,0,0,0,0.2195246544376103,0,0.0,-0.005164055347178287,-0.5,stop: goal blocked,-0.0011329475399782702,5.1165708625809865
42.4,-0.3233126353202029,-0.0012910138367945717,-0.1715407122621906,0,0,0,0.2195246544376103,0,0.0,-0.005164055347178287,-0.5,stop: goal blocked,-0.00010506165074940808,5.120690779122201
42.42,-0.3233786551712828,-0.005548901935499673,-0.17022790808523947,0,0,0,0.2141045714075958,0,0.0,-0.02219560774199869,-0.5,stop: goal blocked,0.0007840975962778135,5.119977212572506
42.44,-0.3233786551712828,-0.005548901935499673,-0.17022790808523947,0,0,0,0.2141045714075958,0,0.0,-0.02219560774199869,-0.5,stop: goal blocked,0.00021368327635360346,5.122683634979314
42.46,-0.3233786551712828,-0.005548901935499673,-0.17022790808523947,0,0,0,0.2141045714075958,0,0.0,-0.02219560774199869,-0.5,stop: goal blocked,-8.711266446342154e-05,5.130145784022542
42.48,-0.3233786551712828,-0.005548901935499673,-0.17022790808523947,0,0,0,0.2141045714075958,0,0.0,-0.02219560774199869,-0.5,stop: goal blocked,0.0007567480190867467,5.142345657987669
42.5,-0.3233786551712828,-0.005548901935499673,-0.17022790808523947,0,0,0,0.2141045714075958,0,0.0,-0.02219560774199869,-0.5,stop: goal blocked,0.0012023651147151045,5.163073299641012
42.52,-0.3234019509349902,-0.0095431792556082,-0.16896049000032576,0,0,0,0.20881831070440612,0,0.0,-0.0381727170224328,-0.5,stop: goal blocked,0.0012093505575738405,5.192084085030716
42.54,-0.3234019509349902,-0.0095431792556082,-0.16896049000032576,0,0,0,0.20881831070440612,0,0.0,-0.0381727170224328,-0.5,stop: goal blocked,0.001146116143962028,5.205171135109389
42.56,-0.3234019509349902,-0.0095431792556082,-0.16896049000032576,0,0,0,0.20881831070440612,0,0.0,-0.0381727170224328,-0.5,stop: goal blocked,0.0010286411790337974,5.209876432085349
42.58,-0.3234019509349902,-0.0095431792556082,-0.16896049000032576,0,0,0,0.20881831070440612,0,0.0,-0.0381727170224328,-0.5,stop: goal blocked,0.0001688086776450935,5.213981548419588
42.6,-0.3234019509349902,-0.0095431792556082,-0.16896049000032576,0,0,0,0.20881831070440612,0,0.0,-0.0381727170224328,-0.5,stop: goal blocked,0.00011438886725377323,5.213792885633604
42.62,-0.3233846732546889,-0.013290421510183267,-0.1677356763820166,0,0,0,0.20366256824301937,0,0.0,-0.05316168604073307,-0.5,stop: goal blocked,0.00040794111946863463,5.218205258393729
42.64,-0.3233846732546889,-0.013290421510183267,-0.1677356763820166,0,0,0,0.20366256824301937,0,0.0,-0.05316168604073307,-0.5,stop: goal blocked,-1.8829051397884964e-05,5.236385136653565
42.66,-0.3233846732546889,-0.013290421510183267,-0.1677356763820166,0,0,0,0.20366256824301937,0,0.0,-0.05316168604073307,-0.5,stop: goal blocked,-0.0008923967156014041,5.264736870709236
42.68,-0.3233846732546889,-0.013290421510183267,-0.1677356763820166,0,0,0,0.20366256824301937,0,0.0,-0.05316168604073307,-0.5,stop: goal blocked,-0.00013074420842249386,5.292117508572285
42.7,-0.3233846732546889,-0.013290421510183267,-0.1677356763820166,0,0,0,0.20366256824301937,0,0.0,-0.05316168604073307,-0.5,stop: goal blocked,-0.0004487407911867125,5.310869497234434
42.72,-0.3233288285890451,-0.016805992012479384,-0.16655087912455377,0,0,0,0.1986341215165635,0,0.0,-0.06722396804991754,-0.5,stop: goal blocked,-0.0007339393314968757,5.321738457480525
42.74,-0.3233288285890451,-0.016805992012479384,-0.16655087912455377,0,0,0,0.1986341215165635,0,0.0,-0.06722396804991754,-0.5,stop: goal blocked,-0.0004496462503304217,5.3268190689775015
42.76,-0.3233288285890451,-0.016805992012479384,-0.16655087912455377,0,0,0,0.1986341215165635,0,0.0,-0.06722396804991754,-0.5,stop: goal blocked,-7.490411915783582e-05,5.332623706715721
42.78,-0.3233288285890451,-0.016805992012479384,-0.16655087912455377,0,0,0,0.1986341215165635,0,0.0,-0.06722396804991754,-0.5,stop: goal blocked,-0.00011336428866875171,5.336228999998877
42.8,-0.3233288285890451,-0.016805992012479384,-0.16655087912455377,0,0,0,0.1986341215165635,0,0.0,-0.06722396804991754,-0.5,stop: goal blocked,-0.0009520201312878497,5.33578414861719
42.82,-0.3232362906949976,-0.020104142620133977,-0.16540368843073158,0,0,0,0.1937298275821447,0,0.0,-0.08041657048053591,-0.5,stop: goal blocked,-0.0001673164231512595,5.330762824412602
42.84,-0.3232362906949976,-0.020104142620133977,-0.16540368843073158,0,0,0,0.1937298275821447,0,0.0,-0.08041657048053591,-0.5,stop: goal blocked,0.0002734607451529609,5.324652209977667
42.86,-0.3232362906949976,-0.020104142620133977,-0.16540368843073158,0,0,0,0.1937298275821447,0,0.0,-0.08041657048053591,-0.5,stop: goal blocked,0.0006116588872523954,5.318560158626756
42.88,-0.3232362906949976,-0.020104142620133977,-0.16540368843073158,0,0,0,0.1937298275821447,0,0.0,-0.08041657048053591,-0.5,stop: goal blocked,-5.752365451914225e-05,5.304094427467802
42.9,-0.3232362906949976,-0.020104142620133977,-0.16540368843073158,0,0,0,0.1937298275821447,0,0.0,-0.08041657048053591,-0.5,stop: goal blocked,0.0002559461088945086,5.278435669549913
42.92,-0.3231088110979819,-0.023198105376054115,-0.1642918589376619,0,0,0,0.1889466210964056,0,0.0,-0.09279242150421646,-0.5,stop: goal blocked,1.928676518845175e-05,5.247906748662509
42.94,-0.3231088110979819,-0.023198105376054115,-0.1642918589376619,0,0,0,0.1889466210964056,0,0.0,-0.09279242150421646,-0.5,stop: goal blocked,-0.0002534500193904716,5.218174418030518
42.96,-0.3231088110979819,-0.023198105376054115,-0.1642918589376619,0,0,0,0.1889466210964056,0,0.0,-0.09279242150421646,-0.5,stop: goal blocked,0.0007894462017331586,5.208453016219022
42.98,-0.3231088110979819,-0.023198105376054115,-0.1642918589376619,0,0,0,0.1889466210964056,0,0.0,-0.09279242150421646,-0.5,stop: goal blocked,0.0002569571784194557,5.207798626938761
43.0,-0.3231088110979819,-0.023198105376054115,-0.1642918589376619,0,0,0,0.1889466210964056,0,0.0,-0.09279242150421646,-0.5,stop: goal blocked,0.0003479647774379712,5.207438623510861
43.02,-0.32294802864706074,-0.02610017578045848,-0.1632132970503841,0,0,0,0.18428151239958604,0,0.0,-0.10440070312183392,-0.5,stop: goal blocked,0.000719307731182661,5.206322082834689
43.04,-0.32294802864706074,-0.02610017578045848,-0.1632132970503841,0,0,0,0.18428151239958604,0,0.0,-0.10440070312183392,-0.5,stop: goal blocked,-0.00018214088266559325,5.207936365169586
43.06,-0.32294802864706074,-0.02610017578045848,-0.1632132970503841,0,0,0,0.18428151239958604,0,0.0,-0.10440070312183392,-0.5,stop: goal blocked,0.00020717207681640002,5.2120568808946155
43.08,-0.32294802864706074,-0.02610017578045848,-0.1632132970503841,0,0,0,0.18428151239958604,0,0.0,-0.10440070312183392,-0.5,stop: goal blocked,0.0019794204612507927,5.213383482071969
43.1,-0.32294802864706074,-0.02610017578045848,-0.1632132970503841,0,0,0,0.18428151239958604,0,0.0,-0.10440070312183392,-0.5,stop: goal blocked,0.0006548207636123233,5.2093492250751625
43.12,-0.32275547824240236,-0.02882178852728058,-0.162166049367776,0,0,0,0.17973158564688835,0,0.0,-0.11528715410912233,-0.5,stop: goal blocked,0.00079730635386081,5.209910123439161
43.14,-0.32275547824240236,-0.02882178852728058,-0.162166049367776,0,0,0,0.17973158564688835,0,0.0,-0.11528715410912233,-0.5,stop: goal blocked,8.691716163017639e-05,5.2126545087957545
43.16,-0.32275547824240236,-0.02882178852728058,-0.162166049367776,0,0,0,0.17973158564688835,0,0.0,-0.11528715410912233,-0.5,stop: goal blocked,-4.683986869727223e-05,5.228565987527028
43.18,-0.32275547824240236,-0.02882178852728058,-0.162166049367776,0,0,0,0.17973158564688835,0,0.0,-0.11528715410912233,-0.5,stop: goal blocked,4.958071297899813e-05,5.273116505640806
43.2,-0.32275547824240236,-0.02882178852728058,-0.162166049367776,0,0,0,0.17973158564688835,0,0.0,-0.11528715410912233,-0.5,stop: goal blocked,-5.332475217784127e-05,5.300413976513264
43.22,-0.3225325988134866,-0.03137358644862365,-0.16114829209720402,0,0,0,0.17529399698597942,0,0.0,-0.1254943457944946,-0.5,stop: goal blocked,-3.1128735982503705e-05,5.298877541145159
43.24,-0.3225325988134866,-0.03137358644862365,-0.16114829209720402,0,0,0,0.17529399698597942,0,0.0,-0.1254943457944946,-0.5,stop: goal blocked,0.0005142258562207859,5.286694217163318
43.26,-0.3225325988134866,-0.03137358644862365,-0.16114829209720402,0,0,0,0.17529399698597942,0,0.0,-0.1254943457944946,-0.5,stop: goal blocked,0.00016855477632651383,5.2781344773931895
43.28,-0.3225325988134866,-0.03137358644862365,-0.16114829209720402,0,0,0,0.17529399698597942,0,0.0,-0.1254943457944946,-0.5,stop: goal blocked,-1.1701590289122136e-05,5.270000723614624
43.3,-0.3225325988134866,-0.03137358644862365,-0.16114829209720402,0,0,0,0.17529399698597942,0,0.0,-0.1254943457944946,-0.5,stop: goal blocked,-0.0022957889867971093,5.274835920558494
43.32,-0.32228074061836454,-0.033765483331733626,-0.16015832136499777,0,0,0,0.17096597277949038,0,0.0,-0.1350619333269345,-0.5,stop: goal blocked,-0.0020848092443608067,5.295162811615686
43.34,-0.32228074061836454,-0.033765483331733626,-0.16015832136499777,0,0,0,0.17096597277949038,0,0.0,-0.1350619333269345,-0.5,stop: goal blocked,-0.0009564656216020136,5.306717714871342
43.36,-0.32228074061836454,-0.033765483331733626,-0.16015832136499777,0,0,0,0.17096597277949038,0,0.0,-0.1350619333269345,-0.5,stop: goal blocked,2.6723532668667602e-05,5.309230165501533
43.38,-0.32228074061836454,-0.033765483331733626,-0.16015832136499777,0,0,0,0.17096597277949038,0,0.0,-0.1350619333269345,-0.5,stop: goal blocked,-6.832926286523013e-05,5.304873022911916
43.4,-0.32228074061836454,-0.033765483331733626,-0.16015832136499777,0,0,0,0.17096597277949038,0,0.0,-0.1350619333269345,-0.5,stop: goal blocked,0.0008913548002203812,5.273601889170186
43.42,-0.3220011719271343,-0.036006721202768446,-0.1591945443393072,0,0,0,0.16674480787140308,0,0.0,-0.14402688481107379,-0.5,stop: goal blocked,0.00011753298045832222,5.238837216309796
43.44,-0.3220011719271343,-0.036006721202768446,-0.1591945443393072,0,0,0,0.16674480787140308,0,0.0,-0.14402688481107379,-0.5,stop: goal blocked,8.496371028106006e-05,5.210772130372383
43.46,-0.3220011719271343,-0.036006721202768446,-0.1591945443393072,0,0,0,0.16674480787140308,0,0.0,-0.14402688481107379,-0.5,stop: goal blocked,-0.00017527542310352316,5.190711604442908
43.48,-0.3220011719271343,-0.036006721202768446,-0.1591945443393072,0,0,0,0.16674480787140308,0,0.0,-0.14402688481107379,-0.5,stop: goal blocked,-0.0005217184555907201,5.191885097212005
43.5,-0.3220011719271343,-0.036006721202768446,-0.1591945443393072,0,0,0,0.16674480787140308,0,0.0,-0.14402688481107379,-0.5,stop: goal blocked,-0.00046409429853579745,5.192962696075268
43.52,-0.32169508514641604,-0.03810592260939153,-0.15825547109033333,0,0,0,0.16262786389623937,0,0.0,-0.15242369043756612,-0.5,stop: goal blocked,0.00012783856760942156,5.19183740404251
43.54,-0.32169508514641604,-0.03810592260939153,-0.15825547109033333,0,0,0,0.16262786389623937,0,0.0,-0.15242369043756612,-0.5,stop: goal blocked,0.0007199304521942749,5.189103712316017
43.56,-0.32169508514641604,-0.03810592260939153,-0.15825547109033333,0,0,0,0.16262786389623937,0,0.0,-0.15242369043756612,-0.5,stop: goal blocked,0.00019545884403291455,5.187531620941984
43.58,-0.32169508514641604,-0.03810592260939153,-0.15825547109033333,0,0,0,0.16262786389623937,0,0.0,-0.15242369043756612,-0.5,stop: goal blocked,8.544108651395816e-05,5.189781361556624
43.6,-0.32169508514641604,-0.03810592260939153,-0.15825547109033333,0,0,0,0.16262786389623937,0,0.0,-0.15242369043756612,-0.5,stop: goal blocked,9.284539456223925e-06,5.190943544949395
43.62,-0.3213636024359231,-0.040071138378952036,-0.15733970712044337,0,0,0,0.15861256762999687,0,0.0,-0.16028455351580814,-0.5,stop: goal blocked,0.00018779987472322516,5.191439350628497
43.64,-0.3213636024359231,-0.040071138378952036,-0.15733970712044337,0,0,0,0.15861256762999687,0,0.0,-0.16028455351580814,-0.5,stop: goal blocked,5.7701715608605225e-05,5.191759620160242
43.66,-0.3213636024359231,-0.040071138378952036,-0.15733970712044337,0,0,0,0.15861256762999687,0,0.0,-0.16028455351580814,-0.5,stop: goal blocked,0.00029023135121756074,5.200072733528873
43.68,-0.3213636024359231,-0.040071138378952036,-0.15733970712044337,0,0,0,0.15861256762999687,0,0.0,-0.16028455351580814,-0.5,stop: goal blocked,0.0004979218605149118,5.2128780356726026
43.7,-0.3213636024359231,-0.040071138378952036,-0.15733970712044337,0,0,0,0.15861256762999687,0,0.0,-0.16028455351580814,-0.5,stop: goal blocked,0.00031978561475857364,5.221679660427753
43.72,-0.3210077808631529,-0.04190989127989975,-0.15644594650338708,0,0,0,0.1546964093818002,0,0.0,-0.167639565119599,-0.5,stop: goal blocked,-0.0009401862786915073,5.243137192950248
43.74,-0.3210077808631529,-0.04190989127989975,-0.15644594650338708,0,0,0,0.1546964093818002,0,0.0,-0.167639565119599,-0.5,stop: goal blocked,-0.00030141019658105314,5.260393243742469
43.76,-0.3210077808631529,-0.04190989127989975,-0.15644594650338708,0,0,0,0.1546964093818002,0,0.0,-0.167639565119599,-0.5,stop: goal blocked,4.5466733591106265e-05,5.259886233533345
43.78,-0.3210077808631529,-0.04190989127989975,-0.15644594650338708,0,0,0,0.1546964093818002,0,0.0,-0.167639565119599,-0.5,stop: goal blocked,7.972625416917953e-05,5.273354475787865
43.8,-0.3210077808631529,-0.04190989127989975,-0.15644594650338708,0,0,0,0.1546964093818002,0,0.0,-0.167639565119599,-0.5,stop: goal blocked,0.00024333943562491377,5.304819351441751
43.82,-0.3206286171376896,-0.043629215970389795,-0.15557296557782427,0,0,0,0.15087694142526248,0,0.0,-0.17451686388155918,-0.5,stop: goal blocked,5.8867469163898314e-05,5.322876579848149
43.84,-0.3206286171376896,-0.043629215970389795,-0.15557296557782427,0,0,0,0.15087694142526248,0,0.0,-0.17451686388155918,-0.5,stop: goal blocked,-0.0011547418449231815,5.350119225345788
43.86,-0.3206286171376896,-0.043629215970389795,-0.15557296557782427,0,0,0,0.15087694142526248,0,0.0,-0.17451686388155918,-0.5,stop: goal blocked,-0.0010101310596417347,5.371004799348108
43.88,-0.3206286171376896,-0.043629215970389795,-0.15557296557782427,0,0,0,0.15087694142526248,0,0.0,-0.17451686388155918,-0.5,stop: goal blocked,-0.0006240689270132571,5.375840519261605
43.9,-0.3206286171376896,-0.043629215970389795,-0.15557296557782427,0,0,0,0.15087694142526248,0,0.0,-0.17451686388155918,-0.5,stop: goal blocked,-0.0005756747891481406,5.379366980097554
43.92,-0.32022705196256057,-0.045235695579125615,-0.15471961714572774,0,0,0,0.14715177646857663,0,0.0,-0.18094278231650246,-0.5,stop: goal blocked,-7.194271063334134e-05,5.381031736633784
43.94,-0.32022705196256057,-0.045235695579125615,-0.15471961714572774,0,0,0,0.14715177646857663,0,0.0,-0.18094278231650246,-0.5,stop: goal blocked,0.00020234463726161403,5.380351579259161
43.96,-0.32022705196256057,-0.045235695579125615,-0.15471961714572774,0,0,0,0.14715177646857663,0,0.0,-0.18094278231650246,-0.5,stop: goal blocked,-0.000245101908183214,5.3623181551362435
43.98,-0.32022705196256057,-0.045235695579125615,-0.15471961714572774,0,0,0,0.14715177646857663,0,0.0,-0.18094278231650246,-0.5,stop: goal blocked,-0.0007847186821447506,5.33769875940534
44.0,-0.32022705196256057,-0.045235695579125615,-0.15471961714572774,0,0,0,0.14715177646857663,0,0.0,-0.18094278231650246,-0.5,stop: goal blocked,-0.00013107441724665055,5.300320906403224
44.02,-0.3198039740364634,-0.04673549522880873,-0.15388482513101934,0,0,0,0.14351858616238033,0,0.0,-0.18694198091523492,-0.5,stop: goal blocked,0.00020588317511423726,5.2651957761224875
44.04,-0.3198039740364634,-0.04673549522880873,-0.15388482513101934,0,0,0,0.14351858616238033,0,0.0,-0.18694198091523492,-0.5,stop: goal blocked,-4.55301377009793e-05,5.254983199911499
44.06,-0.3198039740364634,-0.04673549522880873,-0.15388482513101934,0,0,0,0.14351858616238033,0,0.0,-0.18694198091523492,-0.5,stop: goal blocked,-6.739383257090616e-05,5.245458710980259
44.08,-0.3198039740364634,-0.04673549522880873,-0.15388482513101934,0,0,0,0.14351858616238033,0,0.0,-0.18694198091523492,-0.5,stop: goal blocked,0.00012658466451921502,5.2380052075166175
44.1,-0.3198039740364634,-0.04673549522880873,-0.15388482513101934,0,0,0,0.14351858616238033,0,0.0,-0.18694198091523492,-0.5,stop: goal blocked,2.3230880758198178e-05,5.236072594568509
44.12,-0.31936022373743267,-0.0481343927816229,-0.15306757965808923,0,0,0,0.13997509964446184,0,0.0,-0.1925375711264916,-0.5,stop: goal blocked,0.0021473407287237976,5.225655114757849
44.14,-0.31936022373743267,-0.0481343927816229,-0.15306757965808923,0,0,0,0.13997509964446184,0,0.0,-0.1925375711264916,-0.5,stop: goal blocked,0.0006354839018567202,5.215724052050859
44.16,-0.31936022373743267,-0.0481343927816229,-0.15306757965808923,0,0,0,0.13997509964446184,0,0.0,-0.1925375711264916,-0.5,stop: goal blocked,0.00019724132338330328,5.214276814323629
44.18,-0.31936022373743267,-0.0481343927816229,-0.15306757965808923,0,0,0,0.13997509964446184,0,0.0,-0.1925375711264916,-0.5,stop: goal blocked,0.000996653477388617,5.217959706351547
44.2,-0.31936022373743267,-0.0481343927816229,-0.15306757965808923,0,0,0,0.13997509964446184,0,0.0,-0.1925375711264916,-0.5,stop: goal blocked,0.0006081669935671366,5.220626448382043
44.22,-0.3188965965156076,-0.049437807058548104,-0.15226693251369705,0,0,0,0.13651910212039717,0,0.0,-0.19775122823419242,-0.5,stop: goal blocked,0.00035598055853008144,5.222163766340549
44.24,-0.3188965965156076,-0.049437807058548104,-0.15226693251369705,0,0,0,0.13651910212039717,0,0.0,-0.19775122823419242,-0.5,stop: goal blocked,-5.235322745059932e-05,5.225485687254392
44.26,-0.3188965965156076,-0.049437807058548104,-0.15226693251369705,0,0,0,0.13651910212039717,0,0.0,-0.19775122823419242,-0.5,stop: goal blocked,0.00027570544429037636,5.236509177508214
44.28,-0.3188965965156076,-0.049437807058548104,-0.15226693251369705,0,0,0,0.13651910212039717,0,0.0,-0.19775122823419242,-0.5,stop: goal blocked,0.0002396988800524947,5.251687067969318
44.3,-0.3188965965156076,-0.049437807058548104,-0.15226693251369705,0,0,0,0.13651910212039717,0,0.0,-0.19775122823419242,-0.5,stop: goal blocked,0.0003443799158206093,5.257474791539081
44.32,-0.31841384602014644,-0.050650823759600144,-0.1514819929592064,0,0,0,0.13314843347923153,0,0.0,-0.20260329503840058,-0.5,stop: goal blocked,0.0004196716182079271,5.26026875355151
44.34,-0.31841384602014644,-0.050650823759600144,-0.1514819929592064,0,0,0,0.13314843347923153,0,0.0,-0.20260329503840058,-0.5,stop: goal blocked,0.00033215202999113935,5.263569255956891
44.36,-0.31841384602014644,-0.050650823759600144,-0.1514819929592064,0,0,0,0.13314843347923153,0,0.0,-0.20260329503840058,-0.5,stop: goal blocked,0.00021327147068755218,5.265831433702634
44.38,-0.31841384602014644,-0.050650823759600144,-0.1514819929592064,0,0,0,0.13314843347923153,0,0.0,-0.20260329503840058,-0.5,stop: goal blocked,-0.0002277221715307215,5.272660213532647
44.4,-0.31841384602014644,-0.050650823759600144,-0.1514819929592064,0,0,0,0.13314843347923153,0,0.0,-0.20260329503840058,-0.5,stop: goal blocked,-0.00013435562957029359,5.276430221693468
44.42,-0.31791268698299124,-0.05177821928999257,-0.15071192386320578,0,0,0,0.12986098694333958,0,0.0,-0.2071128771599703,-0.5,stop: goal blocked,-0.000331687484185672,5.279660839387955
44.44,-0.31791268698299124,-0.05177821928999257,-0.15071192386320578,0,0,0,0.12986098694333958,0,0.0,-0.2071128771599703,-0.5,stop: goal blocked,-0.0017916769443599898,5.287430582627295
44.46,-0.31791268698299124,-0.05177821928999257,-0.15071192386320578,0,0,0,0.12986098694333958,0,0.0,-0.2071128771599703,-0.5,stop: goal blocked,-0.000953232216758653,5.297610493613148
44.48,-0.31791268698299124,-0.05177821928999257,-0.15071192386320578,0,0,0,0.12986098694333958,0,0.0,-0.2071128771599703,-0.5,stop: goal blocked,-0.0016637152480882017,5.306590869320783
44.5,-0.31791268698299124,-0.05177821928999257,-0.15071192386320578,0,0,0,0.12986098694333958,0,0.0,-0.2071128771599703,-0.5,stop: goal blocked,-0.0010668565870582747,5.312580478115877
44.52,-0.3173937978800751,-0.05282448267742743,-0.14995593812735714,0,0,0,0.126654707751621,0,0.0,-0.21129793070970973,-0.5,stop: goal blocked,-0.0010111740156232391,5.313351477802227
44.54,-0.3173937978800751,-0.05282448267742743,-0.14995593812735714,0,0,0,0.126654707751621,0,0.0,-0.21129793070970973,-0.5,stop: goal blocked,-0.00021440151998367712,5.314414584309509
44.56,-0.3173937978800751,-0.05282448267742743,-0.14995593812735714,0,0,0,0.126654707751621,0,0.0,-0.21129793070970973,-0.5,stop: goal blocked,-0.00017140087150704884,5.305757794335362
44.58,-0.3173937978800751,-0.05282448267742743,-0.14995593812735714,0,0,0,0.126654707751621,0,0.0,-0.21129793070970973,-0.5,stop: goal blocked,-0.0005302474063282255,5.282404312578201
44.6,-0.3173937978800751,-0.05282448267742743,-0.14995593812735714,0,0,0,0.126654707751621,0,0.0,-0.21129793070970973,-0.5,stop: goal blocked,-0.00043287208542424195,5.259174422317389
44.62,-0.31685782338866864,-0.05379383574798297,-0.14921329538082062,0,0,0,0.12352759187520765,0,0.0,-0.2151753429919319,-0.5,stop: goal blocked,-0.000595138138159961,5.245475988617806
44.64,-0.31685782338866864,-0.05379383574798297,-0.14921329538082062,0,0,0,0.12352759187520765,0,0.0,-0.2151753429919319,-0.5,stop: goal blocked,-6.767302276217222e-05,5.243444599308896
44.66,-0.31685782338866864,-0.05379383574798297,-0.14921329538082062,0,0,0,0.12352759187520765,0,0.0,-0.2151753429919319,-0.5,stop: goal blocked,0.00015545226965466458,5.242247623820201
44.68,-0.31685782338866864,-0.05379383574798297,-0.14921329538082062,0,0,0,0.12352759187520765,0,0.0,-0.2151753429919319,-0.5,stop: goal blocked,0.00185845793927632,5.238606701631401
44.7,-0.31685782338866864,-0.05379383574798297,-0.14921329538082062,0,0,0,0.12352759187520765,0,0.0,-0.2151753429919319,-0.5,stop: goal blocked,-0.00021018605915857567,5.232942429564881
44.72,-0.3163053766578532,-0.05469025171215279,-0.14848329892086384,0,0,0,0.12047768476488055,0,0.0,-0.21876100684861116,-0.5,stop: goal blocked,-0.00043080239445887874,5.233453516598113
44.74,-0.3163053766578532,-0.05469025171215279,-0.14848329892086384,0,0,0,0.12047768476488055,0,0.0,-0.21876100684861116,-0.5,stop: goal blocked,-2.7187068267158903e-05,5.238933983091133
44.76,-0.3163053766578532,-0.05469025171215279,-0.14848329892086384,0,0,0,0.12047768476488055,0,0.0,-0.21876100684861116,-0.5,stop: goal blocked,0.00019030585590859003,5.241982974703288
44.78,-0.3163053766578532,-0.05469025171215279,-0.14848329892086384,0,0,0,0.12047768476488055,0,0.0,-0.21876100684861116,-0.5,stop: goal blocked,0.00023302943776533835,5.244395287371678
44.8,-0.3163053766578532,-0.05469025171215279,-0.14848329892086384,0,0,0,0.12047768476488055,0,0.0,-0.21876100684861116,-0.5,stop: goal blocked,0.0019590106802439278,5.249852867800696
44.82,-0.31573704140756836,-0.05551747229830224,-0.14776529287929863,0,0,0,0.11750308012941284,0,0.0,-0.22206988919320897,-0.5,stop: goal blocked,0.0005665878074279801,5.261842799839054
44.84,-0.31573704140756836,-0.05551747229830224,-0.14776529287929863,0,0,0,0.11750308012941284,0,0.0,-0.22206988919320897,-0.5,stop: goal blocked,8.130056556313206e-05,5.26878079159177
44.86,-0.31573704140756836,-0.05551747229830224,-0.14776529287929863,0,0,0,0.11750308012941284,0,0.0,-0.22206988919320897,-0.5,stop: goal blocked,-4.67823629479193e-05,5.271286849494327
44.88,-0.31573704140756836,-0.05551747229830224,-0.14776529287929863,0,0,0,0.11750308012941284,0,0.0,-0.22206988919320897,-0.5,stop: goal blocked,0.00019449835246866356,5.274171940349469
44.9,-0.31573704140756836,-0.05551747229830224,-0.14776529287929863,0,0,0,0.11750308012941284,0,0.0,-0.22206988919320897,-0.5,stop: goal blocked,0.00032175101682684217,5.275710471140492
44.92,-0.31515337387029324,-0.056279023557966795,-0.14705865959622466,0,0,0,0.11460191874407576,0,0.0,-0.22511609423186718,-0.5,stop: goal blocked,-6.439710330572143e-05,5.27730598835339
44.94,-0.31515337387029324,-0.056279023557966795,-0.14705865959622466,0,0,0,0.11460191874407576,0,0.0,-0.22511609423186718,-0.5,stop: goal blocked,-9.809636562202956e-05,5.280849906662877
44.96,-0.31515337387029324,-0.056279023557966795,-0.14705865959622466,0,0,0,0.11460191874407576,0,0.0,-0.22511609423186718,-0.5,stop: goal blocked,0.00015442558076963548,5.282406987289652
44.98,-0.31515337387029324,-0.056279023557966795,-0.14705865959622466,0,0,0,0.11460191874407576,0,0.0,-0.22511609423186718,-0.5,stop: goal blocked,-0.0006977773041891126,5.29120948491226
45.0,-0.31515337387029324,-0.056279023557966795,-0.14705865959622466,0,0,0,0.11460191874407576,0,0.0,-0.22511609423186718,-0.5,stop: goal blocked,-0.0001341217616780185,5.300567305240429
45.02,-0.3145549045881657,-0.05697823045586721,-0.14636281718421693,0,0,0,0.11177238728856265,0,0.0,-0.22791292182346884,-0.5,stop: goal blocked,0.0004534113494209175,5.303279289820104
45.04,-0.3145549045881657,-0.05697823045586721,-0.14636281718421693,0,0,0,0.11177238728856265,0,0.0,-0.22791292182346884,-0.5,stop: goal blocked,6.192153576512091e-05,5.3056889689039854
45.06,-0.3145549045881657,-0.05697823045586721,-0.14636281718421693,0,0,0,0.11177238728856265,0,0.0,-0.22791292182346884,-0.5,stop: goal blocked,0.0003556079121344128,5.309759241266283
45.08,-0.3145549045881657,-0.05697823045586721,-0.14636281718421693,0,0,0,0.11177238728856265,0,0.0,-0.22791292182346884,-0.5,stop: goal blocked,0.0008347998149428994,5.311783657631192
45.1,-0.3145549045881657,-0.05697823045586721,-0.14636281718421693,0,0,0,0.11177238728856265,0,0.0,-0.22791292182346884,-0.5,stop: goal blocked,0.00041681776067798554,5.31117494558532
45.12,-0.31394214007721233,-0.05761823034711942,-0.14567721726759092,0,0,0,0.10901271721360475,0,0.0,-0.2304729213884777,-0.5,stop: goal blocked,-0.0003756821732102246,5.310789084974909
45.14,-0.31394214007721233,-0.05761823034711942,-0.14567721726759092,0,0,0,0.10901271721360475,0,0.0,-0.2304729213884777,-0.5,stop: goal blocked,-0.0002170174865680571,5.311756477789942
45.16,-0.31394214007721233,-0.05761823034711942,-0.14567721726759092,0,0,0,0.10901271721360475,0,0.0,-0.2304729213884777,-0.5,stop: goal blocked,0.00032716009710468557,5.304487914638152
45.18,-0.31394214007721233,-0.05761823034711942,-0.14567721726759092,0,0,0,0.10901271721360475,0,0.0,-0.2304729213884777,-0.5,stop: goal blocked,-0.00043662775307885105,5.296481433509836
45.2,-0.31394214007721233,-0.05761823034711942,-0.14567721726759092,0,0,0,0.10901271721360475,0,0.0,-0.2304729213884777,-0.5,stop: goal blocked,0.00020429730170370486,5.294643953252727
45.22,-0.3133155643693356,-0.058201985434749734,-0.14500134288273434,0,0,0,0.10632118363557036,0,0.0,-0.23280794173899894,-0.5,stop: goal blocked,-0.0004908798461243448,5.2602741453199435
45.24,-0.3133155643693356,-0.058201985434749734,-0.14500134288273434,0,0,0,0.10632118363557036,0,0.0,-0.23280794173899894,-0.5,stop: goal blocked,-0.0003252509562397891,5.230493656709329
45.26,-0.3133155643693356,-0.058201985434749734,-0.14500134288273434,0,0,0,0.10632118363557036,0,0.0,-0.23280794173899894,-0.5,stop: goal blocked,-0.0014546334571784493,5.219206858947159
45.28,-0.3133155643693356,-0.058201985434749734,-0.14500134288273434,0,0,0,0.10632118363557036,0,0.0,-0.23280794173899894,-0.5,stop: goal blocked,-0.0008772028443533411,5.21584088618683
45.3,-0.3133155643693356,-0.058201985434749734,-0.14500134288273434,0,0,0,0.10632118363557036,0,0.0,-0.23280794173899894,-0.5,stop: goal blocked,0.0003347577381024065,5.217423994375466
45.32,-0.3126756404417797,-0.05873229429217961,-0.14433470652671823,0,0,0,0.10369610425835632,0,0.0,-0.23492917716871844,-0.5,stop: goal blocked,0.0019348013114310317,5.2337655967621775
45.34,-0.3126756404417797,-0.05873229429217961,-0.14433470652671823,0,0,0,0.10369610425835632,0,0.0,-0.23492917716871844,-0.5,stop: goal blocked,0.00022840913091869743,5.248013534023237
45.36,-0.3126756404417797,-0.05873229429217961,-0.14433470652671823,0,0,0,0.10369610425835632,0,0.0,-0.23492917716871844,-0.5,stop: goal blocked,0.0002779670962493968,5.250142102020031
45.38,-0.3126756404417797,-0.05873229429217961,-0.14433470652671823,0,0,0,0.10369610425835632,0,0.0,-0.23492917716871844,-0.5,stop: goal blocked,0.00061638673490044,5.249513681549369
45.4,-0.3126756404417797,-0.05873229429217961,-0.14433470652671823,0,0,0,0.10369610425835632,0,0.0,-0.23492917716871844,-0.5,stop: goal blocked,-0.001107328991496885,5.258322325938097
45.42,-0.3120228115429542,-0.05921180252772254,-0.1436768483425113,0,0,0,0.1011358383218983,0,0.0,-0.23684721011089016,-0.5,stop: goal blocked,-0.0005499089029968571,5.2675688763432715
45.44,-0.3120228115429542,-0.05921180252772254,-0.1436768483425113,0,0,0,0.1011358383218983,0,0.0,-0.23684721011089016,-0.5,stop: goal blocked,0.00019695236008008643,5.283305256908117
45.46,-0.3120228115429542,-0.05921180252772254,-0.1436768483425113,0,0,0,0.1011358383218983,0,0.0,-0.23684721011089016,-0.5,stop: goal blocked,-0.00011075863513126694,5.3074355834093785
45.48,-0.3120228115429542,-0.05921180252772254,-0.1436768483425113,0,0,0,0.1011358383218983,0,0.0,-0.23684721011089016,-0.5,stop: goal blocked,0.0004418790907996964,5.315598487288583
45.5,-0.3120228115429542,-0.05921180252772254,-0.1436768483425113,0,0,0,0.1011358383218983,0,0.0,-0.23684721011089016,-0.5,stop: goal blocked,0.0005013456571593231,5.315903798720495
45.52,-0.31135750242273547,-0.05964301266125162,-0.1430273344301257,0,0,0,0.09863878557664231,0,0.0,-0.23857205064500647,-0.5,stop: goal blocked,-0.0006036215785372025,5.321280938121857
45.54,-0.31135750242273547,-0.05964301266125162,-0.1430273344301257,0,0,0,0.09863878557664231,0,0.0,-0.23857205064500647,-0.5,stop: goal blocked,-0.000631000957345011,5.333299446208651
45.56,-0.31135750242273547,-0.05964301266125162,-0.1430273344301257,0,0,0,0.09863878557664231,0,0.0,-0.23857205064500647,-0.5,stop: goal blocked,-0.0006511592147791986,5.345201728330716
45.58,-0.31135750242273547,-0.05964301266125162,-0.1430273344301257,0,0,0,0.09863878557664231,0,0.0,-0.23857205064500647,-0.5,stop: goal blocked,-3.2253941750830955e-05,5.356741295974048
45.6,-0.31135750242273547,-0.05964301266125162,-0.1430273344301257,0,0,0,0.09863878557664231,0,0.0,-0.23857205064500647,-0.5,stop: goal blocked,-0.000652099539653507,5.369625662104604
45.62,-0.3106801204746746,-0.06002829327697502,-0.14238575527393552,0,0,0,0.09620338528333658,0,0.0,-0.2401131731079001,-0.5,stop: goal blocked,-0.00026600871891613645,5.371151807402002
45.64,-0.3106801204746746,-0.06002829327697502,-0.14238575527393552,0,0,0,0.09620338528333658,0,0.0,-0.2401131731079001,-0.5,stop: goal blocked,-0.0006893274996308726,5.364475116408105
45.66,-0.3106801204746746,-0.06002829327697502,-0.14238575527393552,0,0,0,0.09620338528333658,0,0.0,-0.2401131731079001,-0.5,stop: goal blocked,0.000688657631138953,5.35392643869886
45.68,-0.3106801204746746,-0.06002829327697502,-0.14238575527393552,0,0,0,0.09620338528333658,0,0.0,-0.2401131731079001,-0.5,stop: goal blocked,0.00020987248636715063,5.343355974028553
45.7,-0.3106801204746746,-0.06002829327697502,-0.14238575527393552,0,0,0,0.09620338528333658,0,0.0,-0.2401131731079001,-0.5,stop: goal blocked,0.000506836582855952,5.338462393401046
45.72,-0.3099910567969129,-0.06036988751062843,-0.14175172427723676,0,0,0,0.09382811523751879,0,0.0,-0.24147955004251373,-0.5,stop: goal blocked,-0.00038310424238201886,5.333642539805403
45.74,-0.3099910567969129,-0.06036988751062843,-0.14175172427723676,0,0,0,0.09382811523751879,0,0.0,-0.24147955004251373,-0.5,stop: goal blocked,-0.0007238458136725007,5.335133216007245
45.76,-0.3099910567969129,-0.06036988751062843,-0.14175172427723676,0,0,0,0.09382811523751879,0,0.0,-0.24147955004251373,-0.5,stop: goal blocked,0.0006819100901215561,5.338673883438925
45.78,-0.3099910567969129,-0.06036988751062843,-0.14175172427723676,0,0,0,0.09382811523751879,0,0.0,-0.24147955004251373,-0.5,stop: goal blocked,0.0007011998200515203,5.326400340927693
45.8,-0.3099910567969129,-0.06036988751062843,-0.14175172427723676,0,0,0,0.09382811523751879,0,0.0,-0.24147955004251373,-0.5,stop: goal blocked,0.0005907131623609154,5.284243171337085
45.82,-0.30929068717803837,-0.06066992092429932,-0.1411248763958697,0,0,0,0.09151149081808871,0,0.0,-0.24267968369719728,-0.5,stop: goal blocked,-0.0003849297646502456,5.232625240612967
45.84,-0.30929068717803837,-0.06066992092429932,-0.1411248763958697,0,0,0,0.09151149081808871,0,0.0,-0.24267968369719728,-0.5,stop: goal blocked,-0.0001455911477792981,5.199242476452208
45.86,-0.30929068717803837,-0.06066992092429932,-0.1411248763958697,0,0,0,0.09151149081808871,0,0.0,-0.24267968369719728,-0.5,stop: goal blocked,0.00021976367599260634,5.188583433131333
45.88,-0.30929068717803837,-0.06066992092429932,-0.1411248763958697,0,0,0,0.09151149081808871,0,0.0,-0.24267968369719728,-0.5,stop: goal blocked,-0.00023639308208933248,5.1874938618103075
45.9,-0.30929068717803837,-0.06066992092429932,-0.1411248763958697,0,0,0,0.09151149081808871,0,0.0,-0.24267968369719728,-0.5,stop: goal blocked,0.0008107851719929551,5.1856697306621475
45.92,-0.308579373013596,-0.06093040881748253,-0.14050486686340818,0,0,0,0.08925206405937167,0,0.0,-0.24372163526993013,-0.5,stop: goal blocked,4.6203617385447214e-05,5.186006145505767
45.94,-0.308579373013596,-0.06093040881748253,-0.14050486686340818,0,0,0,0.08925206405937167,0,0.0,-0.24372163526993013,-0.5,stop: goal blocked,8.07850566632814e-05,5.191242897950254
45.96,-0.308579373013596,-0.06093040881748253,-0.14050486686340818,0,0,0,0.08925206405937167,0,0.0,-0.24372163526993013,-0.5,stop: goal blocked,0.0016244621211588231,5.1980995724715555
45.98,-0.308579373013596,-0.06093040881748253,-0.14050486686340818,0,0,0,0.08925206405937167,0,0.0,-0.24372163526993013,-0.5,stop: goal blocked,0.000787174388893388,5.212386477392272
46.0,-0.308579373013596,-0.06093040881748253,-0.14050486686340818,0,0,0,0.08925206405937167,0,0.0,-0.24372163526993013,-0.5,stop: goal blocked,0.0010041414840652563,5.239138940114261
46.02,-0.3078574621584966,-0.061153263018782614,-0.13989137000104224,0,0,0,0.08704842274609288,0,0.13,-0.24461305207513045,-0.5,walk forward,0.0004212955258830892,5.2690321382468595
46.04,-0.3078574621584966,-0.061153263018782614,-0.13989137000104224,0,0,0,0.08704842274609288,0,0.13,-0.24461305207513045,-0.5,walk forward,0.002294543766971606,5.166123749010233
46.06,-0.3078574621584966,-0.061153263018782614,-0.13989137000104224,0,0,0,0.08704842274609288,0,0.13,-0.24461305207513045,-0.5,walk forward,0.00032518635864040805,4.796660121785057
46.08,-0.3078574621584966,-0.061153263018782614,-0.13989137000104224,0,0,0,0.08704842274609288,0,0.13,-0.24461305207513045,-0.5,walk forward,0.0038534578537208,4.282756987339191
46.1,-0.3078574621584966,-0.061153263018782614,-0.13989137000104224,0,0,0,0.08704842274609288,0,0.13,-0.24461305207513045,-0.5,walk forward,0.000930047260115887,3.703184932508584
46.12,-0.3071252897201373,-0.061340298198882086,-0.13928407810584678,0,0,0,0.08489918953069696,0,0.13,-0.24536119279552834,-0.5,walk forward,0.039145173480897626,3.2051771067880854
46.14,-0.3071252897201373,-0.061340298198882086,-0.13928407810584678,0,0,0,0.08489918953069696,0,0.13,-0.24536119279552834,-0.5,walk forward,0.04531145297427495,2.91222208764402
46.16,-0.3071252897201373,-0.061340298198882086,-0.13928407810584678,0,0,0,0.08489918953069696,0,0.13,-0.24536119279552834,-0.5,walk forward,0.050511169901537485,2.7097215583555125
46.18,-0.3071252897201373,-0.061340298198882086,-0.13928407810584678,0,0,0,0.08489918953069696,0,0.13,-0.24536119279552834,-0.5,walk forward,0.04429254491492364,2.5175354890375594
46.2,-0.3071252897201373,-0.061340298198882086,-0.13928407810584678,0,0,0,0.08489918953069696,0,0.13,-0.24536119279552834,-0.5,walk forward,0.04765905745493491,2.3267508602699505
46.22,-0.30638317879665744,-0.06149323774194828,-0.13868270041164432,0,0,0,0.08280302107246079,0,0.13,-0.24597295096779312,-0.5,walk forward,0.04970593802429084,2.131203518642367
46.24,-0.30638317879665744,-0.06149323774194828,-0.13868270041164432,0,0,0,0.08280302107246079,0,0.13,-0.24597295096779312,-0.5,walk forward,0.07090592005635803,1.8981629612792161
46.26,-0.30638317879665744,-0.06149323774194828,-0.13868270041164432,0,0,0,0.08280302107246079,0,0.13,-0.24597295096779312,-0.5,walk forward,0.10054972734911956,1.5796973768521334
46.28,-0.30638317879665744,-0.06149323774194828,-0.13868270041164432,0,0,0,0.08280302107246079,0,0.13,-0.24597295096779312,-0.5,walk forward,0.08965581509675097,1.6802129632066836
46.3,-0.30638317879665744,-0.06149323774194828,-0.13868270041164432,0,0,0,0.08280302107246079,0,0.13,-0.24597295096779312,-0.5,walk forward,0.012339301886623012,2.534275916958967
46.32,-0.3056314411643961,-0.06161371920951979,-0.13808696211714017,0,0,0,0.0807586071978619,0,0.13,-0.24645487683807915,-0.5,walk forward,-0.010768513159999582,3.3097165947927856
46.34,-0.3056314411643961,-0.06161371920951979,-0.13808696211714017,0,0,0,0.0807586071978619,0,0.13,-0.24645487683807915,-0.5,walk forward,0.02515765220847161,3.9014888079314516
46.36,-0.3056314411643961,-0.06161371920951979,-0.13808696211714017,0,0,0,0.0807586071978619,0,0.13,-0.24645487683807915,-0.5,walk forward,0.019624540136830813,4.298714132896689
46.38,-0.3056314411643961,-0.06161371920951979,-0.13808696211714017,0,0,0,0.0807586071978619,0,0.13,-0.24645487683807915,-0.5,walk forward,0.022579659718727274,4.574247585622797
46.4,-0.3056314411643961,-0.06161371920951979,-0.13808696211714017,0,0,0,0.0807586071978619,0,0.13,-0.24645487683807915,-0.5,walk forward,0.0294462415223676,4.799815717661467
46.42,-0.30487037791829347,-0.06170329942806619,-0.13749660347643716,0,0,0,0.07876467008167737,0,0.13,-0.24681319771226476,-0.5,walk forward,0.043773879377598954,5.001841509577393
46.44,-0.30487037791829347,-0.06170329942806619,-0.13749660347643716,0,0,0,0.07876467008167737,0,0.13,-0.24681319771226476,-0.5,walk forward,0.052993137549083004,5.159908855665777
46.46,-0.30487037791829347,-0.06170329942806619,-0.13749660347643716,0,0,0,0.07876467008167737,0,0.13,-0.24681319771226476,-0.5,walk forward,0.062291366395395384,5.254174280205511
46.48,-0.30487037791829347,-0.06170329942806619,-0.13749660347643716,0,0,0,0.07876467008167737,0,0.13,-0.24681319771226476,-0.5,walk forward,0.06834323347322273,5.221115387908668
46.5,-0.30487037791829347,-0.06170329942806619,-0.13749660347643716,0,0,0,0.07876467008167737,0,0.13,-0.24681319771226476,-0.5,walk forward,0.0688782166918641,5.065359051152469
46.52,-0.30410028006867906,-0.061763459228824175,-0.13691137894742877,0,0,0,0.0768199634483014,0,0.13,-0.2470538369152967,-0.5,walk forward,0.06594975322929549,4.825498921013952
46.54,-0.30410028006867906,-0.061763459228824175,-0.13691137894742877,0,0,0,0.0768199634483014,0,0.13,-0.2470538369152967,-0.5,walk forward,0.07570106468628529,4.426960752028273
46.56,-0.30410028006867906,-0.061763459228824175,-0.13691137894742877,0,0,0,0.0768199634483014,0,0.13,-0.2470538369152967,-0.5,walk forward,0.07662000452314992,4.020473133686056
46.58,-0.30410028006867906,-0.061763459228824175,-0.13691137894742877,0,0,0,0.0768199634483014,0,0.13,-0.2470538369152967,-0.5,walk forward,0.0753556988934565,3.7227600617688723
46.6,-0.30410028006867906,-0.061763459228824175,-0.13691137894742877,0,0,0,0.0768199634483014,0,0.13,-0.2470538369152967,-0.5,walk forward,0.0692337968338193,3.8140386974382214
46.62,-0.3033214290976213,-0.061795607866154185,-0.1363310563939263,0,0,0,0.07492327179278256,0,0.13,-0.24718243146461674,-0.5,walk forward,0.008829416502930648,4.574132479404958
46.64,-0.3033214290976213,-0.061795607866154185,-0.1363310563939263,0,0,0,0.07492327179278256,0,0.13,-0.24718243146461674,-0.5,walk forward,0.02004007211588988,5.303892586044619
46.66,-0.3033214290976213,-0.061795607866154185,-0.1363310563939263,0,0,0,0.07492327179278256,0,0.13,-0.24718243146461674,-0.5,walk forward,0.06655158969172925,5.708390537901368
46.68,-0.3033214290976213,-0.061795607866154185,-0.1363310563939263,0,0,0,0.07492327179278256,0,0.13,-0.24718243146461674,-0.5,walk forward,0.10458036542956871,5.893725110475031
46.7,-0.3033214290976213,-0.061795607866154185,-0.1363310563939263,0,0,0,0.07492327179278256,0,0.13,-0.24718243146461674,-0.5,walk forward,0.12172016778843002,5.843516144498504
46.72,-0.3025340974777613,-0.06180108713851269,-0.13575541633770333,0,0,0,0.07307340962109361,0,0.13,-0.24720434855405077,-0.5,walk forward,0.10313374214544792,5.730922955992263
46.74,-0.3025340974777613,-0.06180108713851269,-0.13575541633770333,0,0,0,0.07307340962109361,0,0.13,-0.24720434855405077,-0.5,walk forward,0.08555035904386916,5.846691440462853
46.76,-0.3025340974777613,-0.06180108713851269,-0.13575541633770333,0,0,0,0.07307340962109361,0,0.13,-0.24720434855405077,-0.5,walk forward,0.07434379425305407,6.08773097919336
46.78,-0.3025340974777613,-0.06180108713851269,-0.13575541633770333,0,0,0,0.07307340962109361,0,0.13,-0.24720434855405077,-0.5,walk forward,0.06038171440809125,6.401021774040762
46.8,-0.3025340974777613,-0.06180108713851269,-0.13575541633770333,0,0,0,0.07307340962109361,0,0.13,-0.24720434855405077,-0.5,walk forward,0.05633666659312504,6.604782927808919
46.82,-0.3017385491563299,-0.06178117523417561,-0.1351842512569394,0,0,0,0.07126922070915913,0,0.13,-0.24712470093670244,-0.5,walk forward,0.05961450604530775,6.444779086263853
46.84,-0.3017385491563299,-0.06178117523417561,-0.1351842512569394,0,0,0,0.07126922070915913,0,0.13,-0.24712470093670244,-0.5,walk forward,0.0666087653126858,5.881659809980086
46.86,-0.3017385491563299,-0.06178117523417561,-0.1351842512569394,0,0,0,0.07126922070915913,0,0.13,-0.24712470093670244,-0.5,walk forward,0.07459847096040836,5.000832673929332
46.88,-0.3017385491563299,-0.06178117523417561,-0.1351842512569394,0,0,0,0.07126922070915913,0,0.13,-0.24712470093670244,-0.5,walk forward,0.07923495127573522,4.000019951019195
46.9,-0.3017385491563299,-0.06178117523417561,-0.1351842512569394,0,0,0,0.07126922070915913,0,0.13,-0.24712470093670244,-0.5,walk forward,0.08387771064943428,3.2860975282367186
46.92,-0.30093504000683624,-0.061737090322060685,-0.13461736492781762,0,0,0,0.06950957738017781,0,0.13,-0.24694836128824274,-0.5,walk forward,-0.017329183482648523,3.5106355494320107
46.94,-0.30093504000683624,-0.061737090322060685,-0.13461736492781762,0,0,0,0.06950957738017781,0,0.13,-0.24694836128824274,-0.5,walk forward,0.0015649911269073648,3.9770953106136315
46.96,-0.30093504000683624,-0.061737090322060685,-0.13461736492781762,0,0,0,0.06950957738017781,0,0.13,-0.24694836128824274,-0.5,walk forward,0.026216919737075906,4.287714047595113
46.98,-0.30093504000683624,-0.061737090322060685,-0.13461736492781762,0,0,0,0.06950957738017781,0,0.13,-0.24694836128824274,-0.5,walk forward,0.03453414419660602,4.545827920169824
47.0,-0.30093504000683624,-0.061737090322060685,-0.13461736492781762,0,0,0,0.06950957738017781,0,0.13,-0.24694836128824274,-0.5,walk forward,0.049164647865122875,4.709519328463204
47.02,-0.30012381825072704,-0.06166999390636449,-0.134054571806283,0,0,0,0.06779337979978779,0,0.13,-0.24667997562545796,-0.5,walk forward,0.06011795987849812,4.798630705768311
47.04,-0.30012381825072704,-0.06166999390636449,-0.134054571806283,0,0,0,0.06779337979978779,0,0.13,-0.24667997562545796,-0.5,walk forward,0.06774105926823265,4.92013517668055
47.06,-0.30012381825072704,-0.06166999390636449,-0.134054571806283,0,0,0,0.06779337979978779,0,0.13,-0.24667997562545796,-0.5,walk forward,0.07743271568207516,5.043008091782672
47.08,-0.30012381825072704,-0.06166999390636449,-0.134054571806283,0,0,0,0.06779337979978779,0,0.13,-0.24667997562545796,-0.5,walk forward,0.07522325546815299,5.097450628724354
47.1,-0.30012381825072704,-0.06166999390636449,-0.134054571806283,0,0,0,0.06779337979978779,0,0.13,-0.24667997562545796,-0.5,walk forward,0.07451719749430542,5.064976752722825
47.12,-0.29930512485114114,-0.06158099396223878,-0.13349569644719592,0,0,0,0.06611955528863438,0,0.13,-0.24632397584895513,-0.5,walk forward,0.08315111973732965,4.782872767756954
47.14,-0.29930512485114114,-0.06158099396223878,-0.13349569644719592,0,0,0,0.06611955528863438,0,0.13,-0.24632397584895513,-0.5,walk forward,0.08795009175843232,4.311235454501172
47.16,-0.29930512485114114,-0.06158099396223878,-0.13349569644719592,0,0,0,0.06611955528863438,0,0.13,-0.24632397584895513,-0.5,walk forward,0.0882362994452076,3.72900804708849
47.18,-0.29930512485114114,-0.06158099396223878,-0.13349569644719592,0,0,0,0.06611955528863438,0,0.13,-0.24632397584895513,-0.5,walk forward,0.08371522165573958,3.275675361612346
47.2,-0.29930512485114114,-0.06158099396223878,-0.13349569644719592,0,0,0,0.06611955528863438,0,0.13,-0.24632397584895513,-0.5,walk forward,0.07450316982905106,3.408872601817281
47.22,-0.2984791938807222,-0.06147114786836783,-0.13294057295832729,0,0,0,0.06448705765191047,0,0.13,-0.24588459147347133,-0.5,walk forward,0.06633179473499692,4.237123579074753
47.24,-0.2984791938807222,-0.06147114786836783,-0.13294057295832729,0,0,0,0.06448705765191047,0,0.13,-0.24588459147347133,-0.5,walk forward,0.06874767009506967,4.678803316567207
47.26,-0.2984791938807222,-0.06147114786836783,-0.13294057295832729,0,0,0,0.06448705765191047,0,0.13,-0.24588459147347133,-0.5,walk forward,0.07884887641517258,4.847622438226321
47.28,-0.2984791938807222,-0.06147114786836783,-0.13294057295832729,0,0,0,0.06448705765191047,0,0.13,-0.24588459147347133,-0.5,walk forward,0.1006285608312835,4.773254113531598
47.3,-0.2984791938807222,-0.06147114786836783,-0.13294057295832729,0,0,0,0.06448705765191047,0,0.13,-0.24588459147347133,-0.5,walk forward,0.10362907292750967,4.627127548795171
47.32,-0.29764625286530655,-0.06134146515106167,-0.13238904448683395,0,0,0,0.06289486652545082,0,0.13,-0.24536586060424667,-0.5,walk forward,0.08308631134098605,4.579136681666812
47.34,-0.29764625286530655,-0.06134146515106167,-0.13238904448683395,0,0,0,0.06289486652545082,0,0.13,-0.24536586060424667,-0.5,walk forward,0.07981074280423936,4.729840035011925
47.36,-0.29764625286530655,-0.06134146515106167,-0.13238904448683395,0,0,0,0.06289486652545082,0,0.13,-0.24536586060424667,-0.5,walk forward,0.07284934143662097,4.98556224227062
47.38,-0.29764625286530655,-0.06134146515106167,-0.13238904448683395,0,0,0,0.06289486652545082,0,0.13,-0.24536586060424667,-0.5,walk forward,0.05814488091286954,5.234127194822966
47.4,-0.29764625286530655,-0.06134146515106167,-0.13238904448683395,0,0,0,0.06289486652545082,0,0.13,-0.24536586060424667,-0.5,walk forward,0.0626975899115002,5.2183874316956675
47.42,-0.29680652310516753,-0.06119291005333907,-0.13184096273603066,0,0,0,0.06134198673797116,0,0.13,-0.2447716402133563,-0.5,walk forward,0.06636104260741069,4.811319430973343
47.44,-0.29680652310516753,-0.06119291005333907,-0.13184096273603066,0,0,0,0.06134198673797116,0,0.13,-0.2447716402133563,-0.5,walk forward,0.07713235141640573,4.037239857615065
47.46,-0.29680652310516753,-0.06119291005333907,-0.13184096273603066,0,0,0,0.06134198673797116,0,0.13,-0.2447716402133563,-0.5,walk forward,0.07809061447933394,3.0167218400637066
47.48,-0.29680652310516753,-0.06119291005333907,-0.13184096273603066,0,0,0,0.06134198673797116,0,0.13,-0.2447716402133563,-0.5,walk forward,0.08219336271902977,2.269362974770558
47.5,-0.29680652310516753,-0.06119291005333907,-0.13184096273603066,0,0,0,0.06134198673797116,0,0.13,-0.2447716402133563,-0.5,walk forward,0.033946308517783005,2.6968479113000026
47.52,-0.2959602199753725,-0.06102640394142901,-0.13129618751043742,0,0,0,0.0598274476890538,0,0.13,-0.24410561576571604,-0.5,walk forward,0.019430299032801322,3.2614593875320597
47.54,-0.2959602199753725,-0.06102640394142901,-0.13129618751043742,0,0,0,0.0598274476890538,0,0.13,-0.24410561576571604,-0.5,walk forward,0.03705439357656962,3.642313490674964
47.56,-0.2959602199753725,-0.06102640394142901,-0.13129618751043742,0,0,0,0.0598274476890538,0,0.13,-0.24410561576571604,-0.5,walk forward,0.0381643983923268,3.8864664649416407
47.58,-0.2959602199753725,-0.06102640394142901,-0.13129618751043742,0,0,0,0.0598274476890538,0,0.13,-0.24410561576571604,-0.5,walk forward,0.04757166797983001,4.032503136520452
47.6,-0.2959602199753725,-0.06102640394142901,-0.13129618751043742,0,0,0,0.0598274476890538,0,0.13,-0.24410561576571604,-0.5,walk forward,0.05509471732349433,4.205505868740435
47.62,-0.29510755320669607,-0.06084282756016138,-0.13075458628723108,0,0,0,0.058350302742490735,0,0.13,-0.2433713102406455,-0.5,walk forward,0.06758010971418976,4.3841698801079625
47.64,-0.29510755320669607,-0.06084282756016138,-0.13075458628723108,0,0,0,0.058350302742490735,0,0.13,-0.2433713102406455,-0.5,walk forward,0.07391218170514299,4.508369358200451
47.66,-0.29510755320669607,-0.06084282756016138,-0.13075458628723108,0,0,0,0.058350302742490735,0,0.13,-0.2433713102406455,-0.5,walk forward,0.07518309331838968,4.543719715935053
47.68,-0.29510755320669607,-0.06084282756016138,-0.13075458628723108,0,0,0,0.058350302742490735,0,0.13,-0.2433713102406455,-0.5,walk forward,0.07887573081404865,4.479755976857767
47.7,-0.29510755320669607,-0.06084282756016138,-0.13075458628723108,0,0,0,0.058350302742490735,0,0.13,-0.2433713102406455,-0.5,walk forward,0.08882122426281373,4.202110874679513
47.72,-0.2942487271484259,-0.060643023147839814,-0.13021603381236707,0,0,0,0.05690962863460521,0,0.13,-0.24257209259135926,-0.5,walk forward,0.09384378790576535,3.7517842494725744
47.74,-0.2942487271484259,-0.060643023147839814,-0.13021603381236707,0,0,0,0.05690962863460521,0,0.13,-0.24257209259135926,-0.5,walk forward,0.09324146568198494,3.2251874041761726
47.76,-0.2942487271484259,-0.060643023147839814,-0.13021603381236707,0,0,0,0.05690962863460521,0,0.13,-0.24257209259135926,-0.5,walk forward,0.0878553456951322,2.9587304571468716
47.78,-0.2942487271484259,-0.060643023147839814,-0.13021603381236707,0,0,0,0.05690962863460521,0,0.13,-0.24257209259135926,-0.5,walk forward,0.08010536987786239,3.4437005631908586
47.8,-0.2942487271484259,-0.060643023147839814,-0.13021603381236707,0,0,0,0.05690962863460521,0,0.13,-0.24257209259135926,-0.5,walk forward,0.07045283650255063,4.276729346549224
47.82,-0.29338394101430165,-0.06042779642038349,-0.12968041171976427,0,0,0,0.05550452489718189,0,0.13,-0.24171118568153396,-0.5,walk forward,0.08650419097348339,4.6966746520848695
47.84,-0.29338394101430165,-0.06042779642038349,-0.12968041171976427,0,0,0,0.05550452489718189,0,0.13,-0.24171118568153396,-0.5,walk forward,0.0964142211968199,4.860033987901887
47.86,-0.29338394101430165,-0.06042779642038349,-0.12968041171976427,0,0,0,0.05550452489718189,0,0.13,-0.24171118568153396,-0.5,walk forward,0.1087455024762266,4.863615230026555
47.88,-0.29338394101430165,-0.06042779642038349,-0.12968041171976427,0,0,0,0.05550452489718189,0,0.13,-0.24171118568153396,-0.5,walk forward,0.10274128270997543,4.809102133492831
47.9,-0.29338394101430165,-0.06042779642038349,-0.12968041171976427,0,0,0,0.05550452489718189,0,0.13,-0.24171118568153396,-0.5,walk forward,0.0903263410754696,4.8685212319385105
47.92,-0.29251338911273783,-0.060197918433784955,-0.1291476081720624,0,0,0,0.05413411329464487,0,0.13,-0.24079167373513982,-0.5,walk forward,0.07945619377142756,5.066306775390355
47.94,-0.29251338911273783,-0.060197918433784955,-0.1291476081720624,0,0,0,0.05413411329464487,0,0.13,-0.24079167373513982,-0.5,walk forward,0.05630391799385336,5.325800208300694
47.96,-0.29251338911273783,-0.060197918433784955,-0.1291476081720624,0,0,0,0.05413411329464487,0,0.13,-0.24079167373513982,-0.5,walk forward,0.05150979679844224,5.614142471313734
47.98,-0.29251338911273783,-0.060197918433784955,-0.1291476081720624,0,0,0,0.05413411329464487,0,0.13,-0.24079167373513982,-0.5,walk forward,0.058812821207299415,5.659245523060252
48.0,-0.29251338911273783,-0.060197918433784955,-0.1291476081720624,0,0,0,0.05413411329464487,0,0.13,-0.24079167373513982,-0.5,walk forward,0.06708686530282702,5.359872153113366
48.02,-0.29163726106239946,-0.0599541273332517,-0.12861751752156828,0,0,0,0.05279753727513188,0,0.13,-0.2398165093330068,-0.5,walk forward,0.0733754627825962,4.747050628285424
48.04,-0.29163726106239946,-0.0599541273332517,-0.12861751752156828,0,0,0,0.05279753727513188,0,0.13,-0.2398165093330068,-0.5,walk forward,0.07636454629130611,3.9488158374465905
48.06,-0.29163726106239946,-0.0599541273332517,-0.12861751752156828,0,0,0,0.05279753727513188,0,0.13,-0.2398165093330068,-0.5,walk forward,0.07532457682514529,3.320222399197562
48.08,-0.29163726106239946,-0.0599541273332517,-0.12861751752156828,0,0,0,0.05279753727513188,0,0.13,-0.2398165093330068,-0.5,walk forward,-0.03605995838284397,3.606243926240883
48.1,-0.29163726106239946,-0.0599541273332517,-0.12861751752156828,0,0,0,0.05279753727513188,0,0.13,-0.2398165093330068,-0.5,walk forward,-0.002987951370971586,4.1945060157672724
48.12,-0.29075574199412224,-0.059697129996774456,-0.12809003999010726,0,0,0,0.051493961435121485,0,0.13,-0.23878851998709782,-0.5,walk forward,0.04113068071452614,4.5549034784524585
48.14,-0.29075574199412224,-0.059697129996774456,-0.12809003999010726,0,0,0,0.051493961435121485,0,0.13,-0.23878851998709782,-0.5,walk forward,0.048836359514972075,4.8336980844104875
48.16,-0.29075574199412224,-0.059697129996774456,-0.12809003999010726,0,0,0,0.051493961435121485,0,0.13,-0.23878851998709782,-0.5,walk forward,0.05044817763650785,5.029756346405447
48.18,-0.29075574199412224,-0.059697129996774456,-0.12809003999010726,0,0,0,0.051493961435121485,0,0.13,-0.23878851998709782,-0.5,walk forward,0.06623158243049229,5.123535938319492
48.2,-0.29075574199412224,-0.059697129996774456,-0.12809003999010726,0,0,0,0.051493961435121485,0,0.13,-0.23878851998709782,-0.5,walk forward,0.0704913688078657,5.205453082035423
48.22,-0.2898690127401,-0.05942760358029084,-0.12756508136658587,0,0,0,0.05022257099727869,0,0.13,-0.23771041432116335,-0.5,walk forward,0.07415837499692232,5.26536933297521
48.24,-0.2898690127401,-0.05942760358029084,-0.12756508136658587,0,0,0,0.05022257099727869,0,0.13,-0.23771041432116335,-0.5,walk forward,0.07394843378855288,5.260901259159252
48.26,-0.2898690127401,-0.05942760358029084,-0.12756508136658587,0,0,0,0.05022257099727869,0,0.13,-0.23771041432116335,-0.5,walk forward,0.07514351890536235,5.199571184313182
48.28,-0.2898690127401,-0.05942760358029084,-0.12756508136658587,0,0,0,0.05022257099727869,0,0.13,-0.23771041432116335,-0.5,walk forward,0.08412561777814566,4.978296792216017
48.3,-0.2898690127401,-0.05942760358029084,-0.12756508136658587,0,0,0,0.05022257099727869,0,0.13,-0.23771041432116335,-0.5,walk forward,0.09172213208173814,4.601862636023732
48.32,-0.28897725001119656,-0.059146196971084544,-0.12704255272115755,0,0,0,0.048982571301192566,0,0.13,-0.23658478788433818,-0.5,walk forward,0.0944827076086076,4.081610624092743
48.34,-0.28897725001119656,-0.059146196971084544,-0.12704255272115755,0,0,0,0.048982571301192566,0,0.13,-0.23658478788433818,-0.5,walk forward,0.08908434993287984,3.568840884265026
48.36,-0.28897725001119656,-0.059146196971084544,-0.12704255272115755,0,0,0,0.048982571301192566,0,0.13,-0.23658478788433818,-0.5,walk forward,0.07884660712080391,3.479347987071836
48.38,-0.28897725001119656,-0.059146196971084544,-0.12704255272115755,0,0,0,0.048982571301192566,0,0.13,-0.23658478788433818,-0.5,walk forward,0.06786309739618991,4.1554074377778845
48.4,-0.28897725001119656,-0.059146196971084544,-0.12704255272115755,0,0,0,0.048982571301192566,0,0.13,-0.23658478788433818,-0.5,walk forward,0.06504785721337977,4.607551383249998
48.42,-0.28808062656317923,-0.05885353215557359,-0.12652237013495965,0,0,0,0.04777318730668765,0,0.13,-0.23541412862229436,-0.5,walk forward,0.08865655038888898,4.783459934999574
48.44,-0.28808062656317923,-0.05885353215557359,-0.12652237013495965,0,0,0,0.04777318730668765,0,0.13,-0.23541412862229436,-0.5,walk forward,0.10240971198486269,4.765385793743099
48.46,-0.28808062656317923,-0.05885353215557359,-0.12652237013495965,0,0,0,0.04777318730668765,0,0.13,-0.23541412862229436,-0.5,walk forward,0.10937958885403462,4.68534090451974
48.48,-0.28808062656317923,-0.05885353215557359,-0.12652237013495965,0,0,0,0.04777318730668765,0,0.13,-0.23541412862229436,-0.5,walk forward,0.08466091204041074,4.728782837009732
48.5,-0.28808062656317923,-0.05885353215557359,-0.12652237013495965,0,0,0,0.04777318730668765,0,0.13,-0.23541412862229436,-0.5,walk forward,0.07834462534985139,4.944469552233584
48.52,-0.2871793113526161,-0.058550205507192934,-0.12600445444446243,0,0,0,0.04659366310939859,0,0.13,-0.23420082202877174,-0.5,walk forward,0.06976670437621244,5.239507115988318
48.54,-0.2871793113526161,-0.058550205507192934,-0.12600445444446243,0,0,0,0.04659366310939859,0,0.13,-0.23420082202877174,-0.5,walk forward,0.05502128236083956,5.498793145362768
48.56,-0.2871793113526161,-0.058550205507192934,-0.12600445444446243,0,0,0,0.04659366310939859,0,0.13,-0.23420082202877174,-0.5,walk forward,0.05809583074310953,5.652972511727778
48.58,-0.2871793113526161,-0.058550205507192934,-0.12600445444446243,0,0,0,0.04659366310939859,0,0.13,-0.23420082202877174,-0.5,walk forward,0.06288382201578503,5.488101630743654
48.6,-0.2871793113526161,-0.058550205507192934,-0.12600445444446243,0,0,0,0.04659366310939859,0,0.13,-0.23420082202877174,-0.5,walk forward,0.0713366914057737,4.903924729161655
48.62,-0.2862734696831278,-0.05823678899966382,-0.1254887309995369,0,0,0,0.0454432614683053,0,0.13,-0.2329471559986553,-0.5,walk forward,0.07763207756924684,4.029811100651071
48.64,-0.2862734696831278,-0.05823678899966382,-0.1254887309995369,0,0,0,0.0454432614683053,0,0.13,-0.2329471559986553,-0.5,walk forward,0.07680177772106708,3.2221931841928226
48.66,-0.2862734696831278,-0.05823678899966382,-0.1254887309995369,0,0,0,0.0454432614683053,0,0.13,-0.2329471559986553,-0.5,walk forward,0.021127236672985442,3.128975235037218
48.68,-0.2862734696831278,-0.05823678899966382,-0.1254887309995369,0,0,0,0.0454432614683053,0,0.13,-0.2329471559986553,-0.5,walk forward,-0.0037174866873242937,3.8255621064935372
48.7,-0.2862734696831278,-0.05823678899966382,-0.1254887309995369,0,0,0,0.0454432614683053,0,0.13,-0.2329471559986553,-0.5,walk forward,0.027800515896578865,4.33281000265856
48.72,-0.2853632633426365,-0.057913831350561024,-0.12497512943440964,0,0,0,0.04432126334493336,0,0.13,-0.2316553254022441,-0.5,walk forward,0.04696881305484483,4.673713419675105
48.74,-0.2853632633426365,-0.057913831350561024,-0.12497512943440964,0,0,0,0.04432126334493336,0,0.13,-0.2316553254022441,-0.5,walk forward,0.05694820713017823,4.91804976025121
48.76,-0.2853632633426365,-0.057913831350561024,-0.12497512943440964,0,0,0,0.04432126334493336,0,0.13,-0.2316553254022441,-0.5,walk forward,0.06713311117908673,5.093265419601356
48.78,-0.2853632633426365,-0.057913831350561024,-0.12497512943440964,0,0,0,0.04432126334493336,0,0.13,-0.2316553254022441,-0.5,walk forward,0.07419220947447684,5.2834884019871415
48.8,-0.2853632633426365,-0.057913831350561024,-0.12497512943440964,0,0,0,0.04432126334493336,0,0.13,-0.2316553254022441,-0.5,walk forward,0.07916203305039468,5.417405068382977
48.82,-0.2844488507322115,-0.05758185909973797,-0.12446358345072933,0,0,0,0.043226967453931515,0,0.13,-0.23032743639895187,-0.5,walk forward,0.07661875788791636,5.506922504297156
48.84,-0.2844488507322115,-0.05758185909973797,-0.12446358345072933,0,0,0,0.043226967453931515,0,0.13,-0.23032743639895187,-0.5,walk forward,0.07131771515083431,5.541411278036216
48.86,-0.2844488507322115,-0.05758185909973797,-0.12446358345072933,0,0,0,0.043226967453931515,0,0.13,-0.23032743639895187,-0.5,walk forward,0.07374750054826279,5.451402692164537
48.88,-0.2844488507322115,-0.05758185909973797,-0.12446358345072933,0,0,0,0.043226967453931515,0,0.13,-0.23032743639895187,-0.5,walk forward,0.07995531621135751,5.166159096750754
48.9,-0.2844488507322115,-0.05758185909973797,-0.12446358345072933,0,0,0,0.043226967453931515,0,0.13,-0.23032743639895187,-0.5,walk forward,0.08387182653344868,4.64415142180031
48.92,-0.2835303869870693,-0.05724137762684508,-0.1239540306120224,0,0,0,0.04215968982474554,0,0.13,-0.22896551050738032,-0.5,walk forward,0.07947726229999884,4.07891570624897
48.94,-0.2835303869870693,-0.05724137762684508,-0.1239540306120224,0,0,0,0.04215968982474554,0,0.13,-0.22896551050738032,-0.5,walk forward,0.07355333658108903,3.8404323800599536
48.96,-0.2835303869870693,-0.05724137762684508,-0.1239540306120224,0,0,0,0.04215968982474554,0,0.13,-0.22896551050738032,-0.5,walk forward,0.07230735740171311,4.260105823943483
48.98,-0.2835303869870693,-0.05724137762684508,-0.1239540306120224,0,0,0,0.04215968982474554,0,0.13,-0.22896551050738032,-0.5,walk forward,0.0674901050718271,4.755434389912534
49.0,-0.2835303869870693,-0.05724137762684508,-0.1239540306120224,0,0,0,0.04215968982474554,0,0.13,-0.22896551050738032,-0.5,walk forward,0.09313181342269229,4.8620931214766845
49.02,-0.2826080240902492,-0.05689287211187731,-0.12344641214886354,0,0,0,0.04111876337411437,0,0.13,-0.22757148844750924,-0.5,walk forward,0.10866229042353713,4.788392377510657
49.04,-0.2826080240902492,-0.05689287211187731,-0.12344641214886354,0,0,0,0.04111876337411437,0,0.13,-0.22757148844750924,-0.5,walk forward,0.10183571921586257,4.625352587224949
49.06,-0.2826080240902492,-0.05689287211187731,-0.12344641214886354,0,0,0,0.04111876337411437,0,0.13,-0.22757148844750924,-0.5,walk forward,0.09058683903925897,4.55539946199337
49.08,-0.2826080240902492,-0.05689287211187731,-0.12344641214886354,0,0,0,0.04111876337411437,0,0.13,-0.22757148844750924,-0.5,walk forward,0.08061812428117617,4.6806947370724785
49.1,-0.2826080240902492,-0.05689287211187731,-0.12344641214886354,0,0,0,0.04111876337411437,0,0.13,-0.22757148844750924,-0.5,walk forward,0.06650400545123183,4.890752653735313
49.12,-0.28168191097944906,-0.05653680844240966,-0.12294067277413229,0,0,0,0.04010353748912131,0,0.13,-0.22614723376963863,-0.5,walk forward,0.04773807610565182,5.140214166345384
49.14,-0.28168191097944906,-0.05653680844240966,-0.12294067277413229,0,0,0,0.04010353748912131,0,0.13,-0.22614723376963863,-0.5,walk forward,0.05562419217112804,5.321109216603946
49.16,-0.28168191097944906,-0.05653680844240966,-0.12294067277413229,0,0,0,0.04010353748912131,0,0.13,-0.22614723376963863,-0.5,walk forward,0.07020042603305131,5.161309847761895
49.18,-0.28168191097944906,-0.05653680844240966,-0.12294067277413229,0,0,0,0.04010353748912131,0,0.13,-0.22614723376963863,-0.5,walk forward,0.07728382261457585,4.622538685571621
49.2,-0.28168191097944906,-0.05653680844240966,-0.12294067277413229,0,0,0,0.04010353748912131,0,0.13,-0.22614723376963863,-0.5,walk forward,0.08957797965514233,3.92351899676594
49.22,-0.28075219364747417,-0.05617363407092387,-0.12243676050776786,0,0,0,0.03911337762053984,0,0.13,-0.22469453628369548,-0.5,walk forward,0.09051130773194985,3.3472195157120535
49.24,-0.28075219364747417,-0.05617363407092387,-0.12243676050776786,0,0,0,0.03911337762053984,0,0.13,-0.22469453628369548,-0.5,walk forward,0.0017223200691971509,3.4507542966080984
49.26,-0.28075219364747417,-0.05617363407092387,-0.12243676050776786,0,0,0,0.03911337762053984,0,0.13,-0.22469453628369548,-0.5,walk forward,-0.009015564393925611,3.9839560101051794
49.28,-0.28075219364747417,-0.05617363407092387,-0.12243676050776786,0,0,0,0.03911337762053984,0,0.13,-0.22469453628369548,-0.5,walk forward,0.029729818252526782,4.4495665782833145
49.3,-0.28075219364747417,-0.05617363407092387,-0.12243676050776786,0,0,0,0.03911337762053984,0,0.13,-0.22469453628369548,-0.5,walk forward,0.03887889212056763,4.700112704991896
49.32,-0.27981901523672165,-0.05580377882539249,-0.12193462651047392,0,0,0,0.038147664886219665,0,0.13,-0.22321511530156996,-0.5,walk forward,0.042705037197179135,4.847982513602937
49.34,-0.27981901523672165,-0.05580377882539249,-0.12193462651047392,0,0,0,0.038147664886219665,0,0.13,-0.22321511530156996,-0.5,walk forward,0.05817389147941612,4.939236162701263
49.36,-0.27981901523672165,-0.05580377882539249,-0.12193462651047392,0,0,0,0.038147664886219665,0,0.13,-0.22321511530156996,-0.5,walk forward,0.0664233347980048,5.0164696280233425
49.38,-0.27981901523672165,-0.05580377882539249,-0.12193462651047392,0,0,0,0.038147664886219665,0,0.13,-0.22321511530156996,-0.5,walk forward,0.07559753786436288,5.078776791153788
49.4,-0.27981901523672165,-0.05580377882539249,-0.12193462651047392,0,0,0,0.038147664886219665,0,0.13,-0.22321511530156996,-0.5,walk forward,0.07729570285398163,5.107146416845639
49.42,-0.27888251612809456,-0.05542765567606761,-0.12143422492586009,0,0,0,0.037205795684265214,0,0.13,-0.22171062270427044,-0.5,walk forward,0.07662257926860648,5.077406764213795
49.44,-0.27888251612809456,-0.05542765567606761,-0.12143422492586009,0,0,0,0.037205795684265214,0,0.13,-0.22171062270427044,-0.5,walk forward,0.08245271082684807,4.848557055694834
49.46,-0.27888251612809456,-0.05542765567606761,-0.12143422492586009,0,0,0,0.037205795684265214,0,0.13,-0.22171062270427044,-0.5,walk forward,0.08451653381150041,4.442376253334461
49.48,-0.27888251612809456,-0.05542765567606761,-0.12143422492586009,0,0,0,0.037205795684265214,0,0.13,-0.22171062270427044,-0.5,walk forward,0.08283264017360686,3.9825600368252982
49.5,-0.27888251612809456,-0.05542765567606761,-0.12143422492586009,0,0,0,0.037205795684265214,0,0.13,-0.22171062270427044,-0.5,walk forward,0.07903388148195277,3.6975263627162542
49.52,-0.27794283402471387,-0.05504566146121877,-0.12093551273054093,0,0,0,0.036287181315764826,0,0.13,-0.22018264584487507,-0.4985979334440685,walk forward,0.07469926770258267,3.960301149048388
49.54,-0.27794283402471387,-0.05504566146121877,-0.12093551273054093,0,0,0,0.036287181315764826,0,0.13,-0.22018264584487507,-0.4985979334440685,walk forward,0.06736212181167804,4.702411589153111
49.56,-0.27794283402471387,-0.05504566146121877,-0.12093551273054093,0,0,0,0.036287181315764826,0,0.13,-0.22018264584487507,-0.4985979334440685,walk forward,0.07708215209239128,5.130896676091326
49.58,-0.27794283402471387,-0.05504566146121877,-0.12093551273054093,0,0,0,0.036287181315764826,0,0.13,-0.22018264584487507,-0.4985979334440685,walk forward,0.10001817224904833,5.422133893032616
49.6,-0.27794283402471387,-0.05504566146121877,-0.12093551273054093,0,0,0,0.036287181315764826,0,0.13,-0.22018264584487507,-0.4985979334440685,walk forward,0.10865198319122756,5.4160808201287365
49.62,-0.27700010403077163,-0.05465817757437658,-0.1204384495917436,0,0,0,0.035391247616834744,0,0.13,-0.21863271029750633,-0.496798192028144,walk forward,0.09028075400671019,5.25506104055364
49.64,-0.27700010403077163,-0.05465817757437658,-0.1204384495917436,0,0,0,0.035391247616834744,0,0.13,-0.21863271029750633,-0.496798192028144,walk forward,0.07177052157671365,5.228498360777949
49.66,-0.27700010403077163,-0.05465817757437658,-0.1204384495917436,0,0,0,0.035391247616834744,0,0.13,-0.21863271029750633,-0.496798192028144,walk forward,0.06770852709237396,5.3418049409668455
49.68,-0.27700010403077163,-0.05465817757437658,-0.1204384495917436,0,0,0,0.035391247616834744,0,0.13,-0.21863271029750633,-0.496798192028144,walk forward,0.0767937429642116,5.560921221776643
49.7,-0.27700010403077163,-0.05465817757437658,-0.1204384495917436,0,0,0,0.035391247616834744,0,0.13,-0.21863271029750633,-0.496798192028144,walk forward,0.06483932864370381,5.801507102274085
49.72,-0.27605445872584694,-0.05426557061546472,-0.11994299773200426,0,0,0,0.03451743459974803,0,0.13,-0.21706228246185888,-0.49499682057231403,walk forward,0.05945600935569916,5.801312279544571
49.74,-0.27605445872584694,-0.05426557061546472,-0.11994299773200426,0,0,0,0.03451743459974803,0,0.13,-0.21706228246185888,-0.49499682057231403,walk forward,0.06871957823020859,5.419479291163581
49.76,-0.27605445872584694,-0.05426557061546472,-0.11994299773200426,0,0,0,0.03451743459974803,0,0.13,-0.21706228246185888,-0.49499682057231403,walk forward,0.07849101066867965,4.675692703217819
49.78,-0.27605445872584694,-0.05426557061546472,-0.11994299773200426,0,0,0,0.03451743459974803,0,0.13,-0.21706228246185888,-0.49499682057231403,walk forward,0.08598351895017484,3.779136047904135
49.8,-0.27605445872584694,-0.05426557061546472,-0.11994299773200426,0,0,0,0.03451743459974803,0,0.13,-0.21706228246185888,-0.49499682057231403,walk forward,0.08687367140166866,3.0686512655464253
49.82,-0.27510602823498426,-0.05386819300804142,-0.11944912180056,0,0,0,0.033665196102923976,0,0.13,-0.2154727720321657,-0.4931939375444303,walk forward,-0.0009402266792677416,3.2515139059514833
49.84,-0.27510602823498426,-0.05386819300804142,-0.11944912180056,0,0,0,0.033665196102923976,0,0.13,-0.2154727720321657,-0.4931939375444303,walk forward,0.006626973580558228,3.9703139613553717
49.86,-0.27510602823498426,-0.05386819300804142,-0.11944912180056,0,0,0,0.033665196102923976,0,0.13,-0.2154727720321657,-0.4931939375444303,walk forward,0.056169493585206454,4.455157075853734
49.88,-0.27510602823498426,-0.05386819300804142,-0.11944912180056,0,0,0,0.033665196102923976,0,0.13,-0.2154727720321657,-0.4931939375444303,walk forward,0.07167070609334375,4.815560692280105
49.9,-0.27510602823498426,-0.05386819300804142,-0.11944912180056,0,0,0,0.033665196102923976,0,0.13,-0.2154727720321657,-0.4931939375444303,walk forward,0.08092690647405157,5.175835571167851
49.92,-0.27415494029481435,-0.05346638358472219,-0.11895678875106802,0,0,0,0.03283399944955935,0,0.13,-0.21386553433888875,-0.49138966130735295,walk forward,0.08074225891843871,5.501242563719464
49.94,-0.27415494029481435,-0.05346638358472219,-0.11895678875106802,0,0,0,0.03283399944955935,0,0.13,-0.21386553433888875,-0.49138966130735295,walk forward,0.08124496325859082,5.779168519081347
49.96,-0.27415494029481435,-0.05346638358472219,-0.11895678875106802,0,0,0,0.03283399944955935,0,0.13,-0.21386553433888875,-0.49138966130735295,walk forward,0.07983658159561403,6.0041701133517
49.98,-0.27415494029481435,-0.05346638358472219,-0.11895678875106802,0,0,0,0.03283399944955935,0,0.13,-0.21386553433888875,-0.49138966130735295,walk forward,0.08057861889818028,6.218867289196318
50.0,-0.27415494029481435,-0.05346638358472219,-0.11895678875106802,0,0,0,0.03283399944955935,0,0.13,-0.21386553433888875,-0.49138966130735295,walk forward,0.08427397724024098,6.342285723412941
50.02,-0.27320132031598,-0.053060468142716276,-0.1184659677253064,0,0,0,0.03202332511468805,0,0.13,-0.2122418725708651,-0.48958411005160796,walk forward,0.08649343106148126,6.252938798972999
50.04,-0.27320132031598,-0.053060468142716276,-0.1184659677253064,0,0,0,0.03202332511468805,0,0.13,-0.2122418725708651,-0.48958411005160796,walk forward,0.09499915004392971,5.944417570604088
50.06,-0.27320132031598,-0.053060468142716276,-0.1184659677253064,0,0,0,0.03202332511468805,0,0.13,-0.2122418725708651,-0.48958411005160796,walk forward,0.0953258438502449,5.433740947958321
50.08,-0.27320132031598,-0.053060468142716276,-0.1184659677253064,0,0,0,0.03202332511468805,0,0.13,-0.2122418725708651,-0.48958411005160796,walk forward,0.09022186672666761,4.880671035893681
50.1,-0.27320132031598,-0.053060468142716276,-0.1184659677253064,0,0,0,0.03202332511468805,0,0.13,-0.2122418725708651,-0.48958411005160796,walk forward,0.08029064453552816,4.59084374759921
50.12,-0.27224529144211107,-0.05265075997128095,-0.11797662994253294,0,0,0,0.031232666400461094,0,0.13,-0.2106030398851238,-0.487777401730805,walk forward,0.07398521326617624,4.889676506434301
50.14,-0.27224529144211107,-0.05265075997128095,-0.11797662994253294,0,0,0,0.031232666400461094,0,0.13,-0.2106030398851238,-0.487777401730805,walk forward,0.08442618792440817,5.288216490521171
50.16,-0.27224529144211107,-0.05265075997128095,-0.11797662994253294,0,0,0,0.031232666400461094,0,0.13,-0.2106030398851238,-0.487777401730805,walk forward,0.0913014831887897,5.424797512920474
50.18,-0.27224529144211107,-0.05265075997128095,-0.11797662994253294,0,0,0,0.031232666400461094,0,0.13,-0.2106030398851238,-0.487777401730805,walk forward,0.09914793601858388,5.448603177049642
50.2,-0.27224529144211107,-0.05265075997128095,-0.11797662994253294,0,0,0,0.031232666400461094,0,0.13,-0.2106030398851238,-0.487777401730805,walk forward,0.10612721136660253,5.375188894147223
50.22,-0.27128697460557805,-0.052237560352777525,-0.11748874859419789,0,0,0,0.03046152911944397,0,0.13,-0.2089502414111101,-0.4859696539997199,walk forward,0.09510585070531213,5.329529977876908
50.24,-0.27128697460557805,-0.052237560352777525,-0.11748874859419789,0,0,0,0.03046152911944397,0,0.13,-0.2089502414111101,-0.4859696539997199,walk forward,0.08155989305007623,5.492022041725878
50.26,-0.27128697460557805,-0.052237560352777525,-0.11748874859419789,0,0,0,0.03046152911944397,0,0.13,-0.2089502414111101,-0.4859696539997199,walk forward,0.06898519527522082,5.7769281034518
50.28,-0.27128697460557805,-0.052237560352777525,-0.11748874859419789,0,0,0,0.03046152911944397,0,0.13,-0.2089502414111101,-0.4859696539997199,walk forward,0.0586037533624645,6.054907877161568
50.3,-0.27128697460557805,-0.052237560352777525,-0.11748874859419789,0,0,0,0.03046152911944397,0,0.13,-0.2089502414111101,-0.4859696539997199,walk forward,0.06139885088751767,6.043132578961914
50.32,-0.27032648858023806,-0.05182115903890225,-0.11700229874372559,0,0,0,0.02970943128573339,0,0.13,-0.207284636155609,-0.48416098415495457,walk forward,0.07368939677287968,5.643099976595946
50.34,-0.27032648858023806,-0.05182115903890225,-0.11700229874372559,0,0,0,0.02970943128573339,0,0.13,-0.207284636155609,-0.48416098415495457,walk forward,0.07717145376333426,4.933885498734003
50.36,-0.27032648858023806,-0.05182115903890225,-0.11700229874372559,0,0,0,0.02970943128573339,0,0.13,-0.207284636155609,-0.48416098415495457,walk forward,0.08299301171083125,4.015215821664607
50.38,-0.27032648858023806,-0.05182115903890225,-0.11700229874372559,0,0,0,0.02970943128573339,0,0.13,-0.207284636155609,-0.48416098415495457,walk forward,0.0906467418406229,3.1376905948825824
50.4,-0.27032648858023806,-0.05182115903890225,-0.11700229874372559,0,0,0,0.02970943128573339,0,0.13,-0.207284636155609,-0.48416098415495457,walk forward,0.024290388585900685,2.9938583099058844
50.42,-0.26936395003137353,-0.05140183470356158,-0.11651725723109685,0,0,0,0.028975902813700424,0,0.13,-0.2056073388142463,-0.482351509078088,walk forward,-0.000605682921104949,3.6153717228227564
50.44,-0.26936395003137353,-0.05140183470356158,-0.11651725723109685,0,0,0,0.028975902813700424,0,0.13,-0.2056073388142463,-0.482351509078088,walk forward,0.03405538051801025,4.130423621794587
50.46,-0.26936395003137353,-0.05140183470356158,-0.11651725723109685,0,0,0,0.028975902813700424,0,0.13,-0.2056073388142463,-0.482351509078088,walk forward,0.05983278794900952,4.3781255799580965
50.48,-0.26936395003137353,-0.05140183470356158,-0.11651725723109685,0,0,0,0.028975902813700424,0,0.13,-0.2056073388142463,-0.482351509078088,walk forward,0.060558574925680224,4.5663242718342065
50.5,-0.26936395003137353,-0.05140183470356158,-0.11651725723109685,0,0,0,0.028975902813700424,0,0.13,-0.2056073388142463,-0.482351509078088,walk forward,0.06223974057928493,4.735990131934941
50.52,-0.2683994735630104,-0.050979855373765474,-0.11603360258198066,0,0,0,0.028260485224171676,0,0.13,-0.2039194214950619,-0.4805413451812388,walk forward,0.05896826255097874,4.937778527317886
50.54,-0.2683994735630104,-0.050979855373765474,-0.11603360258198066,0,0,0,0.028260485224171676,0,0.13,-0.2039194214950619,-0.4805413451812388,walk forward,0.06604597965328485,5.101154447952726
50.56,-0.2683994735630104,-0.050979855373765474,-0.11603360258198066,0,0,0,0.028260485224171676,0,0.13,-0.2039194214950619,-0.4805413451812388,walk forward,0.06914809303787425,5.181421653770486
50.58,-0.2683994735630104,-0.050979855373765474,-0.11603360258198066,0,0,0,0.028260485224171676,0,0.13,-0.2039194214950619,-0.4805413451812388,walk forward,0.06954978277380776,5.161973440608654
50.6,-0.2683994735630104,-0.050979855373765474,-0.11603360258198066,0,0,0,0.028260485224171676,0,0.13,-0.2039194214950619,-0.4805413451812388,walk forward,0.08268447459169631,4.927725439349802
50.62,-0.2674331717627915,-0.05055547883982277,-0.11555131492117833,0,0,0,0.02756273135786487,0,0.13,-0.20222191535929107,-0.4787306083549623,walk forward,0.08474074041147936,4.522678647186258
50.64,-0.2674331717627915,-0.05055547883982277,-0.11555131492117833,0,0,0,0.02756273135786487,0,0.13,-0.20222191535929107,-0.4787306083549623,walk forward,0.08502164765275892,4.052487524987606
50.66,-0.2674331717627915,-0.05055547883982277,-0.11555131492117833,0,0,0,0.02756273135786487,0,0.13,-0.20222191535929107,-0.4787306083549623,walk forward,0.07879187690684296,3.786925367182233
50.68,-0.2674331717627915,-0.05055547883982277,-0.11555131492117833,0,0,0,0.02756273135786487,0,0.13,-0.20222191535929107,-0.4787306083549623,walk forward,0.07151663931475394,4.041037768799214
50.7,-0.2674331717627915,-0.05055547883982277,-0.11555131492117833,0,0,0,0.02756273135786487,0,0.13,-0.20222191535929107,-0.4787306083549623,walk forward,0.008552271169552882,4.7726980440508715
50.72,-0.26646515524456815,-0.05012895304603974,-0.11507037589015764,0,0,0,0.02688220509589975,0,0.13,-0.20051581218415895,-0.4769194139184073,walk forward,0.05341461251109075,5.375551824748769
50.74,-0.26646515524456815,-0.05012895304603974,-0.11507037589015764,0,0,0,0.02688220509589975,0,0.13,-0.20051581218415895,-0.4769194139184073,walk forward,0.08422083626591381,5.697639036430186
50.76,-0.26646515524456815,-0.05012895304603974,-0.11507037589015764,0,0,0,0.02688220509589975,0,0.13,-0.20051581218415895,-0.4769194139184073,walk forward,0.11706055181064243,5.795174374724449
50.78,-0.26646515524456815,-0.05012895304603974,-0.11507037589015764,0,0,0,0.02688220509589975,0,0.13,-0.20051581218415895,-0.4769194139184073,walk forward,0.10585962771939869,5.828650420337258
50.8,-0.26646515524456815,-0.05012895304603974,-0.11507037589015764,0,0,0,0.02688220509589975,0,0.13,-0.20051581218415895,-0.4769194139184073,walk forward,0.08553534668360399,5.909428205403718
50.82,-0.2654955326888636,-0.04970051646304549,-0.11459076856846762,0,0,0,0.026218481087209578,0,0.13,-0.19880206585218196,-0.47510787657166403,walk forward,0.07961486104029955,6.133171417228742
50.84,-0.2654955326888636,-0.04970051646304549,-0.11459076856846762,0,0,0,0.026218481087209578,0,0.13,-0.19880206585218196,-0.47510787657166403,walk forward,0.07048201155082767,6.406073645714662
50.86,-0.2654955326888636,-0.04970051646304549,-0.11459076856846762,0,0,0,0.026218481087209578,0,0.13,-0.19880206585218196,-0.47510787657166403,walk forward,0.06926617268633482,6.545059757163949
50.88,-0.2654955326888636,-0.04970051646304549,-0.11459076856846762,0,0,0,0.026218481087209578,0,0.13,-0.19880206585218196,-0.47510787657166403,walk forward,0.06956438502955632,6.3183566946410865
50.9,-0.2654955326888636,-0.04970051646304549,-0.11459076856846762,0,0,0,0.026218481087209578,0,0.13,-0.19880206585218196,-0.47510787657166403,walk forward,0.07625008925502386,5.724399539163368
50.92,-0.2645244108813516,-0.04927039844279569,-0.1141124773988366,0,0,0,0.025571144482682877,0,0.13,-0.19708159377118276,-0.4732961103502353,walk forward,0.08023028818415803,4.90567940573683
50.94,-0.2645244108813516,-0.04927039844279569,-0.1141124773988366,0,0,0,0.025571144482682877,0,0.13,-0.19708159377118276,-0.4732961103502353,walk forward,0.08021480729326151,3.936080402474013
50.96,-0.2645244108813516,-0.04927039844279569,-0.1141124773988366,0,0,0,0.025571144482682877,0,0.13,-0.19708159377118276,-0.4732961103502353,walk forward,0.07911036324807391,3.1661225179745145
50.98,-0.2645244108813516,-0.04927039844279569,-0.1141124773988366,0,0,0,0.025571144482682877,0,0.13,-0.19708159377118276,-0.4732961103502353,walk forward,-0.023832477082898717,3.3360561309939802
51.0,-0.2645244108813516,-0.04927039844279569,-0.1141124773988366,0,0,0,0.025571144482682877,0,0.13,-0.19708159377118276,-0.4732961103502353,walk forward,-0.0009946871277001224,3.955876979990743
51.02,-0.2635518947494837,-0.04883881955723911,-0.11363548811576829,0,0,0,0.024939790675869218,0,0.13,-0.19535527822895643,-0.471484228581565,walk forward,0.046562060113933594,4.353330353410872
51.04,-0.2635518947494837,-0.04883881955723911,-0.11363548811576829,0,0,0,0.024939790675869218,0,0.13,-0.19535527822895643,-0.471484228581565,walk forward,0.06302401925091747,4.650272252948923
51.06,-0.2635518947494837,-0.04883881955723911,-0.11363548811576829,0,0,0,0.024939790675869218,0,0.13,-0.19535527822895643,-0.471484228581565,walk forward,0.07706376378926202,4.947314341927061
51.08,-0.2635518947494837,-0.04883881955723911,-0.11363548811576829,0,0,0,0.024939790675869218,0,0.13,-0.19535527822895643,-0.471484228581565,walk forward,0.07370002165680739,5.209298126480307
51.1,-0.2635518947494837,-0.04883881955723911,-0.11363548811576829,0,0,0,0.024939790675869218,0,0.13,-0.19535527822895643,-0.471484228581565,walk forward,0.0778332039842539,5.488081144150957
51.12,-0.2625780873973908,-0.04840599192156887,-0.11315978767746025,0,0,0,0.024324025050087038,0,0.13,-0.1936239676862755,-0.4696723438435638,walk forward,0.08605867008446044,5.721159090236492
51.14,-0.2625780873973908,-0.04840599192156887,-0.11315978767746025,0,0,0,0.024324025050087038,0,0.13,-0.1936239676862755,-0.4696723438435638,walk forward,0.08660584157281964,5.859103511235543
51.16,-0.2625780873973908,-0.04840599192156887,-0.11315978767746025,0,0,0,0.024324025050087038,0,0.13,-0.1936239676862755,-0.4696723438435638,walk forward,0.08871882887234475,5.901097941784944
51.18,-0.2625780873973908,-0.04840599192156887,-0.11315978767746025,0,0,0,0.024324025050087038,0,0.13,-0.1936239676862755,-0.4696723438435638,walk forward,0.09223034543735059,5.715664944880446
51.2,-0.2625780873973908,-0.04840599192156887,-0.11315978767746025,0,0,0,0.024324025050087038,0,0.13,-0.1936239676862755,-0.4696723438435638,walk forward,0.09613936029916975,5.333301956309772
51.22,-0.26160309013917626,-0.04797211950292203,-0.11268536420088063,0,0,0,0.02372346273177535,0,0.13,-0.19188847801168812,-0.4678605679250711,walk forward,0.09130336722101544,4.850451234901002
51.24,-0.26160309013917626,-0.04797211950292203,-0.11268536420088063,0,0,0,0.02372346273177535,0,0.13,-0.19188847801168812,-0.4678605679250711,walk forward,0.08779724804570546,4.437936556011176
51.26,-0.26160309013917626,-0.04797211950292203,-0.11268536420088063,0,0,0,0.02372346273177535,0,0.13,-0.19188847801168812,-0.4678605679250711,walk forward,0.0812916223239068,4.3357847452877465
51.28,-0.26160309013917626,-0.04797211950292203,-0.11268536420088063,0,0,0,0.02372346273177535,0,0.13,-0.19188847801168812,-0.4678605679250711,walk forward,0.06715684352570288,4.7612006046258895
51.3,-0.26160309013917626,-0.04797211950292203,-0.11268536420088063,0,0,0,0.02372346273177535,0,0.13,-0.19188847801168812,-0.4678605679250711,walk forward,0.06240735163344475,5.079994918919122
51.32,-0.2606270025307099,-0.04753739841533659,-0.11221220689984676,0,0,0,0.023137728349935244,0,0.13,-0.19014959366134637,-0.4660490117881959,walk forward,0.07574644892356483,5.207394231800782
51.34,-0.2606270025307099,-0.04753739841533659,-0.11221220689984676,0,0,0,0.023137728349935244,0,0.13,-0.19014959366134637,-0.4660490117881959,walk forward,0.09051984469774013,5.132357678770631
51.36,-0.2606270025307099,-0.04753739841533659,-0.11221220689984676,0,0,0,0.023137728349935244,0,0.13,-0.19014959366134637,-0.4660490117881959,walk forward,0.09005499383334674,5.001918356242832
51.38,-0.2606270025307099,-0.04753739841533659,-0.11221220689984676,0,0,0,0.023137728349935244,0,0.13,-0.19014959366134637,-0.4660490117881959,walk forward,0.0849912444086607,5.013060121136329
51.4,-0.2606270025307099,-0.04753739841533659,-0.11221220689984676,0,0,0,0.023137728349935244,0,0.13,-0.19014959366134637,-0.4660490117881959,walk forward,0.07315311197565649,5.173379132249676
51.42,-0.2596499224000256,-0.047102017201724626,-0.11174030602595948,0,0,0,0.0225664558015108,0,0.13,-0.1884080688068985,-0.46423778553248135,walk forward,0.06173313945096108,5.45760100883048
51.44,-0.2596499224000256,-0.047102017201724626,-0.11174030602595948,0,0,0,0.0225664558015108,0,0.13,-0.1884080688068985,-0.46423778553248135,walk forward,0.06363411388921629,5.64610327070702
51.46,-0.2596499224000256,-0.047102017201724626,-0.11174030602595948,0,0,0,0.0225664558015108,0,0.13,-0.1884080688068985,-0.46423778553248135,walk forward,0.06674350440393875,5.467782914239336
51.48,-0.2596499224000256,-0.047102017201724626,-0.11174030602595948,0,0,0,0.0225664558015108,0,0.13,-0.1884080688068985,-0.46423778553248135,walk forward,0.07253342660873624,4.894434684038196
51.5,-0.2596499224000256,-0.047102017201724626,-0.11174030602595948,0,0,0,0.0225664558015108,0,0.13,-0.1884080688068985,-0.46423778553248135,walk forward,0.07288313972592081,4.1072658522149705
51.52,-0.25867194587641806,-0.04666615710357261,-0.11126965281225408,0,0,0,0.022009288022562756,0,0.13,-0.18666462841429043,-0.4624269983608402,walk forward,0.07639265002854922,3.3670692345395605
51.54,-0.25867194587641806,-0.04666615710357261,-0.11126965281225408,0,0,0,0.022009288022562756,0,0.13,-0.18666462841429043,-0.4624269983608402,walk forward,0.019329971704655842,3.0995519505001496
51.56,-0.25867194587641806,-0.04666615710357261,-0.11126965281225408,0,0,0,0.022009288022562756,0,0.13,-0.18666462841429043,-0.4624269983608402,walk forward,-0.028701507246879688,3.6506769257024883
51.58,-0.25867194587641806,-0.04666615710357261,-0.11126965281225408,0,0,0,0.022009288022562756,0,0.13,-0.18666462841429043,-0.4624269983608402,walk forward,0.00035790757044201066,4.191284894680256
51.6,-0.25867194587641806,-0.04666615710357261,-0.11126965281225408,0,0,0,0.022009288022562756,0,0.13,-0.18666462841429043,-0.4624269983608402,walk forward,0.027196964845478618,4.490709408376979
51.62,-0.2576931674183286,-0.04622999231903609,-0.11080023941943729,0,0,0,0.021465876765091915,0,0.13,-0.18491996927614435,-0.46061675854720735,walk forward,0.055754826176460284,4.691753243718504
51.64,-0.2576931674183286,-0.04622999231903609,-0.11080023941943729,0,0,0,0.021465876765091915,0,0.13,-0.18491996927614435,-0.46061675854720735,walk forward,0.05272019899334951,4.899523933722259
51.66,-0.2576931674183286,-0.04622999231903609,-0.11080023941943729,0,0,0,0.021465876765091915,0,0.13,-0.18491996927614435,-0.46061675854720735,walk forward,0.06513697474428111,5.040400668013095
51.68,-0.2576931674183286,-0.04622999231903609,-0.11080023941943729,0,0,0,0.021465876765091915,0,0.13,-0.18491996927614435,-0.46061675854720735,walk forward,0.06894209752206762,5.125262556337911
51.7,-0.2576931674183286,-0.04622999231903609,-0.11080023941943729,0,0,0,0.021465876765091915,0,0.13,-0.18491996927614435,-0.46061675854720735,walk forward,0.07469362257526821,5.152726369703653
51.72,-0.25671367984010335,-0.045793690250054433,-0.11033205888458639,0,0,0,0.020935882379372824,0,0.13,-0.18317476100021773,-0.45880717340586213,walk forward,0.07042930615117309,5.139910419845984
51.74,-0.25671367984010335,-0.045793690250054433,-0.11033205888458639,0,0,0,0.020935882379372824,0,0.13,-0.18317476100021773,-0.45880717340586213,walk forward,0.07516914318970015,5.034054550848908
51.76,-0.25671367984010335,-0.045793690250054433,-0.11033205888458639,0,0,0,0.020935882379372824,0,0.13,-0.18317476100021773,-0.45880717340586213,walk forward,0.08546517519960599,4.694985442551459
51.78,-0.25671367984010335,-0.045793690250054433,-0.11033205888458639,0,0,0,0.020935882379372824,0,0.13,-0.18317476100021773,-0.45880717340586213,walk forward,0.08768626486559017,4.199626669516478
51.8,-0.25671367984010335,-0.045793690250054433,-0.11033205888458639,0,0,0,0.020935882379372824,0,0.13,-0.18317476100021773,-0.45880717340586213,walk forward,0.0869439327588578,3.7183941488155563
51.82,-0.2557335743377023,-0.0453574117390731,-0.10986510507219369,0,0,0,0.020418973601661627,0,0.13,-0.1814296469562924,-0.45699834926237,walk forward,0.0786248170782762,3.592753686938954
51.84,-0.2557335743377023,-0.0453574117390731,-0.10986510507219369,0,0,0,0.020418973601661627,0,0.13,-0.1814296469562924,-0.45699834926237,walk forward,0.06715839357959157,4.2064336121018915
51.86,-0.2557335743377023,-0.0453574117390731,-0.10986510507219369,0,0,0,0.020418973601661627,0,0.13,-0.1814296469562924,-0.45699834926237,walk forward,0.06137300773709307,4.747274654532953
51.88,-0.2557335743377023,-0.0453574117390731,-0.10986510507219369,0,0,0,0.020418973601661627,0,0.13,-0.1814296469562924,-0.45699834926237,walk forward,0.082969711547439,4.995609746043557
51.9,-0.2557335743377023,-0.0453574117390731,-0.10986510507219369,0,0,0,0.020418973601661627,0,0.13,-0.1814296469562924,-0.45699834926237,walk forward,0.10314712941475472,5.0397567328089465
51.92,-0.25475294051343195,-0.04492131129592469,-0.10939937262744544,0,0,0,0.019914827347145447,0,0.13,-0.17968524518369877,-0.45519039142609674,walk forward,0.1020844464296847,4.999289983250084
51.94,-0.25475294051343195,-0.04492131129592469,-0.10939937262744544,0,0,0,0.019914827347145447,0,0.13,-0.17968524518369877,-0.45519039142609674,walk forward,0.09841993140828176,4.958620828821673
51.96,-0.25475294051343195,-0.04492131129592469,-0.10939937262744544,0,0,0,0.019914827347145447,0,0.13,-0.17968524518369877,-0.45519039142609674,walk forward,0.09414709739564471,5.0326412686285265
51.98,-0.25475294051343195,-0.04492131129592469,-0.10939937262744544,0,0,0,0.019914827347145447,0,0.13,-0.17968524518369877,-0.45519039142609674,walk forward,0.07656252236287645,5.2394015264657385
52.0,-0.25475294051343195,-0.04492131129592469,-0.10939937262744544,0,0,0,0.019914827347145447,0,0.13,-0.17968524518369877,-0.45519039142609674,walk forward,0.05654898099368824,5.501095861833726
52.02,-0.251023463052956,-0.04336428119256637,-0.10666887540476452,0.07802479296226662,0,0,0.01942312850800386,0,0.13,-0.17345712477026548,-0.4471154230721507,walk forward,0.05896922873532816,5.622973664854085
52.04,-0.251023463052956,-0.04336428119256637,-0.10666887540476452,0.07802479296226662,0,0,0.01942312850800386,0,0.13,-0.17345712477026548,-0.4471154230721507,walk forward,0.06074637028799404,5.381626110609688
52.06,-0.251023463052956,-0.04336428119256637,-0.10666887540476452,0.07802479296226662,0,0,0.01942312850800386,0,0.13,-0.17345712477026548,-0.4471154230721507,walk forward,0.06825184883345714,4.779284481147211
52.08,-0.251023463052956,-0.04336428119256637,-0.10666887540476452,0.07802479296226662,0,0,0.01942312850800386,0,0.13,-0.17345712477026548,-0.4471154230721507,walk forward,0.078170346764095,3.9863483590568185
52.1,-0.251023463052956,-0.04336428119256637,-0.10666887540476452,0.07802479296226662,0,0,0.01942312850800386,0,0.13,-0.17345712477026548,-0.4471154230721507,walk forward,0.08015170805033567,3.2397567860887713
52.12,-0.24739118585381567,-0.04186049181902081,-0.10401901539615671,0.07609835396005712,0,0,0.018943569756456242,0,0.13,-0.16744196727608324,-0.4392627515624654,walk forward,0.020963782451806443,3.163456991554235
52.14,-0.24739118585381567,-0.04186049181902081,-0.10401901539615671,0.07609835396005712,0,0,0.018943569756456242,0,0.13,-0.16744196727608324,-0.4392627515624654,walk forward,0.01278502134256382,3.7674983422407458
52.16,-0.24739118585381567,-0.04186049181902081,-0.10401901539615671,0.07609835396005712,0,0,0.018943569756456242,0,0.13,-0.16744196727608324,-0.4392627515624654,walk forward,0.02832261791814318,4.249929517392196
52.18,-0.24739118585381567,-0.04186049181902081,-0.10401901539615671,0.07609835396005712,0,0,0.018943569756456242,0,0.13,-0.16744196727608324,-0.4392627515624654,walk forward,0.04771044855315354,4.627338634594337
52.2,-0.24739118585381567,-0.04186049181902081,-0.10401901539615671,0.07609835396005712,0,0,0.018943569756456242,0,0.13,-0.16744196727608324,-0.4392627515624654,walk forward,0.05755764797378639,4.86828050383382
52.22,-0.24385278896591656,-0.04040795532760391,-0.10144703723475865,0.07421947890628423,0,0,0.01847585135267192,0,0.13,-0.16163182131041565,-0.43162478275084404,walk forward,0.0660874364826814,4.998589847878095
52.24,-0.24385278896591656,-0.04040795532760391,-0.10144703723475865,0.07421947890628423,0,0,0.01847585135267192,0,0.13,-0.16163182131041565,-0.43162478275084404,walk forward,0.075083176541946,5.1114190847682925
52.26,-0.24385278896591656,-0.04040795532760391,-0.10144703723475865,0.07421947890628423,0,0,0.01847585135267192,0,0.13,-0.16163182131041565,-0.43162478275084404,walk forward,0.07976879018195807,5.212366276804566
52.28,-0.24385278896591656,-0.04040795532760391,-0.10144703723475865,0.07421947890628423,0,0,0.01847585135267192,0,0.13,-0.16163182131041565,-0.43162478275084404,walk forward,0.07837626509865518,5.270705037599911
52.3,-0.24385278896591656,-0.04040795532760391,-0.10144703723475865,0.07421947890628423,0,0,0.01847585135267192,0,0.13,-0.16163182131041565,-0.43162478275084404,walk forward,0.07487357463057225,5.254389396543913
52.32,-0.2404050873003417,-0.039004769682045116,-0.09895029639889946,0.07238699344287676,0,0,0.018019680957423,0,0.13,-0.15601907872818047,-0.42419422962405146,walk forward,0.0833873736935098,5.029199340010904
52.34,-0.2404050873003417,-0.039004769682045116,-0.09895029639889946,0.07238699344287676,0,0,0.018019680957423,0,0.13,-0.15601907872818047,-0.42419422962405146,walk forward,0.08701870769275218,4.581001083412012
52.36,-0.2404050873003417,-0.039004769682045116,-0.09895029639889946,0.07238699344287676,0,0,0.018019680957423,0,0.13,-0.15601907872818047,-0.42419422962405146,walk forward,0.08785201918543428,4.00262269275571
52.38,-0.2404050873003417,-0.039004769682045116,-0.09895029639889946,0.07238699344287676,0,0,0.018019680957423,0,0.13,-0.15601907872818047,-0.42419422962405146,walk forward,0.07939519544481746,3.5592013159052085
52.4,-0.2404050873003417,-0.039004769682045116,-0.09895029639889946,0.07238699344287676,0,0,0.018019680957423,0,0.13,-0.15601907872818047,-0.42419422962405146,walk forward,0.07252170665357498,3.7581071988856003
52.42,-0.2370450242311428,-0.03764911433323781,-0.09652625396557898,0.07059975220676762,0,0,0.017574773449362847,0,0.13,-0.15059645733295124,-0.4169640977459022,walk forward,0.08016174238754892,4.388403283533495
52.44,-0.2370450242311428,-0.03764911433323781,-0.09652625396557898,0.07059975220676762,0,0,0.017574773449362847,0,0.13,-0.15059645733295124,-0.4169640977459022,walk forward,0.08421813502705226,4.568290940661897
52.46,-0.2370450242311428,-0.03764911433323781,-0.09652625396557898,0.07059975220676762,0,0,0.017574773449362847,0,0.13,-0.15059645733295124,-0.4169640977459022,walk forward,0.0914543377262507,4.59194220554912
52.48,-0.2370450242311428,-0.03764911433323781,-0.09652625396557898,0.07059975220676762,0,0,0.017574773449362847,0,0.13,-0.15059645733295124,-0.4169640977459022,walk forward,0.09833784368999193,4.475043463297348
52.5,-0.2370450242311428,-0.03764911433323781,-0.09652625396557898,0.07059975220676762,0,0,0.017574773449362847,0,0.13,-0.15059645733295124,-0.4169640977459022,walk forward,0.08394363695794524,4.423597149948568
52.52,-0.23376966554530013,-0.03633924614385218,-0.0941724716497517,0.06885663811400461,0,0,0.017140850746815955,0,0.13,-0.14535698457540872,-0.4099276714938148,walk forward,0.08137657140741963,4.545121212683356
52.54,-0.23376966554530013,-0.03633924614385218,-0.0941724716497517,0.06885663811400461,0,0,0.017140850746815955,0,0.13,-0.14535698457540872,-0.4099276714938148,walk forward,0.06218219747237901,4.767033709013088
52.56,-0.23376966554530013,-0.03633924614385218,-0.0941724716497517,0.06885663811400461,0,0,0.017140850746815955,0,0.13,-0.14535698457540872,-0.4099276714938148,walk forward,0.0486907666907503,5.041030662205955
52.58,-0.23376966554530013,-0.03633924614385218,-0.0941724716497517,0.06885663811400461,0,0,0.017140850746815955,0,0.13,-0.14535698457540872,-0.4099276714938148,walk forward,0.0507685258998903,5.204794602055974
52.6,-0.23376966554530013,-0.03633924614385218,-0.0941724716497517,0.06885663811400461,0,0,0.017140850746815955,0,0.13,-0.14535698457540872,-0.4099276714938148,walk forward,0.06085903328632149,5.0427882690897174
52.62,-0.2305761937195951,-0.03507349554586876,-0.09188660711195193,0.06715656166153657,0,0,0.01671764163396785,0,0.13,-0.14029398218347505,-0.40307850103943377,walk forward,0.07362796562277783,4.5281948374800445
52.64,-0.2305761937195951,-0.03507349554586876,-0.09188660711195193,0.06715656166153657,0,0,0.01671764163396785,0,0.13,-0.14029398218347505,-0.40307850103943377,walk forward,0.07846026535435476,3.674471656213214
52.66,-0.2305761937195951,-0.03507349554586876,-0.09188660711195193,0.06715656166153657,0,0,0.01671764163396785,0,0.13,-0.14029398218347505,-0.40307850103943377,walk forward,0.0876627785107722,2.7743766960640563
52.68,-0.2305761937195951,-0.03507349554586876,-0.09188660711195193,0.06715656166153657,0,0,0.01671764163396785,0,0.13,-0.14029398218347505,-0.40307850103943377,walk forward,0.06965665359051663,2.3696290126469046
52.7,-0.2305761937195951,-0.03507349554586876,-0.09188660711195193,0.06715656166153657,0,0,0.01671764163396785,0,0.13,-0.14029398218347505,-0.40307850103943377,walk forward,-0.015290772960574083,3.0238803307962523
52.72,-0.22746190250456647,-0.03385026291620796,-0.08966640951797053,0.06549846024623852,0,0,0.016304881591346375,0,0.13,-0.13540105166483185,-0.39641039002817124,walk forward,0.027614340781673234,3.59490736987481
52.74,-0.22746190250456647,-0.03385026291620796,-0.08966640951797053,0.06549846024623852,0,0,0.016304881591346375,0,0.13,-0.13540105166483185,-0.39641039002817124,walk forward,0.047868866383215206,3.951314161352501
52.76,-0.22746190250456647,-0.03385026291620796,-0.08966640951797053,0.06549846024623852,0,0,0.016304881591346375,0,0.13,-0.13540105166483185,-0.39641039002817124,walk forward,0.06205896105238461,4.217646138969583
52.78,-0.22746190250456647,-0.03385026291620796,-0.08966640951797053,0.06549846024623852,0,0,0.016304881591346375,0,0.13,-0.13540105166483185,-0.39641039002817124,walk forward,0.06099070644562505,4.427107742770188
52.8,-0.22746190250456647,-0.03385026291620796,-0.08966640951797053,0.06549846024623852,0,0,0.016304881591346375,0,0.13,-0.13540105166483185,-0.39641039002817124,walk forward,0.0673357924168721,4.623134318788656
52.82,-0.2244241917970483,-0.03266801515666365,-0.08750971533538168,0.06388129750075014,0,0,0.015902312630488413,0,0.13,-0.1306720606266546,-0.38991738391553743,walk forward,0.06729576623955871,4.781330031877124
52.84,-0.2244241917970483,-0.03266801515666365,-0.08750971533538168,0.06388129750075014,0,0,0.015902312630488413,0,0.13,-0.1306720606266546,-0.38991738391553743,walk forward,0.0683417341369229,4.926615230661801
52.86,-0.2244241917970483,-0.03266801515666365,-0.08750971533538168,0.06388129750075014,0,0,0.015902312630488413,0,0.13,-0.1306720606266546,-0.38991738391553743,walk forward,0.07121891057611465,5.0277452698367835
52.88,-0.2244241917970483,-0.03266801515666365,-0.08750971533538168,0.06388129750075014,0,0,0.015902312630488413,0,0.13,-0.1306720606266546,-0.38991738391553743,walk forward,0.07693342296243703,4.8785202915152075
52.9,-0.2244241917970483,-0.03266801515666365,-0.08750971533538168,0.06388129750075014,0,0,0.015902312630488413,0,0.13,-0.1306720606266546,-0.38991738391553743,walk forward,0.08476125814422322,4.522415264722211
52.92,-0.22146056278401688,-0.031525282465303534,-0.08541444435272838,0.062304062645712366,0,0,0.015509683132688697,0,0.13,-0.12610112986121413,-0.38359375892093156,walk forward,0.08767885588401587,4.040511255712384
52.94,-0.22146056278401688,-0.031525282465303534,-0.08541444435272838,0.062304062645712366,0,0,0.015509683132688697,0,0.13,-0.12610112986121413,-0.38359375892093156,walk forward,0.08706369497159414,3.504324182684998
52.96,-0.22146056278401688,-0.031525282465303534,-0.08541444435272838,0.062304062645712366,0,0,0.015509683132688697,0,0.13,-0.12610112986121413,-0.38359375892093156,walk forward,0.07801859842124442,3.3260669007078167
52.98,-0.22146056278401688,-0.031525282465303534,-0.08541444435272838,0.062304062645712366,0,0,0.015509683132688697,0,0.13,-0.12610112986121413,-0.38359375892093156,walk forward,0.0690847708039904,3.921194985926603
53.0,-0.22146056278401688,-0.031525282465303534,-0.08541444435272838,0.062304062645712366,0,0,0.015509683132688697,0,0.13,-0.12610112986121413,-0.38359375892093156,walk forward,0.07300458134551063,4.392207078521854
53.02,-0.21856861334161248,-0.030420655287382064,-0.08337859590811281,0.060765769857997455,0,0,0.015126747691729926,0,0.13,-0.12168262114952826,-0.3774340115621566,walk forward,0.08404336528129423,4.499318337835028
53.04,-0.21856861334161248,-0.030420655287382064,-0.08337859590811281,0.060765769857997455,0,0,0.015126747691729926,0,0.13,-0.12168262114952826,-0.3774340115621566,walk forward,0.09604674027109728,4.398251498227465
53.06,-0.21856861334161248,-0.030420655287382064,-0.08337859590811281,0.060765769857997455,0,0,0.015126747691729926,0,0.13,-0.12168262114952826,-0.3774340115621566,walk forward,0.0947303377982955,4.2349416187384445
53.08,-0.21856861334161248,-0.030420655287382064,-0.08337859590811281,0.060765769857997455,0,0,0.015126747691729926,0,0.13,-0.12168262114952826,-0.3774340115621566,walk forward,0.0946678479787045,4.177754796649376
53.1,-0.21856861334161248,-0.030420655287382064,-0.08337859590811281,0.060765769857997455,0,0,0.015126747691729926,0,0.13,-0.12168262114952826,-0.3774340115621566,walk forward,0.07483278811087393,4.298374649963541
53.12,-0.21574603367426165,-0.029352781434628907,-0.08140024531480589,0.059265457654537404,0,0,0.014753266960495897,0,0.13,-0.11741112573851563,-0.3714328487363344,walk forward,0.06422473216510956,4.558530677148859
53.14,-0.21574603367426165,-0.029352781434628907,-0.08140024531480589,0.059265457654537404,0,0,0.014753266960495897,0,0.13,-0.11741112573851563,-0.3714328487363344,walk forward,0.054495605755078766,4.7665664932108545
53.16,-0.21574603367426165,-0.029352781434628907,-0.08140024531480589,0.059265457654537404,0,0,0.014753266960495897,0,0.13,-0.11741112573851563,-0.3714328487363344,walk forward,0.059113033407209914,4.693866336702769
53.18,-0.21574603367426165,-0.029352781434628907,-0.08140024531480589,0.059265457654537404,0,0,0.014753266960495897,0,0.13,-0.11741112573851563,-0.3714328487363344,walk forward,0.06927688159654129,4.279806570743618
53.2,-0.21574603367426165,-0.029352781434628907,-0.08140024531480589,0.059265457654537404,0,0,0.014753266960495897,0,0.13,-0.11741112573851563,-0.3714328487363344,walk forward,0.08246190477849563,3.4992759210234787
53.22,-0.2129906021798072,-0.028320363362532817,-0.07947754047229924,0.05780218829136575,0,0,0.01438900750137176,0,0.13,-0.11328145345013127,-0.36558517831513304,walk forward,0.08020367441037991,2.4908624493397893
53.24,-0.2129906021798072,-0.028320363362532817,-0.07947754047229924,0.05780218829136575,0,0,0.01438900750137176,0,0.13,-0.11328145345013127,-0.36558517831513304,walk forward,0.08536368446386841,1.8811314333859397
53.26,-0.2129906021798072,-0.028320363362532817,-0.07947754047229924,0.05780218829136575,0,0,0.01438900750137176,0,0.13,-0.11328145345013127,-0.36558517831513304,walk forward,0.0033691442683052575,2.492864481698848
53.28,-0.2129906021798072,-0.028320363362532817,-0.07947754047229924,0.05780218829136575,0,0,0.01438900750137176,0,0.13,-0.11328145345013127,-0.36558517831513304,walk forward,0.008594791064392353,3.1116067882787513
53.3,-0.2129906021798072,-0.028320363362532817,-0.07947754047229924,0.05780218829136575,0,0,0.01438900750137176,0,0.13,-0.11328145345013127,-0.36558517831513304,walk forward,0.03631859123166733,3.4733173956916477
53.32,-0.21030018152746674,-0.02732215559594184,-0.07760869865197162,0.05637504717749704,0,0,0.01403374164033791,0,0.13,-0.10928862238376735,-0.359886100224298,walk forward,0.04579342452667913,3.6911858231890395
53.34,-0.21030018152746674,-0.02732215559594184,-0.07760869865197162,0.05637504717749704,0,0,0.01403374164033791,0,0.13,-0.10928862238376735,-0.359886100224298,walk forward,0.056211926640462984,3.92869132131719
53.36,-0.21030018152746674,-0.02732215559594184,-0.07760869865197162,0.05637504717749704,0,0,0.01403374164033791,0,0.13,-0.10928862238376735,-0.359886100224298,walk forward,0.06732428586546477,4.167391259088961
53.38,-0.21030018152746674,-0.02732215559594184,-0.07760869865197162,0.05637504717749704,0,0,0.01403374164033791,0,0.13,-0.10928862238376735,-0.359886100224298,walk forward,0.07352837157122069,4.376627764255486
53.4,-0.21030018152746674,-0.02732215559594184,-0.07760869865197162,0.05637504717749704,0,0,0.01403374164033791,0,0.13,-0.10928862238376735,-0.359886100224298,walk forward,0.07669575574107587,4.541156318538082
53.42,-0.20767271493628803,-0.026356962293950386,-0.07579200344724016,0.05498314230327774,0,0,0.013687247324666316,0,0.13,-0.10542784917580154,-0.3543308979794102,walk forward,0.0755132485708109,4.596269779055064
53.44,-0.20767271493628803,-0.026356962293950386,-0.07579200344724016,0.05498314230327774,0,0,0.013687247324666316,0,0.13,-0.10542784917580154,-0.3543308979794102,walk forward,0.0781196289278384,4.428645129580157
53.46,-0.20767271493628803,-0.026356962293950386,-0.07579200344724016,0.05498314230327774,0,0,0.013687247324666316,0,0.13,-0.10542784917580154,-0.3543308979794102,walk forward,0.08620705885597803,4.079660558782207
53.48,-0.20767271493628803,-0.026356962293950386,-0.07579200344724016,0.05498314230327774,0,0,0.013687247324666316,0,0.13,-0.10542784917580154,-0.3543308979794102,walk forward,0.09139414234867058,3.56604159380722
53.5,-0.20767271493628803,-0.026356962293950386,-0.07579200344724016,0.05498314230327774,0,0,0.013687247324666316,0,0.13,-0.10542784917580154,-0.3543308979794102,walk forward,0.08991543173176061,2.9794388681436463
53.52,-0.2051062226425604,-0.025423634945646298,-0.0740258018787143,0.05362560368285111,0,0,0.013349307984130336,0,0.13,-0.10169453978258519,-0.3489150306515934,walk forward,0.0833892750371553,2.694816239094697
53.54,-0.2051062226425604,-0.025423634945646298,-0.0740258018787143,0.05362560368285111,0,0,0.013349307984130336,0,0.13,-0.10169453978258519,-0.3489150306515934,walk forward,0.07959091668114443,3.249233806046922
53.56,-0.2051062226425604,-0.025423634945646298,-0.0740258018787143,0.05362560368285111,0,0,0.013349307984130336,0,0.13,-0.10169453978258519,-0.3489150306515934,walk forward,0.09200106024068459,3.743743065071602
53.58,-0.2051062226425604,-0.025423634945646298,-0.0740258018787143,0.05362560368285111,0,0,0.013349307984130336,0,0.13,-0.10169453978258519,-0.3489150306515934,walk forward,0.10070003634703033,3.864476437562269
53.6,-0.2051062226425604,-0.025423634945646298,-0.0740258018787143,0.05362560368285111,0,0,0.013349307984130336,0,0.13,-0.10169453978258519,-0.3489150306515934,walk forward,0.1075423018632502,3.8408823248545576
53.62,-0.20259879854537252,-0.02452107018884996,-0.07230850164547392,0.05230158281038774,0,0,0.013019712395641276,0,0.13,-0.09808428075539984,-0.343634125238558,walk forward,0.11012472502465948,3.8263268629284335
53.64,-0.20259879854537252,-0.02452107018884996,-0.07230850164547392,0.05230158281038774,0,0,0.013019712395641276,0,0.13,-0.09808428075539984,-0.343634125238558,walk forward,0.09438594628856743,3.9698977049643793
53.66,-0.20259879854537252,-0.02452107018884996,-0.07230850164547392,0.05230158281038774,0,0,0.013019712395641276,0,0.13,-0.09808428075539984,-0.343634125238558,walk forward,0.08238230357144834,4.262071304345537
53.68,-0.20259879854537252,-0.02452107018884996,-0.07230850164547392,0.05230158281038774,0,0,0.013019712395641276,0,0.13,-0.09808428075539984,-0.343634125238558,walk forward,0.06404072990405278,4.5926926482032915
53.7,-0.20259879854537252,-0.02452107018884996,-0.07230850164547392,0.05230158281038774,0,0,0.013019712395641276,0,0.13,-0.09808428075539984,-0.343634125238558,walk forward,0.06798984165320883,4.7894051523883565
53.72,-0.2001486070201927,-0.023648207744496195,-0.0706385685141544,0.05101025212974182,0,0,0.012698254551227084,0,0.13,-0.09459283097798478,-0.3384839694179338,walk forward,0.07254512562823295,4.695975460094284
53.74,-0.2001486070201927,-0.023648207744496195,-0.0706385685141544,0.05101025212974182,0,0,0.012698254551227084,0,0.13,-0.09459283097798478,-0.3384839694179338,walk forward,0.07962616688605713,4.185135790331428
53.76,-0.2001486070201927,-0.023648207744496195,-0.0706385685141544,0.05101025212974182,0,0,0.012698254551227084,0,0.13,-0.09459283097798478,-0.3384839694179338,walk forward,0.08550385481990987,3.255405839574723
53.78,-0.2001486070201927,-0.023648207744496195,-0.0706385685141544,0.05101025212974182,0,0,0.012698254551227084,0,0.13,-0.09459283097798478,-0.3384839694179338,walk forward,0.08486115897248842,2.203410320925864
53.8,-0.2001486070201927,-0.023648207744496195,-0.0706385685141544,0.05101025212974182,0,0,0.012698254551227084,0,0.13,-0.09459283097798478,-0.3384839694179338,walk forward,0.0967504535338339,2.0343397177030185
53.82,-0.19775387989098248,-0.022804028459791296,-0.06901452383804388,0.04975080451720156,0,0,0.012384733529270662,0,0.13,-0.09121611383916518,-0.3334605046612829,walk forward,0.05412764505697485,2.745000267920221
53.84,-0.19775387989098248,-0.022804028459791296,-0.06901452383804388,0.04975080451720156,0,0,0.012384733529270662,0,0.13,-0.09121611383916518,-0.3334605046612829,walk forward,0.032075666442989925,3.1678302217074457
53.86,-0.19775387989098248,-0.022804028459791296,-0.06901452383804388,0.04975080451720156,0,0,0.012384733529270662,0,0.13,-0.09121611383916518,-0.3334605046612829,walk forward,0.04712899611891626,3.4371939716395765
53.88,-0.19775387989098248,-0.022804028459791296,-0.06901452383804388,0.04975080451720156,0,0,0.012384733529270662,0,0.13,-0.09121611383916518,-0.3334605046612829,walk forward,0.06548592787969384,3.6412136379987134
53.9,-0.19775387989098248,-0.022804028459791296,-0.06901452383804388,0.04975080451720156,0,0,0.012384733529270662,0,0.13,-0.09121611383916518,-0.3334605046612829,walk forward,0.07862607015486847,3.8365807831725918
53.92,-0.19541291355194745,-0.021987552453725218,-0.06743494219888557,0.04852245277701063,0,0,0.01207895336892731,0,0.13,-0.08795020981490087,-0.3285598196885413,walk forward,0.08038620564786506,4.05781826534245
53.94,-0.19541291355194745,-0.021987552453725218,-0.06743494219888557,0.04852245277701063,0,0,0.01207895336892731,0,0.13,-0.08795020981490087,-0.3285598196885413,walk forward,0.08504466914489117,4.326063705076131
53.96,-0.19541291355194745,-0.021987552453725218,-0.06743494219888557,0.04852245277701063,0,0,0.01207895336892731,0,0.13,-0.08795020981490087,-0.3285598196885413,walk forward,0.08383918561684915,4.5493548415315175
53.98,-0.19541291355194745,-0.021987552453725218,-0.06743494219888557,0.04852245277701063,0,0,0.01207895336892731,0,0.13,-0.08795020981490087,-0.3285598196885413,walk forward,0.08161765664323073,4.67608949574225
54.0,-0.19541291355194745,-0.021987552453725218,-0.06743494219888557,0.04852245277701063,0,0,0.01207895336892731,0,0.13,-0.08795020981490087,-0.3285598196885413,walk forward,0.08255196292445395,4.584820694047809
54.02,-0.19312406623057998,-0.02119783735893455,-0.06589844916453069,0.04732442914934516,0,0,0.011780722947642827,0,0.13,-0.0847913494357382,-0.32377814424388834,walk forward,0.09165082224137405,4.223989165926988
54.04,-0.19312406623057998,-0.02119783735893455,-0.06589844916453069,0.04732442914934516,0,0,0.011780722947642827,0,0.13,-0.0847913494357382,-0.32377814424388834,walk forward,0.093713945670249,3.6708570472227913
54.06,-0.19312406623057998,-0.02119783735893455,-0.06589844916453069,0.04732442914934516,0,0,0.011780722947642827,0,0.13,-0.0847913494357382,-0.32377814424388834,walk forward,0.09625820058300136,3.093870146008862
54.08,-0.19312406623057998,-0.02119783735893455,-0.06589844916453069,0.04732442914934516,0,0,0.011780722947642827,0,0.13,-0.0847913494357382,-0.32377814424388834,walk forward,0.08998256769056139,2.832741937523345
54.1,-0.19312406623057998,-0.02119783735893455,-0.06589844916453069,0.04732442914934516,0,0,0.011780722947642827,0,0.13,-0.0847913494357382,-0.32377814424388834,walk forward,0.08389871926831632,3.300955825844632
54.12,-0.19088575538416608,-0.02043397665429862,-0.06440371915601158,0.04615598483043889,0,0,0.011489855861695685,0,0.13,-0.08173590661719447,-0.31911184317522207,walk forward,0.0934397783068854,3.7330573625430903
54.14,-0.19088575538416608,-0.02043397665429862,-0.06440371915601158,0.04615598483043889,0,0,0.011489855861695685,0,0.13,-0.08173590661719447,-0.31911184317522207,walk forward,0.10045869490923111,3.770156277802112
54.16,-0.19088575538416608,-0.02043397665429862,-0.06440371915601158,0.04615598483043889,0,0,0.011489855861695685,0,0.13,-0.08173590661719447,-0.31911184317522207,walk forward,0.11094925554562199,3.7950828357776043
54.18,-0.19088575538416608,-0.02043397665429862,-0.06440371915601158,0.04615598483043889,0,0,0.011489855861695685,0,0.13,-0.08173590661719447,-0.31911184317522207,walk forward,0.10598678450602185,3.8342193818583765
54.2,-0.19088575538416608,-0.02043397665429862,-0.06440371915601158,0.04615598483043889,0,0,0.011489855861695685,0,0.13,-0.08173590661719447,-0.31911184317522207,walk forward,0.09274361579437762,4.06899161199699
54.22,-0.18869645522240605,-0.01969509808301088,-0.06294947341799897,0.04501638950455641,0,0,0.01120617030968864,0,0.13,-0.07878039233204352,-0.31455741080050625,walk forward,0.08964604634105126,4.396951254121877
54.24,-0.18869645522240605,-0.01969509808301088,-0.06294947341799897,0.04501638950455641,0,0,0.01120617030968864,0,0.13,-0.07878039233204352,-0.31455741080050625,walk forward,0.07694994563342064,4.682516731438536
54.26,-0.18869645522240605,-0.01969509808301088,-0.06294947341799897,0.04501638950455641,0,0,0.01120617030968864,0,0.13,-0.07878039233204352,-0.31455741080050625,walk forward,0.07352167563547915,4.796711517592318
54.28,-0.18869645522240605,-0.01969509808301088,-0.06294947341799897,0.04501638950455641,0,0,0.01120617030968864,0,0.13,-0.07878039233204352,-0.31455741080050625,walk forward,0.0781558264927345,4.583382641560718
54.3,-0.18869645522240605,-0.01969509808301088,-0.06294947341799897,0.04501638950455641,0,0,0.01120617030968864,0,0.13,-0.07878039233204352,-0.31455741080050625,walk forward,0.08436127341151584,3.979716230288066
54.32,-0.18655469434924785,-0.01898036215120211,-0.061534478086975125,0.043904930887522065,0,0,0.010929488978916942,0,0.13,-0.07592144860480844,-0.3101114655452787,walk forward,0.08519910386756317,2.9657700560557116
54.34,-0.18655469434924785,-0.01898036215120211,-0.061534478086975125,0.043904930887522065,0,0,0.010929488978916942,0,0.13,-0.07592144860480844,-0.3101114655452787,walk forward,0.0855282753935403,1.856673626787866
54.36,-0.18655469434924785,-0.01898036215120211,-0.061534478086975125,0.043904930887522065,0,0,0.010929488978916942,0,0.13,-0.07592144860480844,-0.3101114655452787,walk forward,0.08043788502251381,1.9939379051765842
54.38,-0.18655469434924785,-0.01898036215120211,-0.061534478086975125,0.043904930887522065,0,0,0.010929488978916942,0,0.13,-0.07592144860480844,-0.3101114655452787,walk forward,0.053634890763211325,2.6720554497401077
54.4,-0.18655469434924785,-0.01898036215120211,-0.061534478086975125,0.043904930887522065,0,0,0.010929488978916942,0,0.13,-0.07592144860480844,-0.3101114655452787,walk forward,0.03384885934797853,3.0245319431836086
54.42,-0.18445905351745068,-0.018288960702503833,-0.0601575423517991,0.04282091428151917,0,0,0.010659638934542113,0,0.13,-0.07315584281001533,-0.3057707448365622,walk forward,0.04172643309905519,3.264362519971013
54.44,-0.18445905351745068,-0.018288960702503833,-0.0601575423517991,0.04282091428151917,0,0,0.010659638934542113,0,0.13,-0.07315584281001533,-0.3057707448365622,walk forward,0.054699038583943094,3.4309745755196754
54.46,-0.18445905351745068,-0.018288960702503833,-0.0601575423517991,0.04282091428151917,0,0,0.010659638934542113,0,0.13,-0.07315584281001533,-0.3057707448365622,walk forward,0.06894373956421773,3.576664671594189
54.48,-0.18445905351745068,-0.018288960702503833,-0.0601575423517991,0.04282091428151917,0,0,0.010659638934542113,0,0.13,-0.07315584281001533,-0.3057707448365622,walk forward,0.07432920571334162,3.7312321149967693
54.5,-0.18445905351745068,-0.018288960702503833,-0.0601575423517991,0.04282091428151917,0,0,0.010659638934542113,0,0.13,-0.07315584281001533,-0.3057707448365622,walk forward,0.07741840854902636,3.9152819329169097
54.52,-0.18240816348978614,-0.017620115564230383,-0.05881751670166066,0.04176366214088124,0,0,0.010396451511502057,0,0.13,-0.07048046225692153,-0.3015321002393085,walk forward,0.08052059380018688,4.069073450499686
54.54,-0.18240816348978614,-0.017620115564230383,-0.05881751670166066,0.04176366214088124,0,0,0.010396451511502057,0,0.13,-0.07048046225692153,-0.3015321002393085,walk forward,0.08086713620210029,4.150756343491643
54.56,-0.18240816348978614,-0.017620115564230383,-0.05881751670166066,0.04176366214088124,0,0,0.010396451511502057,0,0.13,-0.07048046225692153,-0.3015321002393085,walk forward,0.09499730378816185,4.01540436077464
54.58,-0.18240816348978614,-0.017620115564230383,-0.05881751670166066,0.04176366214088124,0,0,0.010396451511502057,0,0.13,-0.07048046225692153,-0.3015321002393085,walk forward,0.10202525355783656,3.6400561816656896
54.6,-0.18240816348978614,-0.017620115564230383,-0.05881751670166066,0.04176366214088124,0,0,0.010396451511502057,0,0.13,-0.07048046225692153,-0.3015321002393085,walk forward,0.09963457290516388,3.0692757821315673
54.62,-0.18040070300114933,-0.016973077261128445,-0.057513291256719834,0.040732513648603884,0,0,0.010139762209089897,0,0.13,-0.06789230904451378,-0.29739249282233643,walk forward,0.09699621675417837,2.558080091810757
54.64,-0.18040070300114933,-0.016973077261128445,-0.057513291256719834,0.040732513648603884,0,0,0.010139762209089897,0,0.13,-0.06789230904451378,-0.29739249282233643,walk forward,0.08735854444015809,2.710603084366896
54.66,-0.18040070300114933,-0.016973077261128445,-0.057513291256719834,0.040732513648603884,0,0,0.010139762209089897,0,0.13,-0.06789230904451378,-0.29739249282233643,walk forward,0.08249615537593932,3.5352487871190106
54.68,-0.18040070300114933,-0.016973077261128445,-0.057513291256719834,0.040732513648603884,0,0,0.010139762209089897,0,0.13,-0.06789230904451378,-0.29739249282233643,walk forward,0.09933464944735246,3.711465745861947
54.7,-0.18040070300114933,-0.016973077261128445,-0.057513291256719834,0.040732513648603884,0,0,0.010139762209089897,0,0.13,-0.06789230904451378,-0.29739249282233643,walk forward,0.10880066044864423,3.7343745159939843
54.72,-0.17843539681619403,-0.01634712379289504,-0.05624379417700888,0.03972682430331271,0,0,0,0,0.13,-0.06538849517158016,-0.2933489887415036,walk forward,0.11526977904987082,3.6625038249234154
54.74,-0.17843539681619403,-0.01634712379289504,-0.05624379417700888,0.03972682430331271,0,0,0,0,0.13,-0.06538849517158016,-0.2933489887415036,walk forward,0.10728895587472013,3.6781238310581346
54.76,-0.17843539681619403,-0.01634712379289504,-0.05624379417700888,0.03972682430331271,0,0,0,0,0.13,-0.06538849517158016,-0.2933489887415036,walk forward,0.09164243707862171,3.8404377677726926
54.78,-0.17843539681619403,-0.01634712379289504,-0.05624379417700888,0.03972682430331271,0,0,0,0,0.13,-0.06538849517158016,-0.2933489887415036,walk forward,0.07973150452615108,4.165542589459585
54.8,-0.17843539681619403,-0.01634712379289504,-0.05624379417700888,0.03972682430331271,0,0,0,0,0.13,-0.06538849517158016,-0.2933489887415036,walk forward,0.07634392140748122,4.490210292573149
54.82,-0.17525954893833462,-0.015226794515460426,-0.05396168301973417,0.03874596551642894,0,0,0,0,0.13,-0.060907178061841705,-0.286526539947586,walk forward,0.07236780338387457,4.512428115613423
54.84,-0.17525954893833462,-0.015226794515460426,-0.05396168301973417,0.03874596551642894,0,0,0,0,0.13,-0.060907178061841705,-0.286526539947586,walk forward,0.07359123883689386,4.137558585052679
54.86,-0.17525954893833462,-0.015226794515460426,-0.05396168301973417,0.03874596551642894,0,0,0,0,0.13,-0.060907178061841705,-0.286526539947586,walk forward,0.08279984031216261,3.3544704261129796
54.88,-0.17525954893833462,-0.015226794515460426,-0.05396168301973417,0.03874596551642894,0,0,0,0,0.13,-0.060907178061841705,-0.286526539947586,walk forward,0.08930552497711637,2.3164596528231747
54.9,-0.17525954893833462,-0.015226794515460426,-0.05396168301973417,0.03874596551642894,0,0,0,0,0.13,-0.060907178061841705,-0.286526539947586,walk forward,0.09077250527745553,1.681045300931627
54.92,-0.17216809054188872,-0.014150192845318856,-0.05174905900008123,0.03778932421928112,0,0,0,0,0.13,-0.05660077138127542,-0.27989643692746247,walk forward,0.052682018896163085,2.4723262057962434
54.94,-0.17216809054188872,-0.014150192845318856,-0.05174905900008123,0.03778932421928112,0,0,0,0,0.13,-0.05660077138127542,-0.27989643692746247,walk forward,0.03639236036962994,2.9336869632379274
54.96,-0.17216809054188872,-0.014150192845318856,-0.05174905900008123,0.03778932421928112,0,0,0,0,0.13,-0.05660077138127542,-0.27989643692746247,walk forward,0.026962912468029995,3.1303528079664034
54.98,-0.17216809054188872,-0.014150192845318856,-0.05174905900008123,0.03778932421928112,0,0,0,0,0.13,-0.05660077138127542,-0.27989643692746247,walk forward,0.03236730986104737,3.213385512613254
55.0,-0.17216809054188872,-0.014150192845318856,-0.05174905900008123,0.03778932421928112,0,0,0,0,0.13,-0.05660077138127542,-0.27989643692746247,walk forward,0.05734761409710144,3.3261751415302903
55.02,-0.1691582962616253,-0.01311570855277265,-0.04960366881477024,0.03685630247991721,0,0,0,0,0.13,-0.0524628342110906,-0.2734524563454944,walk forward,0.07494756292894925,3.4525110945861237
55.04,-0.1691582962616253,-0.01311570855277265,-0.04960366881477024,0.03685630247991721,0,0,0,0,0.13,-0.0524628342110906,-0.2734524563454944,walk forward,0.07696490919411711,3.562073613019444
55.06,-0.1691582962616253,-0.01311570855277265,-0.04960366881477024,0.03685630247991721,0,0,0,0,0.13,-0.0524628342110906,-0.2734524563454944,walk forward,0.07650381027807265,3.6416086431841252
55.08,-0.1691582962616253,-0.01311570855277265,-0.04960366881477024,0.03685630247991721,0,0,0,0,0.13,-0.0524628342110906,-0.2734524563454944,walk forward,0.07293796886641128,3.6838474829252625
55.1,-0.1691582962616253,-0.01311570855277265,-0.04960366881477024,0.03685630247991721,0,0,0,0,0.13,-0.0524628342110906,-0.2734524563454944,walk forward,0.08149403419289017,3.5321464013517825
55.12,-0.16622754388813446,-0.012121796215587281,-0.04752334362293553,0.035946317129377674,0,0,0,0,0.13,-0.048487184862349125,-0.2671886093888375,walk forward,0.09067249367694984,3.1703463975711648
55.14,-0.16622754388813446,-0.012121796215587281,-0.04752334362293553,0.035946317129377674,0,0,0,0,0.13,-0.048487184862349125,-0.2671886093888375,walk forward,0.09625291795475636,2.6327398658863106
55.16,-0.16622754388813446,-0.012121796215587281,-0.04752334362293553,0.035946317129377674,0,0,0,0,0.13,-0.048487184862349125,-0.2671886093888375,walk forward,0.09605512397461184,2.162081619475093
55.18,-0.16622754388813446,-0.012121796215587281,-0.04752334362293553,0.035946317129377674,0,0,0,0,0.13,-0.048487184862349125,-0.2671886093888375,walk forward,0.08592844450428223,2.405152129695065
55.2,-0.16622754388813446,-0.012121796215587281,-0.04752334362293553,0.035946317129377674,0,0,0,0,0.13,-0.048487184862349125,-0.2671886093888375,walk forward,0.07781486272112302,3.3125239867806937
55.22,-0.1633733097977287,-0.011166972194497748,-0.04550599531682792,0.03505879939719588,0,0,0,0,0.13,-0.044667888777990994,-0.2610991313931958,walk forward,0.09522585396855382,3.5066391768212957
55.24,-0.1633733097977287,-0.011166972194497748,-0.04550599531682792,0.03505879939719588,0,0,0,0,0.13,-0.044667888777990994,-0.2610991313931958,walk forward,0.11168912848298171,3.4869331653420224
55.26,-0.1633733097977287,-0.011166972194497748,-0.04550599531682792,0.03505879939719588,0,0,0,0,0.13,-0.044667888777990994,-0.2610991313931958,walk forward,0.12287791867744473,3.448997568702202
55.28,-0.1633733097977287,-0.011166972194497748,-0.04550599531682792,0.03505879939719588,0,0,0,0,0.13,-0.044667888777990994,-0.2610991313931958,walk forward,0.11040618298634146,3.3876953618193264
55.3,-0.1633733097977287,-0.011166972194497748,-0.04550599531682792,0.03505879939719588,0,0,0,0,0.13,-0.044667888777990994,-0.2610991313931958,walk forward,0.0811031253728218,3.6102851297357237
55.32,-0.16059316461584974,-0.010249811771782864,-0.04354961298321455,0.034193194555898074,0,0,0,0,0.13,-0.04099924708713146,-0.25517847199883037,walk forward,0.07558170161211453,4.002454283397851
55.34,-0.16059316461584974,-0.010249811771782864,-0.04354961298321455,0.034193194555898074,0,0,0,0,0.13,-0.04099924708713146,-0.25517847199883037,walk forward,0.07680906992653985,4.29427274726906
55.36,-0.16059316461584974,-0.010249811771782864,-0.04354961298321455,0.034193194555898074,0,0,0,0,0.13,-0.04099924708713146,-0.25517847199883037,walk forward,0.0874463111909652,4.366371052143261
55.38,-0.16059316461584974,-0.010249811771782864,-0.04354961298321455,0.034193194555898074,0,0,0,0,0.13,-0.04099924708713146,-0.25517847199883037,walk forward,0.08372811037203408,4.04881186990486
55.4,-0.16059316461584974,-0.010249811771782864,-0.04354961298321455,0.034193194555898074,0,0,0,0,0.13,-0.04099924708713146,-0.25517847199883037,walk forward,0.08748878029392843,3.3258337335449473
55.42,-0.15788476910054214,-0.009368946443040677,-0.0416522595444887,0.03334896157428061,0,0,0,0,0.13,-0.037475785772162706,-0.24942128580628856,walk forward,0.08805917114688205,2.324358003017801
55.44,-0.15788476910054214,-0.009368946443040677,-0.0416522595444887,0.03334896157428061,0,0,0,0,0.13,-0.037475785772162706,-0.24942128580628856,walk forward,0.08839429928706208,1.4899396027212468
55.46,-0.15788476910054214,-0.009368946443040677,-0.0416522595444887,0.03334896157428061,0,0,0,0,0.13,-0.037475785772162706,-0.24942128580628856,walk forward,0.08783868802292298,2.159730263287778
55.48,-0.15788476910054214,-0.009368946443040677,-0.0416522595444887,0.03334896157428061,0,0,0,0,0.13,-0.037475785772162706,-0.24942128580628856,walk forward,0.07072922831668847,2.82981073459637
55.5,-0.15788476910054214,-0.009368946443040677,-0.0416522595444887,0.03334896157428061,0,0,0,0,0.13,-0.037475785772162706,-0.24942128580628856,walk forward,0.050050118674014654,3.2350147314672433
55.52,-0.1552458702334084,-0.008523061352953061,-0.03981206856920064,0.03252557277924787,0,0,0,0,0.13,-0.034092245411812244,-0.2438224235032613,walk forward,0.053335814974924865,3.468588666804674
55.54,-0.1552458702334084,-0.008523061352953061,-0.03981206856920064,0.03252557277924787,0,0,0,0,0.13,-0.034092245411812244,-0.2438224235032613,walk forward,0.05951522126515095,3.6132269872772578
55.56,-0.1552458702334084,-0.008523061352953061,-0.03981206856920064,0.03252557277924787,0,0,0,0,0.13,-0.034092245411812244,-0.2438224235032613,walk forward,0.07100084697168196,3.7806283960917857
55.58,-0.1552458702334084,-0.008523061352953061,-0.03981206856920064,0.03252557277924787,0,0,0,0,0.13,-0.034092245411812244,-0.2438224235032613,walk forward,0.07559437144159223,3.9592831012699756
55.6,-0.1552458702334084,-0.008523061352953061,-0.03981206856920064,0.03252557277924787,0,0,0,0,0.13,-0.034092245411812244,-0.2438224235032613,walk forward,0.07536191562365274,4.1537906513830265
55.62,-0.15267429750625483,-0.007710892866434671,-0.03802724124237031,0.03172251352599937,0,0,0,0,0.13,-0.030843571465738684,-0.23837692343578143,walk forward,0.07840722166203992,4.2911703026954235
55.64,-0.15267429750625483,-0.007710892866434671,-0.03802724124237031,0.03172251352599937,0,0,0,0,0.13,-0.030843571465738684,-0.23837692343578143,walk forward,0.08752343865472974,4.244759493793721
55.66,-0.15267429750625483,-0.007710892866434671,-0.03802724124237031,0.03172251352599937,0,0,0,0,0.13,-0.030843571465738684,-0.23837692343578143,walk forward,0.0924302294272711,3.9778852939414735
55.68,-0.15267429750625483,-0.007710892866434671,-0.03802724124237031,0.03172251352599937,0,0,0,0,0.13,-0.030843571465738684,-0.23837692343578143,walk forward,0.10312415479003749,3.469785172918007
55.7,-0.15267429750625483,-0.007710892866434671,-0.03802724124237031,0.03172251352599937,0,0,0,0,0.13,-0.030843571465738684,-0.23837692343578143,walk forward,0.10446767010488867,2.7827650277017426
55.72,-0.15016795939237762,-0.0069312262671257854,-0.036296043486548524,0.030939281876360036,0,0,0,0,0.13,-0.027724905068503142,-0.2330800035986577,walk forward,0.09558109813264193,2.28263664062708
55.74,-0.15016795939237762,-0.0069312262671257854,-0.036296043486548524,0.030939281876360036,0,0,0,0,0.13,-0.027724905068503142,-0.2330800035986577,walk forward,0.09026937210073337,2.6180444690223883
55.76,-0.15016795939237762,-0.0069312262671257854,-0.036296043486548524,0.030939281876360036,0,0,0,0,0.13,-0.027724905068503142,-0.2330800035986577,walk forward,0.07054264665855911,3.507142381559625
55.78,-0.15016795939237762,-0.0069312262671257854,-0.036296043486548524,0.030939281876360036,0,0,0,0,0.13,-0.027724905068503142,-0.2330800035986577,walk forward,0.07282127366936911,3.638418674886363
55.8,-0.15016795939237762,-0.0069312262671257854,-0.036296043486548524,0.030939281876360036,0,0,0,0,0.13,-0.027724905068503142,-0.2330800035986577,walk forward,0.09111642929165283,3.6051501572557316
55.82,-0.14772483999212935,-0.0061828935757125,-0.034616803225156256,0.030175388285052493,0,0,0,0,0.13,-0.02473157430285,-0.227927054021607,walk forward,0.10998746205565332,3.521509598504406
55.84,-0.14772483999212935,-0.0061828935757125,-0.034616803225156256,0.030175388285052493,0,0,0,0,0.13,-0.02473157430285,-0.227927054021607,walk forward,0.10578757628715149,3.50798522557053
55.86,-0.14772483999212935,-0.0061828935757125,-0.034616803225156256,0.030175388285052493,0,0,0,0,0.13,-0.02473157430285,-0.227927054021607,walk forward,0.09389041903838444,3.684034056657354
55.88,-0.14772483999212935,-0.0061828935757125,-0.034616803225156256,0.030175388285052493,0,0,0,0,0.13,-0.02473157430285,-0.227927054021607,walk forward,0.08292466399485758,3.970980393229418
55.9,-0.14772483999212935,-0.0061828935757125,-0.034616803225156256,0.030175388285052493,0,0,0,0,0.13,-0.02473157430285,-0.227927054021607,walk forward,0.0764339052031022,4.147827040887985
55.92,-0.14534299584304586,-0.005464771481044718,-0.03298790778015806,0.029430355293715325,0,0,0,0,0.13,-0.021859085924178873,-0.2229136295290049,walk forward,0.07097612825782504,4.006983663164748
55.94,-0.14534299584304586,-0.005464771481044718,-0.03298790778015806,0.029430355293715325,0,0,0,0,0.13,-0.021859085924178873,-0.2229136295290049,walk forward,0.07728425188868414,3.5434065345362367
55.96,-0.14534299584304586,-0.005464771481044718,-0.03298790778015806,0.029430355293715325,0,0,0,0,0.13,-0.021859085924178873,-0.2229136295290049,walk forward,0.08081964655944635,2.726015249089666
55.98,-0.14534299584304586,-0.005464771481044718,-0.03298790778015806,0.029430355293715325,0,0,0,0,0.13,-0.021859085924178873,-0.2229136295290049,walk forward,0.08268720564562086,1.8639235721801157
56.0,-0.14534299584304586,-0.005464771481044718,-0.03298790778015806,0.029430355293715325,0,0,0,0,0.13,-0.021859085924178873,-0.2229136295290049,walk forward,0.08666752169112521,2.117402684132619
56.02,-0.1430205528854163,-0.00477577937747551,-0.03140780139661514,0.028703717232476066,0,0,0,0,0.13,-0.01910311750990204,-0.21803544285253929,walk forward,0.03855908953219802,2.8002415034892114
56.04,-0.1430205528854163,-0.00477577937747551,-0.03140780139661514,0.028703717232476066,0,0,0,0,0.13,-0.01910311750990204,-0.21803544285253929,walk forward,0.03527098406593282,3.0864238983961307
56.06,-0.1430205528854163,-0.00477577937747551,-0.03140780139661514,0.028703717232476066,0,0,0,0,0.13,-0.01910311750990204,-0.21803544285253929,walk forward,0.038308942062767394,3.2340693581194397
56.08,-0.1430205528854163,-0.00477577937747551,-0.03140780139661514,0.028703717232476066,0,0,0,0,0.13,-0.01910311750990204,-0.21803544285253929,walk forward,0.05789068000071121,3.3475949697844993
56.1,-0.1430205528854163,-0.00477577937747551,-0.03140780139661514,0.028703717232476066,0,0,0,0,0.13,-0.01910311750990204,-0.21803544285253929,walk forward,0.07248245036072595,3.410275759702032
56.12,-0.14075570357473507,-0.004114877502266356,-0.02987498288712087,0.02799501992889237,0,0,0,0,0.13,-0.016459510009065426,-0.21328835807731994,walk forward,0.07307006461983456,3.5280418827836018
56.14,-0.14075570357473507,-0.004114877502266356,-0.02987498288712087,0.02799501992889237,0,0,0,0,0.13,-0.016459510009065426,-0.21328835807731994,walk forward,0.07603202259438074,3.706156817294123
56.16,-0.14075570357473507,-0.004114877502266356,-0.02987498288712087,0.02799501992889237,0,0,0,0,0.13,-0.016459510009065426,-0.21328835807731994,walk forward,0.07560915864446506,3.852299719018158
56.18,-0.14075570357473507,-0.004114877502266356,-0.02987498288712087,0.02799501992889237,0,0,0,0,0.13,-0.016459510009065426,-0.21328835807731994,walk forward,0.07113887631599522,3.9145032244574014
56.2,-0.14075570357473507,-0.004114877502266356,-0.02987498288712087,0.02799501992889237,0,0,0,0,0.13,-0.016459510009065426,-0.21328835807731994,walk forward,0.08355365138579875,3.742403846335015
56.22,-0.13854670413299752,-0.0034810651672950894,-0.028388003389548194,0.027303820424079434,0,0,0,0,0.13,-0.013924260669180358,-0.20866838440318214,walk forward,0.09705082975186458,3.3106684204015027
56.24,-0.13854670413299752,-0.0034810651672950894,-0.028388003389548194,0.027303820424079434,0,0,0,0,0.13,-0.013924260669180358,-0.20866838440318214,walk forward,0.09974465473912558,2.725602637133359
56.26,-0.13854670413299752,-0.0034810651672950894,-0.028388003389548194,0.027303820424079434,0,0,0,0,0.13,-0.013924260669180358,-0.20866838440318214,walk forward,0.09665778349639344,2.311002884061628
56.28,-0.13854670413299752,-0.0034810651672950894,-0.028388003389548194,0.027303820424079434,0,0,0,0,0.13,-0.013924260669180358,-0.20866838440318214,walk forward,0.08916999533468731,2.6994376189844917
56.3,-0.13854670413299752,-0.0034810651672950894,-0.028388003389548194,0.027303820424079434,0,0,0,0,0.13,-0.013924260669180358,-0.20866838440318214,walk forward,0.09203830797406197,3.4775819745678422
56.32,-0.13639187193128743,-0.0028733790796682153,-0.02694546423193636,0.026629686695846304,0,0,0,0,0.13,-0.011493516318672861,-0.20417167020402974,walk forward,0.09601819280165245,3.666225461298747
56.34,-0.13639187193128743,-0.0028733790796682153,-0.02694546423193636,0.026629686695846304,0,0,0,0,0.13,-0.011493516318672861,-0.20417167020402974,walk forward,0.10253588907124837,3.7588141291656965
56.36,-0.13639187193128743,-0.0028733790796682153,-0.02694546423193636,0.026629686695846304,0,0,0,0,0.13,-0.011493516318672861,-0.20417167020402974,walk forward,0.1125976080697782,3.831719121299866
56.38,-0.13639187193128743,-0.0028733790796682153,-0.02694546423193636,0.026629686695846304,0,0,0,0,0.13,-0.011493516318672861,-0.20417167020402974,walk forward,0.100302675556712,3.948635763736284
56.4,-0.13639187193128743,-0.0028733790796682153,-0.02694546423193636,0.026629686695846304,0,0,0,0,0.13,-0.011493516318672861,-0.20417167020402974,walk forward,0.0912092372763926,4.229533782018428
56.42,-0.13428958299655994,-0.0022908917461793507,-0.02554601489871644,0.02597219738866792,0,0,0,0,0.13,-0.009163566984717403,-0.19979449736909546,walk forward,0.08605781280255165,4.627794150134408
56.44,-0.13428958299655994,-0.0022908917461793507,-0.02554601489871644,0.02597219738866792,0,0,0,0,0.13,-0.009163566984717403,-0.19979449736909546,walk forward,0.08588489830535818,4.886497701274058
56.46,-0.13428958299655994,-0.0022908917461793507,-0.02554601489871644,0.02597219738866792,0,0,0,0,0.13,-0.009163566984717403,-0.19979449736909546,walk forward,0.0874337687050865,4.7692040375703435
56.48,-0.13428958299655994,-0.0022908917461793507,-0.02554601489871644,0.02597219738866792,0,0,0,0,0.13,-0.009163566984717403,-0.19979449736909546,walk forward,0.0910795341500556,4.17862796830533
56.5,-0.13428958299655994,-0.0022908917461793507,-0.02554601489871644,0.02597219738866792,0,0,0,0,0.13,-0.009163566984717403,-0.19979449736909546,walk forward,0.09151418725207258,3.134035318160785
56.52,-0.13223826963594723,-0.001732709956872032,-0.02418835109282272,0.0253309415503242,0,0,0,0,0.13,-0.006930839827488128,-0.19553327591096242,walk forward,0.09245356447392802,1.8873566505494983
56.54,-0.13223826963594723,-0.001732709956872032,-0.02418835109282272,0.0253309415503242,0,0,0,0,0.13,-0.006930839827488128,-0.19553327591096242,walk forward,0.09205753686466299,1.565452923857894
56.56,-0.13223826963594723,-0.001732709956872032,-0.02418835109282272,0.0253309415503242,0,0,0,0,0.13,-0.006930839827488128,-0.19553327591096242,walk forward,0.08439853335008801,2.44627382877537
56.58,-0.13223826963594723,-0.001732709956872032,-0.02418835109282272,0.0253309415503242,0,0,0,0,0.13,-0.006930839827488128,-0.19553327591096242,walk forward,0.04881011627991816,2.7756062782816424
56.6,-0.13223826963594723,-0.001732709956872032,-0.02418835109282272,0.0253309415503242,0,0,0,0,0.13,-0.006930839827488128,-0.19553327591096242,walk forward,0.05206026829346114,3.057803289564535
56.62,-0.13023641817231257,-0.001197973343260779,-0.022871212888561476,0.02470551837504153,0,0,0,0,0.13,-0.004791893373043116,-0.19138453882609258,walk forward,0.0630956335059544,3.318231157067929
56.64,-0.13023641817231257,-0.001197973343260779,-0.022871212888561476,0.02470551837504153,0,0,0,0,0.13,-0.004791893373043116,-0.19138453882609258,walk forward,0.07450455283929192,3.5391917832875905
56.66,-0.13023641817231257,-0.001197973343260779,-0.022871212888561476,0.02470551837504153,0,0,0,0,0.13,-0.004791893373043116,-0.19138453882609258,walk forward,0.08470243861541428,3.7654314892951732
56.68,-0.13023641817231257,-0.001197973343260779,-0.022871212888561476,0.02470551837504153,0,0,0,0,0.13,-0.004791893373043116,-0.19138453882609258,walk forward,0.08759810517773864,4.00382678078262
56.7,-0.13023641817231257,-0.001197973343260779,-0.022871212888561476,0.02470551837504153,0,0,0,0,0.13,-0.004791893373043116,-0.19138453882609258,walk forward,0.08864879778198703,4.244561202982663
56.72,-0.12828256678514852,-0.0006858530070393033,-0.02159338297041291,0.02409553695297611,0,0,0,0,0.13,-0.0027434120281572133,-0.18734493719445178,walk forward,0.09212213694523867,4.4430937512835715
56.74,-0.12828256678514852,-0.0006858530070393033,-0.02159338297041291,0.02409553695297611,0,0,0,0,0.13,-0.0027434120281572133,-0.18734493719445178,walk forward,0.09729388483988607,4.414205163806796
56.76,-0.12828256678514852,-0.0006858530070393033,-0.02159338297041291,0.02409553695297611,0,0,0,0,0.13,-0.0027434120281572133,-0.18734493719445178,walk forward,0.10431936155513157,4.15882761556694
56.78,-0.12828256678514852,-0.0006858530070393033,-0.02159338297041291,0.02409553695297611,0,0,0,0,0.13,-0.0027434120281572133,-0.18734493719445178,walk forward,0.10561688398698406,3.7086511599402745
56.8,-0.12828256678514852,-0.0006858530070393033,-0.02159338297041291,0.02409553695297611,0,0,0,0,0.13,-0.0027434120281572133,-0.18734493719445178,walk forward,0.09705177685348385,3.1970484711466964
56.82,-0.126375303451264,-0.00019555021536183173,-0.02035368495322548,0.023500616025882565,0,0,0,0,0.13,-0.0007822008614473269,-0.18341123550561184,walk forward,0.09361716449820602,2.934403628077249
56.84,-0.126375303451264,-0.00019555021536183173,-0.02035368495322548,0.023500616025882565,0,0,0,0,0.13,-0.0007822008614473269,-0.18341123550561184,walk forward,0.08473752935520233,3.4370496450078685
56.86,-0.126375303451264,-0.00019555021536183173,-0.02035368495322548,0.023500616025882565,0,0,0,0,0.13,-0.0007822008614473269,-0.18341123550561184,walk forward,0.08969557082959584,3.896403037595544
56.88,-0.126375303451264,-0.00019555021536183173,-0.02035368495322548,0.023500616025882565,0,0,0,0,0.13,-0.0007822008614473269,-0.18341123550561184,walk forward,0.09516929763357575,4.055416479234329
56.9,-0.126375303451264,-0.00019555021536183173,-0.02035368495322548,0.023500616025882565,0,0,0,0,0.13,-0.0007822008614473269,-0.18341123550561184,walk forward,0.10738839672919241,4.1034398871864735
56.92,-0.12451326398002804,0.0002737048409769023,-0.01915098177952826,0.022920383748815148,0,0,0,0,0.13,0.0010948193639076093,-0.17958030719944537,walk forward,0.10695238354243708,4.177679403990847
56.94,-0.12451326398002804,0.0002737048409769023,-0.01915098177952826,0.022920383748815148,0,0,0,0,0.13,0.0010948193639076093,-0.17958030719944537,walk forward,0.09403974610691936,4.392517448729011
56.96,-0.12451326398002804,0.0002737048409769023,-0.01915098177952826,0.022920383748815148,0,0,0,0,0.13,0.0010948193639076093,-0.17958030719944537,walk forward,0.07815321592420144,4.727613660745106
56.98,-0.12451326398002804,0.0002737048409769023,-0.01915098177952826,0.022920383748815148,0,0,0,0,0.13,0.0010948193639076093,-0.17958030719944537,walk forward,0.07730339293994717,5.046315773127361
57.0,-0.12451326398002804,0.0002737048409769023,-0.01915098177952826,0.022920383748815148,0,0,0,0,0.13,0.0010948193639076093,-0.17958030719944537,walk forward,0.07230010434695817,5.08298906487409
57.02,-0.12269513013824407,0.0007226542299135323,-0.017984174189935476,0.022354477457712525,0,0,0,0,0.13,0.0028906169196541293,-0.17584913041022443,walk forward,0.07747626392691982,4.66754171404553
57.04,-0.12269513013824407,0.0007226542299135323,-0.017984174189935476,0.022354477457712525,0,0,0,0,0.13,0.0028906169196541293,-0.17584913041022443,walk forward,0.08252798865119075,3.8385997185255842
57.06,-0.12269513013824407,0.0007226542299135323,-0.017984174189935476,0.022354477457712525,0,0,0,0,0.13,0.0028906169196541293,-0.17584913041022443,walk forward,0.08780498523649717,2.758239027512659
57.08,-0.12269513013824407,0.0007226542299135323,-0.017984174189935476,0.022354477457712525,0,0,0,0,0.13,0.0028906169196541293,-0.17584913041022443,walk forward,0.08927466326623883,1.8144261204973395
57.1,-0.12269513013824407,0.0007226542299135323,-0.017984174189935476,0.022354477457712525,0,0,0,0,0.13,0.0028906169196541293,-0.17584913041022443,walk forward,0.08550918075959066,2.1051328280654613
57.12,-0.1209196278600121,0.001152013404281397,-0.016852199262850587,0.021802543442720947,0,0,0,0,0.13,0.004608053617125588,-0.17221478390357836,walk forward,0.06859013678579087,2.5799696520844786
57.14,-0.1209196278600121,0.001152013404281397,-0.016852199262850587,0.021802543442720947,0,0,0,0,0.13,0.004608053617125588,-0.17221478390357836,walk forward,0.05147310210527428,2.7877063825435253
57.16,-0.1209196278600121,0.001152013404281397,-0.016852199262850587,0.021802543442720947,0,0,0,0,0.13,0.004608053617125588,-0.17221478390357836,walk forward,0.05777355062060338,2.9456536850493724
57.18,-0.1209196278600121,0.001152013404281397,-0.016852199262850587,0.021802543442720947,0,0,0,0,0.13,0.004608053617125588,-0.17221478390357836,walk forward,0.07357488038407281,3.1025114935216926
57.2,-0.1209196278600121,0.001152013404281397,-0.016852199262850587,0.021802543442720947,0,0,0,0,0.13,0.004608053617125588,-0.17221478390357836,walk forward,0.07454404610056742,3.319082426788733
57.22,-0.11918552553720482,0.001562472274815551,-0.015754029019895532,0.021264236727114066,0,0,0,0,0.13,0.006249889099262204,-0.16867444319637545,walk forward,0.0731165034445437,3.594434658917499
57.24,-0.11918552553720482,0.001562472274815551,-0.015754029019895532,0.021264236727114066,0,0,0,0,0.13,0.006249889099262204,-0.16867444319637545,walk forward,0.07338906221266904,3.863126942724757
57.26,-0.11918552553720482,0.001562472274815551,-0.015754029019895532,0.021264236727114066,0,0,0,0,0.13,0.006249889099262204,-0.16867444319637545,walk forward,0.07761966081447824,4.0463457803651535
57.28,-0.11918552553720482,0.001562472274815551,-0.015754029019895532,0.021264236727114066,0,0,0,0,0.13,0.006249889099262204,-0.16867444319637545,walk forward,0.08862508771867787,3.9783903240576994
57.3,-0.11918552553720482,0.001562472274815551,-0.015754029019895532,0.021264236727114066,0,0,0,0,0.13,0.006249889099262204,-0.16867444319637545,walk forward,0.09332705312279965,3.6690900777142716
57.32,-0.1174916323864317,0.0019546962328612083,-0.014688669093695789,0.02073922085167126,0,0,0,0,0.13,0.007818784931444833,-0.16522537685015937,walk forward,0.09703642083155652,3.1398361740493113
57.34,-0.1174916323864317,0.0019546962328612083,-0.014688669093695789,0.02073922085167126,0,0,0,0,0.13,0.007818784931444833,-0.16522537685015937,walk forward,0.09358294728068126,2.456235571702659
57.36,-0.1174916323864317,0.0019546962328612083,-0.014688669093695789,0.02073922085167126,0,0,0,0,0.13,0.007818784931444833,-0.16522537685015937,walk forward,0.08946059869020992,2.044745032493895
57.38,-0.1174916323864317,0.0019546962328612083,-0.014688669093695789,0.02073922085167126,0,0,0,0,0.13,0.007818784931444833,-0.16522537685015937,walk forward,0.08635229313582465,2.6079851433022943
57.4,-0.1174916323864317,0.0019546962328612083,-0.014688669093695789,0.02073922085167126,0,0,0,0,0.13,0.007818784931444833,-0.16522537685015937,walk forward,0.09779881214009617,2.9483015297636306
57.42,-0.11583679688860166,0.0023293271254786196,-0.013655157454842776,0.02022716766437966,0,0,0,0,0.13,0.009317308501914479,-0.16186494292930553,walk forward,0.12689060670467975,2.9205174506512996
57.44,-0.11583679688860166,0.0023293271254786196,-0.013655157454842776,0.02022716766437966,0,0,0,0,0.13,0.009317308501914479,-0.16186494292930553,walk forward,0.141094353021046,2.7544390309431264
57.46,-0.11583679688860166,0.0023293271254786196,-0.013655157454842776,0.02022716766437966,0,0,0,0,0.13,0.009317308501914479,-0.16186494292930553,walk forward,0.11247716239406655,2.6798172193215404
57.48,-0.11583679688860166,0.0023293271254786196,-0.013655157454842776,0.02022716766437966,0,0,0,0,0.13,0.009317308501914479,-0.16186494292930553,walk forward,0.077666321675849,2.8973542996690624
57.5,-0.11583679688860166,0.0023293271254786196,-0.013655157454842776,0.02022716766437966,0,0,0,0,0.13,0.009317308501914479,-0.16186494292930553,walk forward,0.051057854467398876,3.3493232222985614
57.52,-0.11421990529741359,0.0026869841854778066,-0.012652563195036298,0.01972775711532846,0,0,0,0,0.13,0.010747936741911226,-0.15859058561556233,walk forward,0.071405590371093,3.642890618192453
57.54,-0.11421990529741359,0.0026869841854778066,-0.012652563195036298,0.01972775711532846,0,0,0,0,0.13,0.010747936741911226,-0.15859058561556233,walk forward,0.08099171746579793,3.572567350934966
57.56,-0.11421990529741359,0.0026869841854778066,-0.012652563195036298,0.01972775711532846,0,0,0,0,0.13,0.010747936741911226,-0.15859058561556233,walk forward,0.08582410583698998,3.019812226199815
57.58,-0.11421990529741359,0.0026869841854778066,-0.012652563195036298,0.01972775711532846,0,0,0,0,0.13,0.010747936741911226,-0.15859058561556233,walk forward,0.0821054419396924,2.0666449970882903
57.6,-0.11421990529741359,0.0026869841854778066,-0.012652563195036298,0.01972775711532846,0,0,0,0,0.13,0.010747936741911226,-0.15859058561556233,walk forward,0.08106877089270385,0.9215276807625331
57.62,-0.11263988021331132,0.0030282649187671276,-0.01167998536357756,0.019240677056667314,0,0,0,0,0.13,0.01211305967506851,-0.1553998319711111,walk forward,0.08192875623057662,1.232319179830066
57.64,-0.11263988021331132,0.0030282649187671276,-0.01167998536357756,0.019240677056667314,0,0,0,0,0.13,0.01211305967506851,-0.1553998319711111,walk forward,0.0714480486069434,2.2201164121802996
57.66,-0.11263988021331132,0.0030282649187671276,-0.01167998536357756,0.019240677056667314,0,0,0,0,0.13,0.01211305967506851,-0.1553998319711111,walk forward,0.05400459954744324,2.5301918241898194
57.68,-0.11263988021331132,0.0030282649187671276,-0.01167998536357756,0.019240677056667314,0,0,0,0,0.13,0.01211305967506851,-0.1553998319711111,walk forward,0.05862859999272083,2.791789993057397
57.7,-0.11263988021331132,0.0030282649187671276,-0.01167998536357756,0.019240677056667314,0,0,0,0,0.13,0.01211305967506851,-0.1553998319711111,walk forward,0.07703294216805524,3.020246666836858
57.72,-0.1110956792196324,0.003353745951259906,-0.010736551854542309,0.018765623047503757,0,0,0,0,0.13,0.013414983805039624,-0.1522902888427184,walk forward,0.07655874081011071,3.2029677229087645
57.74,-0.1110956792196324,0.003353745951259906,-0.010736551854542309,0.018765623047503757,0,0,0,0,0.13,0.013414983805039624,-0.1522902888427184,walk forward,0.07923387719753529,3.43079210604862
57.76,-0.1110956792196324,0.003353745951259906,-0.010736551854542309,0.018765623047503757,0,0,0,0,0.13,0.013414983805039624,-0.1522902888427184,walk forward,0.08333968124024418,3.7395524953253765
57.78,-0.1110956792196324,0.003353745951259906,-0.010736551854542309,0.018765623047503757,0,0,0,0,0.13,0.013414983805039624,-0.1522902888427184,walk forward,0.07868956880597042,4.039158592888646
57.8,-0.1110956792196324,0.003353745951259906,-0.010736551854542309,0.018765623047503757,0,0,0,0,0.13,0.013414983805039624,-0.1522902888427184,walk forward,0.07977792737043675,4.23593760349145
57.82,-0.10958629357786258,0.003663983837452353,-0.009821418342111754,0.01830229816361774,0,0,0,0,0.13,0.014655935349809412,-0.1492596398999679,walk forward,0.0891056359769776,4.169080676655505
57.84,-0.10958629357786258,0.003663983837452353,-0.009821418342111754,0.01830229816361774,0,0,0,0,0.13,0.014655935349809412,-0.1492596398999679,walk forward,0.09707097119835288,3.8384050149339886
57.86,-0.10958629357786258,0.003663983837452353,-0.009821418342111754,0.01830229816361774,0,0,0,0,0.13,0.014655935349809412,-0.1492596398999679,walk forward,0.09847358566501412,3.2979441054606218
57.88,-0.10958629357786258,0.003663983837452353,-0.009821418342111754,0.01830229816361774,0,0,0,0,0.13,0.014655935349809412,-0.1492596398999679,walk forward,0.09652965680210264,2.6792437062647982
57.9,-0.10958629357786258,0.003663983837452353,-0.009821418342111754,0.01830229816361774,0,0,0,0,0.13,0.014655935349809412,-0.1492596398999679,walk forward,0.08889031463590283,2.461491097328399
57.92,-0.1081107469790787,0.00395951583266347,-0.008933767261679493,0.01785041281187433,0,0,0,0,0.13,0.01583806333065388,-0.14630564280094774,walk forward,0.0855217531568278,3.0912012982065633
57.94,-0.1081107469790787,0.00395951583266347,-0.008933767261679493,0.01785041281187433,0,0,0,0,0.13,0.01583806333065388,-0.14630564280094774,walk forward,0.10515451843702023,3.462363828019887
57.96,-0.1081107469790787,0.00395951583266347,-0.008933767261679493,0.01785041281187433,0,0,0,0,0.13,0.01583806333065388,-0.14630564280094774,walk forward,0.11754633745996683,3.5865922601427003
57.98,-0.1081107469790787,0.00395951583266347,-0.008933767261679493,0.01785041281187433,0,0,0,0,0.13,0.01583806333065388,-0.14630564280094774,walk forward,0.127818102774841,3.7096019648602034
58.0,-0.1081107469790787,0.00395951583266347,-0.008933767261679493,0.01785041281187433,0,0,0,0,0.13,0.01583806333065388,-0.14630564280094774,walk forward,0.11189074860391203,3.8813564360194435
58.02,-0.10666809434882253,0.004240860630812597,-0.008072806834483096,0.017409684549218575,0,0,0,0,0.13,0.01696344252325039,-0.14342612647913203,walk forward,0.10066360001695651,4.172594293359439
58.04,-0.10666809434882253,0.004240860630812597,-0.008072806834483096,0.017409684549218575,0,0,0,0,0.13,0.01696344252325039,-0.14342612647913203,walk forward,0.09301341745417076,4.5502513076309254
58.06,-0.10666809434882253,0.004240860630812597,-0.008072806834483096,0.017409684549218575,0,0,0,0,0.13,0.01696344252325039,-0.14342612647913203,walk forward,0.09110803079102446,4.769457269637135
58.08,-0.10666809434882253,0.004240860630812597,-0.008072806834483096,0.017409684549218575,0,0,0,0,0.13,0.01696344252325039,-0.14342612647913203,walk forward,0.09084713170634438,4.616045396725068
58.1,-0.10666809434882253,0.004240860630812597,-0.008072806834483096,0.017409684549218575,0,0,0,0,0.13,0.01696344252325039,-0.14342612647913203,walk forward,0.09361577120501786,4.012638165597435
58.12,-0.10525742070279964,0.004508519069502727,-0.007237770133632762,0.01697983790613939,0,0,0,0,0.13,0.01803407627801091,-0.1406189885455405,walk forward,0.09106794609737857,3.0134604174276545
58.14,-0.10525742070279964,0.004508519069502727,-0.007237770133632762,0.01697983790613939,0,0,0,0,0.13,0.01803407627801091,-0.1406189885455405,walk forward,0.09022744441113721,1.7752563370002952
58.16,-0.10525742070279964,0.004508519069502727,-0.007237770133632762,0.01697983790613939,0,0,0,0,0.13,0.01803407627801091,-0.1406189885455405,walk forward,0.09520185836035859,0.9933042777878502
58.18,-0.10525742070279964,0.004508519069502727,-0.007237770133632762,0.01697983790613939,0,0,0,0,0.13,0.01803407627801091,-0.1406189885455405,walk forward,0.09702001675789806,1.9608277553287843
58.2,-0.10525742070279964,0.004508519069502727,-0.007237770133632762,0.01697983790613939,0,0,0,0,0.13,0.01803407627801091,-0.1406189885455405,walk forward,0.06746969312453141,2.303741963931285
58.22,-0.10387784005093875,0.004762974804076548,-0.006427914189525194,0.016560604214492156,0,0,0,0,0.13,0.019051899216306192,-0.13788219280057992,walk forward,0.05926542421589266,2.4429586835686394
58.24,-0.10387784005093875,0.004762974804076548,-0.006427914189525194,0.016560604214492156,0,0,0,0,0.13,0.019051899216306192,-0.13788219280057992,walk forward,0.0690656910135782,2.585007438338756
58.26,-0.10387784005093875,0.004762974804076548,-0.006427914189525194,0.016560604214492156,0,0,0,0,0.13,0.019051899216306192,-0.13788219280057992,walk forward,0.08444139122140265,2.7356503341065506
58.28,-0.10387784005093875,0.004762974804076548,-0.006427914189525194,0.016560604214492156,0,0,0,0,0.13,0.019051899216306192,-0.13788219280057992,walk forward,0.08681415027282348,2.9466506552880016
58.3,-0.10387784005093875,0.004762974804076548,-0.006427914189525194,0.016560604214492156,0,0,0,0,0.13,0.019051899216306192,-0.13788219280057992,walk forward,0.08744890699019864,3.2278697622725434
58.32,-0.1025284943474802,0.005004694952217616,-0.005642519132740151,0.01615172143957238,0,0,0,0,0.13,0.020018779808870464,-0.13521376685027542,walk forward,0.08624261279583421,3.5052713812657865
58.34,-0.1025284943474802,0.005004694952217616,-0.005642519132740151,0.01615172143957238,0,0,0,0,0.13,0.020018779808870464,-0.13521376685027542,walk forward,0.08479858637640054,3.6732656137438373
58.36,-0.1025284943474802,0.005004694952217616,-0.005642519132740151,0.01615172143957238,0,0,0,0,0.13,0.020018779808870464,-0.13521376685027542,walk forward,0.09995829005864763,3.5665345384150493
58.38,-0.1025284943474802,0.005004694952217616,-0.005642519132740151,0.01615172143957238,0,0,0,0,0.13,0.020018779808870464,-0.13521376685027542,walk forward,0.10395552520833451,3.1782425910952856
58.4,-0.1025284943474802,0.005004694952217616,-0.005642519132740151,0.01615172143957238,0,0,0,0,0.13,0.020018779808870464,-0.13521376685027542,walk forward,0.1069719803747039,2.5902281394597426
58.42,-0.10120855248488825,0.005234130710580074,-0.004880887372619505,0.01575293401633547,0,0,0,0,0.13,0.020936522842320296,-0.1326117998218847,walk forward,0.09577240771145991,2.1471129585702924
58.44,-0.10120855248488825,0.005234130710580074,-0.004880887372619505,0.01575293401633547,0,0,0,0,0.13,0.020936522842320296,-0.1326117998218847,walk forward,0.0940927615937954,2.5485865292256853
58.46,-0.10120855248488825,0.005234130710580074,-0.004880887372619505,0.01575293401633547,0,0,0,0,0.13,0.020936522842320296,-0.1326117998218847,walk forward,0.09797473820510398,3.2915411058384243
58.48,-0.10120855248488825,0.005234130710580074,-0.004880887372619505,0.01575293401633547,0,0,0,0,0.13,0.020936522842320296,-0.1326117998218847,walk forward,0.10928991444662099,3.3634936533800324
58.5,-0.10120855248488825,0.005234130710580074,-0.004880887372619505,0.01575293401633547,0,0,0,0,0.13,0.020936522842320296,-0.1326117998218847,walk forward,0.1268740290065091,3.351947569338882
58.52,-0.09991720932949934,0.005451717944847008,-0.004142342809825186,0.015363992689660277,0,0,0,0,0.13,0.021806871779388032,-0.13007444017415565,walk forward,0.11669969037616607,3.396141992300076
58.54,-0.09991720932949934,0.005451717944847008,-0.004142342809825186,0.015363992689660277,0,0,0,0,0.13,0.021806871779388032,-0.13007444017415565,walk forward,0.1029160758479411,3.606105978548115
58.56,-0.09991720932949934,0.005451717944847008,-0.004142342809825186,0.015363992689660277,0,0,0,0,0.13,0.021806871779388032,-0.13007444017415565,walk forward,0.0883540647869657,4.005309733800012
58.58,-0.09991720932949934,0.005451717944847008,-0.004142342809825186,0.015363992689660277,0,0,0,0,0.13,0.021806871779388032,-0.13007444017415565,walk forward,0.07692699673253525,4.382772745927919
58.6,-0.09991720932949934,0.005451717944847008,-0.004142342809825186,0.015363992689660277,0,0,0,0,0.13,0.021806871779388032,-0.13007444017415565,walk forward,0.08133329753494019,4.562714816430309
58.62,-0.09865368479692953,0.0056578777545391815,-0.0034262300812632207,0.01498465435855651,0,0,0,0,0.13,0.022631511018156726,-0.12759989359774093,walk forward,0.08411212281588575,4.4023255361276625
58.64,-0.09865368479692953,0.0056578777545391815,-0.0034262300812632207,0.01498465435855651,0,0,0,0,0.13,0.022631511018156726,-0.12759989359774093,walk forward,0.0897591303624699,3.815724112909769
58.66,-0.09865368479692953,0.0056578777545391815,-0.0034262300812632207,0.01498465435855651,0,0,0,0,0.13,0.022631511018156726,-0.12759989359774093,walk forward,0.09141486806559249,2.764218621640152
58.68,-0.09865368479692953,0.0056578777545391815,-0.0034262300812632207,0.01498465435855651,0,0,0,0,0.13,0.022631511018156726,-0.12759989359774093,walk forward,0.08604690300148575,1.4481845429401665
58.7,-0.09865368479692953,0.0056578777545391815,-0.0034262300812632207,0.01498465435855651,0,0,0,0,0.13,0.022631511018156726,-0.12759989359774093,walk forward,0.09471488534556066,1.263662684494258
58.72,-0.09741722296536984,0.00585301701382236,-0.002731913835846922,0.01461468192421872,0,0,0,0,0.13,0.02341206805528944,-0.12518642100152094,walk forward,0.08779226901264087,2.232023852244824
58.74,-0.09741722296536984,0.00585301701382236,-0.002731913835846922,0.01461468192421872,0,0,0,0,0.13,0.02341206805528944,-0.12518642100152094,walk forward,0.06255559645186995,2.4977162165250713
58.76,-0.09741722296536984,0.00585301701382236,-0.002731913835846922,0.01461468192421872,0,0,0,0,0.13,0.02341206805528944,-0.12518642100152094,walk forward,0.059122790622342714,2.644263234550543
58.78,-0.09741722296536984,0.00585301701382236,-0.002731913835846922,0.01461468192421872,0,0,0,0,0.13,0.02341206805528944,-0.12518642100152094,walk forward,0.06802883431736388,2.7268335957214225
58.8,-0.09741722296536984,0.00585301701382236,-0.002731913835846922,0.01461468192421872,0,0,0,0,0.13,0.02341206805528944,-0.12518642100152094,walk forward,0.07643177699168667,2.8649196650392654
58.82,-0.09620709122499553,0.006037528889492371,-0.0020587780396525007,0.014253844141831822,0,0,0,0,0.13,0.024150115557969483,-0.12283233658081004,walk forward,0.08319503978052498,3.079383246106386
58.84,-0.09620709122499553,0.006037528889492371,-0.0020587780396525007,0.014253844141831822,0,0,0,0,0.13,0.024150115557969483,-0.12283233658081004,walk forward,0.07800016822490775,3.3553625122092763
58.86,-0.09620709122499553,0.006037528889492371,-0.0020587780396525007,0.014253844141831822,0,0,0,0,0.13,0.024150115557969483,-0.12283233658081004,walk forward,0.07516034530165243,3.648641956137924
58.88,-0.09620709122499553,0.006037528889492371,-0.0020587780396525007,0.014253844141831822,0,0,0,0,0.13,0.024150115557969483,-0.12283233658081004,walk forward,0.0785310933028165,3.8317957313853834
58.9,-0.09620709122499553,0.006037528889492371,-0.0020587780396525007,0.014253844141831822,0,0,0,0,0.13,0.024150115557969483,-0.12283233658081004,walk forward,0.08948870161485162,3.722410866425754
58.92,-0.09502257946180905,0.006211793337252081,-0.0014062253090964677,0.013901915476035559,0,0,0,0,0.13,0.024847173349008322,-0.1205360059636319,walk forward,0.09856753767467359,3.3106759373719727
58.94,-0.09502257946180905,0.006211793337252081,-0.0014062253090964677,0.013901915476035559,0,0,0,0,0.13,0.024847173349008322,-0.1205360059636319,walk forward,0.10183562004562653,2.670621990452219
58.96,-0.09502257946180905,0.006211793337252081,-0.0014062253090964677,0.013901915476035559,0,0,0,0,0.13,0.024847173349008322,-0.1205360059636319,walk forward,0.09855720322795901,2.215203117763552
58.98,-0.09502257946180905,0.006211793337252081,-0.0014062253090964677,0.013901915476035559,0,0,0,0,0.13,0.024847173349008322,-0.1205360059636319,walk forward,0.09385250914884395,2.6193798187109603
59.0,-0.09502257946180905,0.006211793337252081,-0.0014062253090964677,0.013901915476035559,0,0,0,0,0.13,0.024847173349008322,-0.1205360059636319,walk forward,0.09928446534153525,3.197515757995928
59.02,-0.09386299927432408,0.006376177577333497,-0.0007736762708358963,0.013558675959957557,0,0,0,0,0.13,0.02550471030933399,-0.11829584443144997,walk forward,0.11302195538083036,3.194436974113378
59.04,-0.09386299927432408,0.006376177577333497,-0.0007736762708358963,0.013558675959957557,0,0,0,0,0.13,0.02550471030933399,-0.11829584443144997,walk forward,0.1215620280675531,3.139272325470699
59.06,-0.09386299927432408,0.006376177577333497,-0.0007736762708358963,0.013558675959957557,0,0,0,0,0.13,0.02550471030933399,-0.11829584443144997,walk forward,0.11026198622556874,3.2129057985779212
59.08,-0.09386299927432408,0.006376177577333497,-0.0007736762708358963,0.013558675959957557,0,0,0,0,0.13,0.02550471030933399,-0.11829584443144997,walk forward,0.09818078915622255,3.49870167672534
59.1,-0.09386299927432408,0.006376177577333497,-0.0007736762708358963,0.013558675959957557,0,0,0,0,0.13,0.02550471030933399,-0.11829584443144997,walk forward,0.08763470006876592,3.8492779663211945
59.12,-0.09272768322157984,0.006531036550460768,-0.00016056894715994752,0.013223911057726873,0,0,0,0,0.13,0.02612414620184307,-0.11611031521092474,walk forward,0.08354828119133954,4.139616432111842
59.14,-0.09272768322157984,0.006531036550460768,-0.00016056894715994752,0.013223911057726873,0,0,0,0,0.13,0.02612414620184307,-0.11611031521092474,walk forward,0.08080689601301572,4.117612385289274
59.16,-0.09272768322157984,0.006531036550460768,-0.00016056894715994752,0.013223911057726873,0,0,0,0,0.13,0.02612414620184307,-0.11611031521092474,walk forward,0.08879379717231432,3.659883249044585
59.18,-0.09272768322157984,0.006531036550460768,-0.00016056894715994752,0.013223911057726873,0,0,0,0,0.13,0.02612414620184307,-0.11611031521092474,walk forward,0.08719373120156938,2.82635888246895
59.2,-0.09272768322157984,0.006531036550460768,-0.00016056894715994752,0.013223911057726873,0,0,0,0,0.13,0.02612414620184307,-0.11611031521092474,walk forward,0.09150426302546405,1.6912707894960675
59.22,-0.0916159841010533,0.006676713355095907,0.0004336418342953813,0.012897411530382092,0,0,0,0,0.13,0.026706853420383626,-0.1139779278334474,walk forward,0.09082726028629468,1.0544699270766442
59.24,-0.0916159841010533,0.006676713355095907,0.0004336418342953813,0.012897411530382092,0,0,0,0,0.13,0.026706853420383626,-0.1139779278334474,walk forward,0.08101684141859851,2.09897477642094
59.26,-0.0916159841010533,0.006676713355095907,0.0004336418342953813,0.012897411530382092,0,0,0,0,0.13,0.026706853420383626,-0.1139779278334474,walk forward,0.05054055556180756,2.6378345977302904
59.28,-0.0916159841010533,0.006676713355095907,0.0004336418342953813,0.012897411530382092,0,0,0,0,0.13,0.026706853420383626,-0.1139779278334474,walk forward,0.04220908155671943,2.919542946689532
59.3,-0.0916159841010533,0.006676713355095907,0.0004336418342953813,0.012897411530382092,0,0,0,0,0.13,0.026706853420383626,-0.1139779278334474,walk forward,0.0599840462692868,3.1137963517761853
59.32,-0.09052727425511005,0.006813539666858284,0.0010094850076170225,0.01257897330509016,0,0,0,0,0.13,0.027254158667433137,-0.11189723655936629,walk forward,0.07465204052983808,3.328194876586153
59.34,-0.09052727425511005,0.006813539666858284,0.0010094850076170225,0.01257897330509016,0,0,0,0,0.13,0.027254158667433137,-0.11189723655936629,walk forward,0.08103209865038788,3.525404041473217
59.36,-0.09052727425511005,0.006813539666858284,0.0010094850076170225,0.01257897330509016,0,0,0,0,0.13,0.027254158667433137,-0.11189723655936629,walk forward,0.08096472837404796,3.7815942414982326
59.38,-0.09052727425511005,0.006813539666858284,0.0010094850076170225,0.01257897330509016,0,0,0,0,0.13,0.027254158667433137,-0.11189723655936629,walk forward,0.0819643030525825,4.0948040542921404
59.4,-0.09052727425511005,0.006813539666858284,0.0010094850076170225,0.01257897330509016,0,0,0,0,0.13,0.027254158667433137,-0.11189723655936629,walk forward,0.07976622464622049,4.344100573835847
59.42,-0.0894609449047043,0.00694183614096113,0.0015674738135205146,0.012268397347594228,0,0,0,0,0.13,0.02776734456384452,-0.10986683886397973,walk forward,0.08978233211678803,4.398284472301624
59.44,-0.0894609449047043,0.00694183614096113,0.0015674738135205146,0.012268397347594228,0,0,0,0,0.13,0.02776734456384452,-0.10986683886397973,walk forward,0.09694681454572837,4.151971595319465
59.46,-0.0894609449047043,0.00694183614096113,0.0015674738135205146,0.012268397347594228,0,0,0,0,0.13,0.02776734456384452,-0.10986683886397973,walk forward,0.09961979079332794,3.6778499633423767
59.48,-0.0894609449047043,0.00694183614096113,0.0015674738135205146,0.012268397347594228,0,0,0,0,0.13,0.02776734456384452,-0.10986683886397973,walk forward,0.10135169875748551,3.012853401931873
59.5,-0.0894609449047043,0.00694183614096113,0.0015674738135205146,0.012268397347594228,0,0,0,0,0.13,0.02776734456384452,-0.10986683886397973,walk forward,0.0955742075224858,2.408288989570033
59.52,-0.08841640550910336,0.007061912798463286,0.0021081063230892205,0.011965489537810755,0,0,0,0,0.13,0.028247651193853144,-0.10788537398251767,walk forward,0.08748158889470825,2.522778037403506
59.54,-0.08841640550910336,0.007061912798463286,0.0021081063230892205,0.011965489537810755,0,0,0,0,0.13,0.028247651193853144,-0.10788537398251767,walk forward,0.09442781439628509,3.228684124826141
59.56,-0.08841640550910336,0.007061912798463286,0.0021081063230892205,0.011965489537810755,0,0,0,0,0.13,0.028247651193853144,-0.10788537398251767,walk forward,0.10332581827371043,3.4002864222838562
59.58,-0.08841640550910336,0.007061912798463286,0.0021081063230892205,0.011965489537810755,0,0,0,0,0.13,0.028247651193853144,-0.10788537398251767,walk forward,0.11493993770595054,3.4691347293502286
59.6,-0.08841640550910336,0.007061912798463286,0.0021081063230892205,0.011965489537810755,0,0,0,0,0.13,0.028247651193853144,-0.10788537398251767,walk forward,0.11100973749811165,3.553832248776858
59.62,-0.08739308315047406,0.00717406939709211,0.00263186594129447,0.011670060548498142,0,0,0,0,0.13,0.02869627758836844,-0.1059515215114745,walk forward,0.08753497269771654,3.7266523161202034
59.64,-0.08739308315047406,0.00717406939709211,0.00263186594129447,0.011670060548498142,0,0,0,0,0.13,0.02869627758836844,-0.1059515215114745,walk forward,0.07888173144923341,4.064582748092341
59.66,-0.08739308315047406,0.00717406939709211,0.00263186594129447,0.011670060548498142,0,0,0,0,0.13,0.02869627758836844,-0.1059515215114745,walk forward,0.07438137375866853,4.361995659999344
59.68,-0.08739308315047406,0.00717406939709211,0.00263186594129447,0.011670060548498142,0,0,0,0,0.13,0.02869627758836844,-0.1059515215114745,walk forward,0.08039612337864763,4.343207813152939
59.7,-0.08739308315047406,0.00717406939709211,0.00263186594129447,0.011670060548498142,0,0,0,0,0.13,0.02869627758836844,-0.1059515215114745,walk forward,0.08534964576440932,3.9496661707369287
59.72,-0.0863904219422268,0.007278595787353486,0.003139221891196295,0.011381925726921038,0,0,0,0,0.13,0.029114383149413944,-0.10406400006378813,walk forward,0.085433609150111,3.2212861329117
59.74,-0.0863904219422268,0.007278595787353486,0.003139221891196295,0.011381925726921038,0,0,0,0,0.13,0.029114383149413944,-0.10406400006378813,walk forward,0.08796560159116763,2.2479784315342926
59.76,-0.0863904219422268,0.007278595787353486,0.003139221891196295,0.011381925726921038,0,0,0,0,0.13,0.029114383149413944,-0.10406400006378813,walk forward,0.09574210816722459,1.4779946696804311
59.78,-0.0863904219422268,0.007278595787353486,0.003139221891196295,0.011381925726921038,0,0,0,0,0.13,0.029114383149413944,-0.10406400006378813,walk forward,0.08449889470974775,1.9437623796923291
59.8,-0.0863904219422268,0.007278595787353486,0.003139221891196295,0.011381925726921038,0,0,0,0,0.13,0.029114383149413944,-0.10406400006378813,walk forward,0.03609904971738288,2.4539392686872272
59.82,-0.08540788246006813,0.007375772254607316,0.003630629679679115,0.011100904979436374,0,0,0,0,0.13,0.029503089018429265,-0.10222156597548626,walk forward,0.0420514365826998,2.7756180989259347
59.84,-0.08540788246006813,0.007375772254607316,0.003630629679679115,0.011100904979436374,0,0,0,0,0.13,0.029503089018429265,-0.10222156597548626,walk forward,0.05559497789969911,2.99342387738787
59.86,-0.08540788246006813,0.007375772254607316,0.003630629679679115,0.011100904979436374,0,0,0,0,0.13,0.029503089018429265,-0.10222156597548626,walk forward,0.07552499319746975,3.1250780069683635
59.88,-0.08540788246006813,0.007375772254607316,0.003630629679679115,0.011100904979436374,0,0,0,0,0.13,0.029503089018429265,-0.10222156597548626,walk forward,0.07896839992249073,3.294589255469572
59.9,-0.08540788246006813,0.007375772254607316,0.003630629679679115,0.011100904979436374,0,0,0,0,0.13,0.029503089018429265,-0.10222156597548626,walk forward,0.07726495042584042,3.5262728179544616
59.92,-0.0844449411947647,0.007465869847751423,0.004106531545534517,0.01082682265892897,0,0,0,0,0.13,0.02986347939100569,-0.10042301206153773,walk forward,0.0788073547404404,3.7862833587191744
59.94,-0.0844449411947647,0.007465869847751423,0.004106531545534517,0.01082682265892897,0,0,0,0,0.13,0.02986347939100569,-0.10042301206153773,walk forward,0.0775313397247276,4.003531995358439
59.96,-0.0844449411947647,0.007465869847751423,0.004106531545534517,0.01082682265892897,0,0,0,0,0.13,0.02986347939100569,-0.10042301206153773,walk forward,0.0883214873479205,3.97024103593789
59.98,-0.0844449411947647,0.007465869847751423,0.004106531545534517,0.01082682265892897,0,0,0,0,0.13,0.02986347939100569,-0.10042301206153773,walk forward,0.09805088238628624,3.6954070725266295
60.0,-0.0844449411947647,0.007465869847751423,0.004106531545534517,0.01082682265892897,0,0,0,0,0.13,0.02986347939100569,-0.10042301206153773,walk forward,0.103825522014493,3.2402910629705612
60.02,-0.0835010900256709,0.00754915069512337,0.004567356890662955,0.010559507455026372,0,0,0,0,0.13,0.03019660278049348,-0.09866716641875993,walk forward,0.10003682069301652,2.6606537894793307
60.04,-0.0835010900256709,0.00754915069512337,0.004567356890662955,0.010559507455026372,0,0,0,0,0.13,0.03019660278049348,-0.09866716641875993,walk forward,0.09165289222872659,2.3337962870293048
60.06,-0.0835010900256709,0.00754915069512337,0.004567356890662955,0.010559507455026372,0,0,0,0,0.13,0.03019660278049348,-0.09866716641875993,walk forward,0.08870835949521202,2.8591517725218543
60.08,-0.0835010900256709,0.00754915069512337,0.004567356890662955,0.010559507455026372,0,0,0,0,0.13,0.03019660278049348,-0.09866716641875993,walk forward,0.08322559846390937,3.28047848896446
60.1,-0.0835010900256709,0.00754915069512337,0.004567356890662955,0.010559507455026372,0,0,0,0,0.13,0.03019660278049348,-0.09866716641875993,walk forward,0.10035888974366348,3.322129202262369
60.12,-0.08257583571411876,0.007625868308198218,0.005013522695127795,0.010298792287024293,0,0,0,0,0.13,0.03050347323279287,-0.09695289127373871,walk forward,0.1132752682643364,3.355023684948043
60.14,-0.08257583571411876,0.007625868308198218,0.005013522695127795,0.010298792287024293,0,0,0,0,0.13,0.03050347323279287,-0.09695289127373871,walk forward,0.10709888036170906,3.4905041250564337
60.16,-0.08257583571411876,0.007625868308198218,0.005013522695127795,0.010298792287024293,0,0,0,0,0.13,0.03050347323279287,-0.09695289127373871,walk forward,0.096368944788405,3.7698494823433144
60.18,-0.08257583571411876,0.007625868308198218,0.005013522695127795,0.010298792287024293,0,0,0,0,0.13,0.03050347323279287,-0.09695289127373871,walk forward,0.08471271529065562,4.195795725738035
60.2,-0.08257583571411876,0.007625868308198218,0.005013522695127795,0.010298792287024293,0,0,0,0,0.13,0.03050347323279287,-0.09695289127373871,walk forward,0.07732274289559526,4.603245494053258
60.22,-0.08166869941581313,0.007696267873630498,0.005445433916759751,0.010044514199455732,0,0,0,0,0.13,0.030785071494521993,-0.09527908187381673,walk forward,0.07157374475103213,4.763984802078498
60.24,-0.08166869941581313,0.007696267873630498,0.005445433916759751,0.010044514199455732,0,0,0,0,0.13,0.030785071494521993,-0.09527908187381673,walk forward,0.07891511989329296,4.511262074178425
60.26,-0.08166869941581313,0.007696267873630498,0.005445433916759751,0.010044514199455732,0,0,0,0,0.13,0.030785071494521993,-0.09527908187381673,walk forward,0.08730578882516932,3.759016318281157
60.28,-0.08166869941581313,0.007696267873630498,0.005445433916759751,0.010044514199455732,0,0,0,0,0.13,0.030785071494521993,-0.09527908187381673,walk forward,0.09353613250412436,2.5959882480135117
60.3,-0.08166869941581313,0.007696267873630498,0.005445433916759751,0.010044514199455732,0,0,0,0,0.13,0.030785071494521993,-0.09527908187381673,walk forward,0.09112270410107687,1.2778175326073749
60.32,-0.08077921621141627,0.007760586534160653,0.005863483875975212,0,0,0,0,0,0.13,0.031042346136642612,-0.09364466541930133,walk forward,0.08589835084541167,1.3686083262805941
60.34,-0.08077921621141627,0.007760586534160653,0.005863483875975212,0,0,0,0,0,0.13,0.031042346136642612,-0.09364466541930133,walk forward,0.06344222920090696,2.0302304002151477
60.36,-0.08077921621141627,0.007760586534160653,0.005863483875975212,0,0,0,0,0,0.13,0.031042346136642612,-0.09364466541930133,walk forward,0.044052830913750986,2.3155334733082906
60.38,-0.08077921621141627,0.007760586534160653,0.005863483875975212,0,0,0,0,0,0.13,0.031042346136642612,-0.09364466541930133,walk forward,0.045591861207590144,2.48347962374642
60.4,-0.08077921621141627,0.007760586534160653,0.005863483875975212,0,0,0,0,0,0.13,0.031042346136642612,-0.09364466541930133,walk forward,0.06488391859148822,2.6904756306007873
60.42,-0.08037632818976302,0.007632315321259445,0.0058342396281404136,0,0,0,0,0,0.13,0.03052926128503778,-0.09317761070202825,walk forward,0.07845083973818498,2.9586622140095766
60.44,-0.08037632818976302,0.007632315321259445,0.0058342396281404136,0,0,0,0,0,0.13,0.03052926128503778,-0.09317761070202825,walk forward,0.07759800767208277,3.272743032218633
60.46,-0.08037632818976302,0.007632315321259445,0.0058342396281404136,0,0,0,0,0,0.13,0.03052926128503778,-0.09317761070202825,walk forward,0.0778402072520217,3.5832878847983354
60.48,-0.08037632818976302,0.007632315321259445,0.0058342396281404136,0,0,0,0,0,0.13,0.03052926128503778,-0.09317761070202825,walk forward,0.07996333925971455,3.827669615569619
60.5,-0.08037632818976302,0.007632315321259445,0.0058342396281404136,0,0,0,0,0,0.13,0.03052926128503778,-0.09317761070202825,walk forward,0.09379697207192633,3.830705538680255
60.52,-0.07997544958050079,0.007506164245024032,0.005805141236600186,0,0,0,0,0,0.13,0.03002465698009613,-0.09271288542987575,walk forward,0.10153705039114203,3.597428734688205
60.54,-0.07997544958050079,0.007506164245024032,0.005805141236600186,0,0,0,0,0,0.13,0.03002465698009613,-0.09271288542987575,walk forward,0.10771552575441322,3.1148817827532014
60.56,-0.07997544958050079,0.007506164245024032,0.005805141236600186,0,0,0,0,0,0.13,0.03002465698009613,-0.09271288542987575,walk forward,0.10478834661222512,2.4170485022282153
60.58,-0.07997544958050079,0.007506164245024032,0.005805141236600186,0,0,0,0,0,0.13,0.03002465698009613,-0.09271288542987575,walk forward,0.09844694339832502,1.9770755129168451
60.6,-0.07997544958050079,0.007506164245024032,0.005805141236600186,0,0,0,0,0,0.13,0.03002465698009613,-0.09271288542987575,walk forward,0.09276848111142677,2.561016013170326
60.62,-0.07957657036164345,0.007382098262677629,0.005776187973893225,0,0,0,0,0,0.13,0.029528393050710516,-0.09225047798468777,walk forward,0.10393198790884944,2.8870589969242335
60.64,-0.07957657036164345,0.007382098262677629,0.005776187973893225,0,0,0,0,0,0.13,0.029528393050710516,-0.09225047798468777,walk forward,0.11729682898989488,2.9175335327784238
60.66,-0.07957657036164345,0.007382098262677629,0.005776187973893225,0,0,0,0,0,0.13,0.029528393050710516,-0.09225047798468777,walk forward,0.13587841468748904,2.991394098334398
60.68,-0.07957657036164345,0.007382098262677629,0.005776187973893225,0,0,0,0,0,0.13,0.029528393050710516,-0.09225047798468777,walk forward,0.11634034401740925,3.277264965654106
60.7,-0.07957657036164345,0.007382098262677629,0.005776187973893225,0,0,0,0,0,0.13,0.029528393050710516,-0.09225047798468777,walk forward,0.08004716724371824,3.7410259379778226
60.72,-0.07917968056118978,0.0072600829106496045,0.005747379116186454,0,0,0,0,0,0.13,0.029040331642598418,-0.09179037680625415,walk forward,0.042630065709053894,4.364029408422467
60.74,-0.07917968056118978,0.0072600829106496045,0.005747379116186454,0,0,0,0,0,0.13,0.029040331642598418,-0.09179037680625415,walk forward,0.07219127861389396,4.851622756070326
60.76,-0.07917968056118978,0.0072600829106496045,0.005747379116186454,0,0,0,0,0,0.13,0.029040331642598418,-0.09179037680625415,walk forward,0.0843289064140796,4.938795768261176
60.78,-0.07917968056118978,0.0072600829106496045,0.005747379116186454,0,0,0,0,0,0.13,0.029040331642598418,-0.09179037680625415,walk forward,0.08931582211241844,4.541233536359665
60.8,-0.07917968056118978,0.0072600829106496045,0.005747379116186454,0,0,0,0,0,0.13,0.029040331642598418,-0.09179037680625415,walk forward,0.09589801141440542,3.6976076694658393
60.82,-0.07878477025687408,0.007140084295002047,0.005718713943256931,0,0,0,0,0,0.13,0.028560337180008187,-0.09133257039202144,walk forward,0.09717987881023651,2.609759912820429
60.84,-0.07878477025687408,0.007140084295002047,0.005718713943256931,0,0,0,0,0,0.13,0.028560337180008187,-0.09133257039202144,walk forward,0.09781817985987529,1.6169345289512316
60.86,-0.07878477025687408,0.007140084295002047,0.005718713943256931,0,0,0,0,0,0.13,0.028560337180008187,-0.09133257039202144,walk forward,0.0917613091104629,1.9148166310991448
60.88,-0.07878477025687408,0.007140084295002047,0.005718713943256931,0,0,0,0,0,0.13,0.028560337180008187,-0.09133257039202144,walk forward,0.071518790607182,2.3581247982556524
60.9,-0.07878477025687408,0.007140084295002047,0.005718713943256931,0,0,0,0,0,0.13,0.028560337180008187,-0.09133257039202144,walk forward,0.060064643664516054,2.6001460048752483
60.92,-0.07839182957591818,0.0070220690820145615,0.005690191738473839,0,0,0,0,0,0.13,0.028088276328058246,-0.09087704729680543,walk forward,0.06822138907144035,2.8124804590206645
60.94,-0.07839182957591818,0.0070220690820145615,0.005690191738473839,0,0,0,0,0,0.13,0.028088276328058246,-0.09087704729680543,walk forward,0.07232081188531157,3.013135752088081
60.96,-0.07839182957591818,0.0070220690820145615,0.005690191738473839,0,0,0,0,0,0.13,0.028088276328058246,-0.09087704729680543,walk forward,0.07476003945636113,3.2830530265462374
60.98,-0.07839182957591818,0.0070220690820145615,0.005690191738473839,0,0,0,0,0,0.13,0.028088276328058246,-0.09087704729680543,walk forward,0.07972785294497439,3.5931576596232224
61.0,-0.07839182957591818,0.0070220690820145615,0.005690191738473839,0,0,0,0,0,0.13,0.028088276328058246,-0.09087704729680543,walk forward,0.07635267837124286,3.8746033441520176
61.02,-0.07800084869478459,0.006906004488924692,0.005661811788780574,0,0,0,0,0,0.13,0.027624017955698767,-0.09042379613250502,walk forward,0.08068621024867148,4.003126735527926
61.04,-0.07800084869478459,0.006906004488924692,0.005661811788780574,0,0,0,0,0,0.13,0.027624017955698767,-0.09042379613250502,walk forward,0.09513885273263387,3.9426307508194904
61.06,-0.07800084869478459,0.006906004488924692,0.005661811788780574,0,0,0,0,0,0.13,0.027624017955698767,-0.09042379613250502,walk forward,0.10267404131777658,3.625400774996932
61.08,-0.07800084869478459,0.006906004488924692,0.005661811788780574,0,0,0,0,0,0.13,0.027624017955698767,-0.09042379613250502,walk forward,0.10527602131532621,3.023495707010094
61.1,-0.07800084869478459,0.006906004488924692,0.005661811788780574,0,0,0,0,0,0.13,0.027624017955698767,-0.09042379613250502,walk forward,0.10295172697367036,2.2381864131047755
61.12,-0.07761181783893091,0.006791858274821383,0.005633573384676915,0,0,0,0,0,0.13,0.027167433099285532,-0.08997280556781749,walk forward,0.0971396694256249,1.6055551963425125
61.14,-0.07761181783893091,0.006791858274821383,0.005633573384676915,0,0,0,0,0,0.13,0.027167433099285532,-0.08997280556781749,walk forward,0.09384711524018369,1.9792025267160247
61.16,-0.07761181783893091,0.006791858274821383,0.005633573384676915,0,0,0,0,0,0.13,0.027167433099285532,-0.08997280556781749,walk forward,0.10848546929748125,2.382970572489586
61.18,-0.07761181783893091,0.006791858274821383,0.005633573384676915,0,0,0,0,0,0.13,0.027167433099285532,-0.08997280556781749,walk forward,0.11590281556799298,2.480777213859001
61.2,-0.07761181783893091,0.006791858274821383,0.005633573384676915,0,0,0,0,0,0.13,0.027167433099285532,-0.08997280556781749,walk forward,0.1203979317885429,2.742562080869448
61.22,-0.07722472728256549,0.006679598731688968,0.0056054758202012875,0,0,0,0,0,0.13,0.026718394926755873,-0.08952406432795525,walk forward,0.11141592802667911,3.1399991213989105
61.24,-0.07722472728256549,0.006679598731688968,0.0056054758202012875,0,0,0,0,0,0.13,0.026718394926755873,-0.08952406432795525,walk forward,0.08753588509089615,3.6601912375055754
61.26,-0.07722472728256549,0.006679598731688968,0.0056054758202012875,0,0,0,0,0,0.13,0.026718394926755873,-0.08952406432795525,walk forward,0.097506267204389,4.171254468712072
61.28,-0.07722472728256549,0.006679598731688968,0.0056054758202012875,0,0,0,0,0,0.13,0.026718394926755873,-0.08952406432795525,walk forward,0.08838794229872177,4.4559163685364656
61.3,-0.07722472728256549,0.006679598731688968,0.0056054758202012875,0,0,0,0,0,0.13,0.026718394926755873,-0.08952406432795525,walk forward,0.08914800201939857,4.333495903320763
61.32,-0.07683956734840426,0.006569194675599182,0.005577518392913117,0,0,0,0,0,0.13,0.026276778702396728,-0.08907756119436393,walk forward,0.09288917409004216,3.720546256371332
61.34,-0.07683956734840426,0.006569194675599182,0.005577518392913117,0,0,0,0,0,0.13,0.026276778702396728,-0.08907756119436393,walk forward,0.08953508348668138,2.6278555623244975
61.36,-0.07683956734840426,0.006569194675599182,0.005577518392913117,0,0,0,0,0,0.13,0.026276778702396728,-0.08907756119436393,walk forward,0.08817426750326551,1.1869161411651217
61.38,-0.07683956734840426,0.006569194675599182,0.005577518392913117,0,0,0,0,0,0.13,0.026276778702396728,-0.08907756119436393,walk forward,0.08911984314443566,0.49303790318934204
61.4,-0.07683956734840426,0.006569194675599182,0.005577518392913117,0,0,0,0,0,0.13,0.026276778702396728,-0.08907756119436393,walk forward,0.08239510017914377,1.6534916315876997
61.42,-0.0764563284074288,0.006460615438048756,0.005549700403875266,0,0,0,0,0,0.13,0.025842461752195026,-0.08863328500444191,walk forward,0.08389903216827443,1.841979622661089
61.44,-0.0764563284074288,0.006460615438048756,0.005549700403875266,0,0,0,0,0,0.13,0.025842461752195026,-0.08863328500444191,walk forward,0.0861140414223004,2.0042029336896174
61.46,-0.0764563284074288,0.006460615438048756,0.005549700403875266,0,0,0,0,0,0.13,0.025842461752195026,-0.08863328500444191,walk forward,0.08761420095352702,2.201251461723956
61.48,-0.0764563284074288,0.006460615438048756,0.005549700403875266,0,0,0,0,0,0.13,0.025842461752195026,-0.08863328500444191,walk forward,0.09419452618287834,2.4426595297611895
61.5,-0.0764563284074288,0.006460615438048756,0.005549700403875266,0,0,0,0,0,0.13,0.025842461752195026,-0.08863328500444191,walk forward,0.0899547393496565,2.79162042065367
61.52,-0.07607500087864563,0.0063538308574401965,0.0055220211576365585,0,0,0,0,0,0.13,0.025415323429760786,-0.08819122465126134,walk forward,0.09006575822043575,3.2111647827878165
61.54,-0.07607500087864563,0.0063538308574401965,0.0055220211576365585,0,0,0,0,0,0.13,0.025415323429760786,-0.08819122465126134,walk forward,0.09482213411467685,3.604669737474768
61.56,-0.07607500087864563,0.0063538308574401965,0.0055220211576365585,0,0,0,0,0,0.13,0.025415323429760786,-0.08819122465126134,walk forward,0.1002040703614185,3.7982735220236408
61.58,-0.07607500087864563,0.0063538308574401965,0.0055220211576365585,0,0,0,0,0,0.13,0.025415323429760786,-0.08819122465126134,walk forward,0.10627873944880045,3.7324883138698284
61.6,-0.07607500087864563,0.0063538308574401965,0.0055220211576365585,0,0,0,0,0,0.13,0.025415323429760786,-0.08819122465126134,walk forward,0.11546730788218641,3.4398731568874727
61.62,-0.07569557522884668,0.006248811270703364,0.005494479962214398,0,0,0,0,0,0.13,0.024995245082813457,-0.08775136908329034,walk forward,0.1114049825848881,2.907906093630801
61.64,-0.07569557522884668,0.006248811270703364,0.005494479962214398,0,0,0,0,0,0.13,0.024995245082813457,-0.08775136908329034,walk forward,0.1118804507191565,2.205178785516757
61.66,-0.07569557522884668,0.006248811270703364,0.005494479962214398,0,0,0,0,0,0.13,0.024995245082813457,-0.08775136908329034,walk forward,0.09967698952934924,1.992100540515519
61.68,-0.07569557522884668,0.006248811270703364,0.005494479962214398,0,0,0,0,0,0.13,0.024995245082813457,-0.08775136908329034,walk forward,0.09159579105375967,2.768522981492548
61.7,-0.07569557522884668,0.006248811270703364,0.005494479962214398,0,0,0,0,0,0.13,0.024995245082813457,-0.08775136908329034,walk forward,0.10145996555952125,3.1475467435815956
61.72,-0.07531804197237092,0.0061455275050555465,0.0054670761290774635,0,0,0,0,0,0.13,0.024582110020222186,-0.08731370730411683,walk forward,0.11850537539542379,3.3245925631482716
61.74,-0.07531804197237092,0.0061455275050555465,0.0054670761290774635,0,0,0,0,0,0.13,0.024582110020222186,-0.08731370730411683,walk forward,0.11847107847693523,3.4767496269086897
61.76,-0.07531804197237092,0.0061455275050555465,0.0054670761290774635,0,0,0,0,0,0.13,0.024582110020222186,-0.08731370730411683,walk forward,0.1108395600094539,3.7586892338935476
61.78,-0.07531804197237092,0.0061455275050555465,0.0054670761290774635,0,0,0,0,0,0.13,0.024582110020222186,-0.08731370730411683,walk forward,0.09125999553562789,4.137635406934453
61.8,-0.07531804197237092,0.0061455275050555465,0.0054670761290774635,0,0,0,0,0,0.13,0.024582110020222186,-0.08731370730411683,walk forward,0.0939439722399188,4.506905986945466
61.82,-0.07494239167086729,0.006043950869897716,0.0054398089731285,0,0,0,0,0,0.13,0.024175803479590863,-0.08687822837217349,walk forward,0.08222605453207163,4.705480252228303
61.84,-0.07494239167086729,0.006043950869897716,0.0054398089731285,0,0,0,0,0,0.13,0.024175803479590863,-0.08687822837217349,walk forward,0.08778058439532675,4.527366035758361
61.86,-0.07494239167086729,0.006043950869897716,0.0054398089731285,0,0,0,0,0,0.13,0.024175803479590863,-0.08687822837217349,walk forward,0.09574334133174578,3.907949998646348
61.88,-0.07494239167086729,0.006043950869897716,0.0054398089731285,0,0,0,0,0,0.13,0.024175803479590863,-0.08687822837217349,walk forward,0.09068707541602862,2.943636785728186
61.9,-0.07494239167086729,0.006043950869897716,0.0054398089731285,0,0,0,0,0,0.13,0.024175803479590863,-0.08687822837217349,walk forward,0.08844323513202941,1.7814337004160181
61.92,-0.07456861493305869,0.005944053148844736,0.005412677812687188,0,0,0,0,0,0.13,0.023776212595378945,-0.08644492140046438,walk forward,0.08902066209367214,1.3699496819510204
61.94,-0.07456861493305869,0.005944053148844736,0.005412677812687188,0,0,0,0,0,0.13,0.023776212595378945,-0.08644492140046438,walk forward,0.06976369651680757,2.112897370702877
61.96,-0.07456861493305869,0.005944053148844736,0.005412677812687188,0,0,0,0,0,0.13,0.023776212595378945,-0.08644492140046438,walk forward,0.05309688836107939,2.3723515286127523
61.98,-0.07456861493305869,0.005944053148844736,0.005412677812687188,0,0,0,0,0,0.13,0.023776212595378945,-0.08644492140046438,walk forward,0.0557752362524522,2.553310059145678
62.0,-0.07456861493305869,0.005944053148844736,0.005412677812687188,0,0,0,0,0,0.13,0.023776212595378945,-0.08644492140046438,walk forward,0.061202684898905534,2.7114186989431253
62.02,-0.0741967024145072,0.005845806591887296,0.005385681969473104,0,0,0,0,0,0.13,0.023383226367549186,-0.08601377555629261,walk forward,0.06850785753421047,2.9126416364122
62.04,-0.0741967024145072,0.005845806591887296,0.005385681969473104,0,0,0,0,0,0.13,0.023383226367549186,-0.08601377555629261,walk forward,0.07161551080973846,3.2045950485441717
62.06,-0.0741967024145072,0.005845806591887296,0.005385681969473104,0,0,0,0,0,0.13,0.023383226367549186,-0.08601377555629261,walk forward,0.07294063578852245,3.4734279253490974
62.08,-0.0741967024145072,0.005845806591887296,0.005385681969473104,0,0,0,0,0,0.13,0.023383226367549186,-0.08601377555629261,walk forward,0.0808388064352829,3.6374313950384876
62.1,-0.0741967024145072,0.005845806591887296,0.005385681969473104,0,0,0,0,0,0.13,0.023383226367549186,-0.08601377555629261,walk forward,0.08864400105724873,3.61036775134039
62.12,-0.07382664481738048,0.005749183907683394,0.0053588207685887615,0,0,0,0,0,0.13,0.022996735630733577,-0.08558478006098964,walk forward,0.09498282590483735,3.359122485793191
62.14,-0.07382664481738048,0.005749183907683394,0.0053588207685887615,0,0,0,0,0,0.13,0.022996735630733577,-0.08558478006098964,walk forward,0.10135135580685956,2.8943583713953043
62.16,-0.07382664481738048,0.005749183907683394,0.0053588207685887615,0,0,0,0,0,0.13,0.022996735630733577,-0.08558478006098964,walk forward,0.10482453257080133,2.1976226851960208
62.18,-0.07382664481738048,0.005749183907683394,0.0053588207685887615,0,0,0,0,0,0.13,0.022996735630733577,-0.08558478006098964,walk forward,0.09775523844067015,1.6311825485327753
62.2,-0.07382664481738048,0.005749183907683394,0.0053588207685887615,0,0,0,0,0,0.13,0.022996735630733577,-0.08558478006098964,walk forward,0.09585363609310807,2.1249879083285568
62.22,-0.07345843289021935,0.005654158255977235,0.0053320935385027385,0,0,0,0,0,0.13,0.02261663302390894,-0.08515792418964577,walk forward,0.10404026454059037,2.6904914948497867
62.24,-0.07345843289021935,0.005654158255977235,0.0053320935385027385,0,0,0,0,0,0.13,0.02261663302390894,-0.08515792418964577,walk forward,0.10750749404885288,2.7680152293291944
62.26,-0.07345843289021935,0.005654158255977235,0.0053320935385027385,0,0,0,0,0,0.13,0.02261663302390894,-0.08515792418964577,walk forward,0.10790868185636755,2.963316229812529
62.28,-0.07345843289021935,0.005654158255977235,0.0053320935385027385,0,0,0,0,0,0.13,0.02261663302390894,-0.08515792418964577,walk forward,0.10611909736738129,3.251928121902111
62.3,-0.07345843289021935,0.005654158255977235,0.0053320935385027385,0,0,0,0,0,0.13,0.02261663302390894,-0.08515792418964577,walk forward,0.10131176913116985,3.617021596796493
62.32,-0.07309205742770643,0.005560703240143433,0.005305499611032892,0,0,0,0,0,0.13,0.022242812960573732,-0.08473319727084191,walk forward,0.09283688163928533,4.020706628450629
62.34,-0.07309205742770643,0.005560703240143433,0.005305499611032892,0,0,0,0,0,0.13,0.022242812960573732,-0.08473319727084191,walk forward,0.09501046751406424,4.379861085770437
62.36,-0.07309205742770643,0.005560703240143433,0.005305499611032892,0,0,0,0,0,0.13,0.022242812960573732,-0.08473319727084191,walk forward,0.08764691306887948,4.452434975941059
62.38,-0.07309205742770643,0.005560703240143433,0.005305499611032892,0,0,0,0,0,0.13,0.022242812960573732,-0.08473319727084191,walk forward,0.09500387908575653,4.036008346243171
62.4,-0.07309205742770643,0.005560703240143433,0.005305499611032892,0,0,0,0,0,0.13,0.022242812960573732,-0.08473319727084191,walk forward,0.10327451864162836,3.1497749351789364
62.42,-0.07272750927043609,0.005468792899854441,0.005279038321329649,0,0,0,0,0,0.13,0.021875171599417764,-0.08431058868638305,walk forward,0.099901102493103,1.9516818825243931
62.44,-0.07272750927043609,0.005468792899854441,0.005279038321329649,0,0,0,0,0,0.13,0.021875171599417764,-0.08431058868638305,walk forward,0.09872308317439217,1.0086247817483616
62.46,-0.07272750927043609,0.005468792899854441,0.005279038321329649,0,0,0,0,0,0.13,0.021875171599417764,-0.08431058868638305,walk forward,0.0852231481699329,1.8776324494996586
62.48,-0.07272750927043609,0.005468792899854441,0.005279038321329649,0,0,0,0,0,0.13,0.021875171599417764,-0.08431058868638305,walk forward,0.0640695453742702,2.3254357275025264
62.5,-0.07272750927043609,0.005468792899854441,0.005279038321329649,0,0,0,0,0,0.13,0.021875171599417764,-0.08431058868638305,walk forward,0.052005275919451546,2.653267199811748
62.52,-0.07236477930468539,0.0053784017038691866,0.005252709007859391,0,0,0,0,0,0.13,0.021513606815476746,-0.0838900878710325,walk forward,0.05710190945493622,2.94117567832279
62.54,-0.07236477930468539,0.0053784017038691866,0.005252709007859391,0,0,0,0,0,0.13,0.021513606815476746,-0.0838900878710325,walk forward,0.0743755823743831,3.230894754137226
62.56,-0.07236477930468539,0.0053784017038691866,0.005252709007859391,0,0,0,0,0,0.13,0.021513606815476746,-0.0838900878710325,walk forward,0.07913898332329733,3.5500923393680184
62.58,-0.07236477930468539,0.0053784017038691866,0.005252709007859391,0,0,0,0,0,0.13,0.021513606815476746,-0.0838900878710325,walk forward,0.08517483051534475,3.8890509484773923
62.6,-0.07236477930468539,0.0053784017038691866,0.005252709007859391,0,0,0,0,0,0.13,0.021513606815476746,-0.0838900878710325,walk forward,0.08797006526492984,4.185226763065234
62.62,-0.07200385846218632,0.005289504542940893,0.005226511012387907,0,0,0,0,0,0.13,0.021158018171763573,-0.08347168431224801,walk forward,0.08804552925790775,4.376823040517558
62.64,-0.07200385846218632,0.005289504542940893,0.005226511012387907,0,0,0,0,0,0.13,0.021158018171763573,-0.08347168431224801,walk forward,0.0970410237221302,4.3113435678273975
62.66,-0.07200385846218632,0.005289504542940893,0.005226511012387907,0,0,0,0,0,0.13,0.021158018171763573,-0.08347168431224801,walk forward,0.10800715371758288,3.985458424275714
62.68,-0.07200385846218632,0.005289504542940893,0.005226511012387907,0,0,0,0,0,0.13,0.021158018171763573,-0.08347168431224801,walk forward,0.10877261388005276,3.430591715217816
62.7,-0.07200385846218632,0.005289504542940893,0.005226511012387907,0,0,0,0,0,0.13,0.021158018171763573,-0.08347168431224801,walk forward,0.10182339114101227,2.8876919580525513
62.72,-0.07164473771989902,0.005202076722842131,0.005200443679963948,0,0,0,0,0,0.13,0.020808306891368523,-0.08305536754991884,walk forward,0.09146839739964743,2.7935193851426234
62.74,-0.07164473771989902,0.005202076722842131,0.005200443679963948,0,0,0,0,0,0.13,0.020808306891368523,-0.08305536754991884,walk forward,0.08742410131696254,3.414829746386091
62.76,-0.07164473771989902,0.005202076722842131,0.005200443679963948,0,0,0,0,0,0.13,0.020808306891368523,-0.08305536754991884,walk forward,0.09201592259844746,3.7852958917974684
62.78,-0.07164473771989902,0.005202076722842131,0.005200443679963948,0,0,0,0,0,0.13,0.020808306891368523,-0.08305536754991884,walk forward,0.09174229273472359,3.9895590103363627
62.8,-0.07164473771989902,0.005202076722842131,0.005200443679963948,0,0,0,0,0,0.13,0.020808306891368523,-0.08305536754991884,walk forward,0.10113974529020378,4.110048108099304
62.82,-0.0712874080997862,0.005116093957505146,0.005174506358902844,0,0,0,0,0,0.13,0.020464375830020583,-0.0826411271761042,walk forward,0.09977321481328916,4.218973225616889
62.84,-0.0712874080997862,0.005116093957505146,0.005174506358902844,0,0,0,0,0,0.13,0.020464375830020583,-0.0826411271761042,walk forward,0.07922615479756498,4.464591172393626
62.86,-0.0712874080997862,0.005116093957505146,0.005174506358902844,0,0,0,0,0,0.13,0.020464375830020583,-0.0826411271761042,walk forward,0.07564865063042933,4.788626672657787
62.88,-0.0712874080997862,0.005116093957505146,0.005174506358902844,0,0,0,0,0,0.13,0.020464375830020583,-0.0826411271761042,walk forward,0.07346338326355126,5.037945499704578
62.9,-0.0712874080997862,0.005116093957505146,0.005174506358902844,0,0,0,0,0,0.13,0.020464375830020583,-0.0826411271761042,walk forward,0.07497058091659442,4.998907998077446
62.92,-0.07093186066858877,0.0050315323622755785,0.005148698400770218,0,0,0,0,0,0.13,0.020126129449102314,-0.08222895283477319,walk forward,0.07911570819451907,4.538985566358031
62.94,-0.07093186066858877,0.0050315323622755785,0.005148698400770218,0,0,0,0,0,0.13,0.020126129449102314,-0.08222895283477319,walk forward,0.08730397721075643,3.6522362510581172
62.96,-0.07093186066858877,0.0050315323622755785,0.005148698400770218,0,0,0,0,0,0.13,0.020126129449102314,-0.08222895283477319,walk forward,0.09023900608990447,2.4814266889146728
62.98,-0.07093186066858877,0.0050315323622755785,0.005148698400770218,0,0,0,0,0,0.13,0.020126129449102314,-0.08222895283477319,walk forward,0.09722582566406235,1.6800007206942504
63.0,-0.07093186066858877,0.0050315323622755785,0.005148698400770218,0,0,0,0,0,0.13,0.020126129449102314,-0.08222895283477319,walk forward,0.0876603791116621,2.369228047633267
63.02,-0.07057808653760242,0.004948368447277681,0.005123019160365774,0,0,0,0,0,0.13,0.019793473789110724,-0.08181883422154582,walk forward,0.05864085111415518,2.801172053116586
63.04,-0.07057808653760242,0.004948368447277681,0.005123019160365774,0,0,0,0,0,0.13,0.019793473789110724,-0.08181883422154582,walk forward,0.043374628888506433,3.0090323368188976
63.06,-0.07057808653760242,0.004948368447277681,0.005123019160365774,0,0,0,0,0,0.13,0.019793473789110724,-0.08181883422154582,walk forward,0.05315887351679295,3.093631533402363
63.08,-0.07057808653760242,0.004948368447277681,0.005123019160365774,0,0,0,0,0,0.13,0.019793473789110724,-0.08181883422154582,walk forward,0.06985428660916895,3.150303616913068
63.1,-0.07057808653760242,0.004948368447277681,0.005123019160365774,0,0,0,0,0,0.13,0.019793473789110724,-0.08181883422154582,walk forward,0.07575286433167205,3.305549354137838
63.12,-0.07022607686245545,0.004866579110889201,0.005097467995707162,0,0,0,0,0,0.13,0.019466316443556803,-0.08141076108343537,walk forward,0.07280030321879224,3.5142281853761137
63.14,-0.07022607686245545,0.004866579110889201,0.005097467995707162,0,0,0,0,0,0.13,0.019466316443556803,-0.08141076108343537,walk forward,0.07056284264220956,3.708949774004037
63.16,-0.07022607686245545,0.004866579110889201,0.005097467995707162,0,0,0,0,0,0.13,0.019466316443556803,-0.08141076108343537,walk forward,0.07451904404823173,3.862155024014053
63.18,-0.07022607686245545,0.004866579110889201,0.005097467995707162,0,0,0,0,0,0.13,0.019466316443556803,-0.08141076108343537,walk forward,0.08314595823539017,3.806960071248216
63.2,-0.07022607686245545,0.004866579110889201,0.005097467995707162,0,0,0,0,0,0.13,0.019466316443556803,-0.08141076108343537,walk forward,0.0935257513719882,3.5049491734544724
63.22,-0.06987582284288767,0.004786141633324117,0.005072044268013937,0,0,0,0,0,0.13,0.019144566533296468,-0.08100472321859216,walk forward,0.09985184908149218,2.9867072226923774
63.24,-0.06987582284288767,0.004786141633324117,0.005072044268013937,0,0,0,0,0,0.13,0.019144566533296468,-0.08100472321859216,walk forward,0.09176622381512155,2.3149898832377387
63.26,-0.06987582284288767,0.004786141633324117,0.005072044268013937,0,0,0,0,0,0.13,0.019144566533296468,-0.08100472321859216,walk forward,0.08576112900939588,2.0616253131657025
63.28,-0.06987582284288767,0.004786141633324117,0.005072044268013937,0,0,0,0,0,0.13,0.019144566533296468,-0.08100472321859216,walk forward,0.07743313034780006,2.798704732723484
63.3,-0.06987582284288767,0.004786141633324117,0.005072044268013937,0,0,0,0,0,0.13,0.019144566533296468,-0.08100472321859216,walk forward,0.09578252862658349,3.2122469455037717
63.32,-0.06952731572253032,0.00470703367032144,0.005046747341691581,0,0,0,0,0,0.13,0.01882813468128576,-0.08060071047604841,walk forward,0.11927285752641037,3.414470097144672
63.34,-0.06952731572253032,0.00470703367032144,0.005046747341691581,0,0,0,0,0,0.13,0.01882813468128576,-0.08060071047604841,walk forward,0.1209645434440263,3.6298589853215986
63.36,-0.06952731572253032,0.00470703367032144,0.005046747341691581,0,0,0,0,0,0.13,0.01882813468128576,-0.08060071047604841,walk forward,0.10793403639470558,3.89435678959215
63.38,-0.06952731572253032,0.00470703367032144,0.005046747341691581,0,0,0,0,0,0.13,0.01882813468128576,-0.08060071047604841,walk forward,0.09308105760053899,4.264733504251647
63.4,-0.06952731572253032,0.00470703367032144,0.005046747341691581,0,0,0,0,0,0.13,0.01882813468128576,-0.08060071047604841,walk forward,0.08684603111654397,4.665616454918341
63.42,-0.06918054678868725,0.004629233246938331,0.005021576584315619,0,0,0,0,0,0.13,0.018516932987753323,-0.08019871275546453,walk forward,0.08855815567387301,4.978394458049373
63.44,-0.06918054678868725,0.004629233246938331,0.005021576584315619,0,0,0,0,0,0.13,0.018516932987753323,-0.08019871275546453,walk forward,0.08592156301147338,4.956037682545912
63.46,-0.06918054678868725,0.004629233246938331,0.005021576584315619,0,0,0,0,0,0.13,0.018516932987753323,-0.08019871275546453,walk forward,0.09593109951982044,4.47267712299352
63.48,-0.06918054678868725,0.004629233246938331,0.005021576584315619,0,0,0,0,0,0.13,0.018516932987753323,-0.08019871275546453,walk forward,0.09897866166956126,3.5683467243964366
63.5,-0.06918054678868725,0.004629233246938331,0.005021576584315619,0,0,0,0,0,0.13,0.018516932987753323,-0.08019871275546453,walk forward,0.09934217583407712,2.380738388927847
63.52,-0.06883550737211706,0.004552718751445807,0.004996531366615806,0,0,0,0,0,0.13,0.01821087500578323,-0.07979872000687657,walk forward,0.1031243159106611,1.4266008848287992
63.54,-0.06883550737211706,0.004552718751445807,0.004996531366615806,0,0,0,0,0,0.13,0.01821087500578323,-0.07979872000687657,walk forward,0.09749093696519287,1.943227977795789
63.56,-0.06883550737211706,0.004552718751445807,0.004996531366615806,0,0,0,0,0,0.13,0.01821087500578323,-0.07979872000687657,walk forward,0.06697120326698944,2.408481008533664
63.58,-0.06883550737211706,0.004552718751445807,0.004996531366615806,0,0,0,0,0,0.13,0.01821087500578323,-0.07979872000687657,walk forward,0.05407706766806379,2.720804672752248
63.6,-0.06883550737211706,0.004552718751445807,0.004996531366615806,0,0,0,0,0,0.13,0.01821087500578323,-0.07979872000687657,walk forward,0.06716480270849229,2.98947094327829
63.62,-0.06849218884681636,0.004477468929325348,0.0049716110624603935,0,0,0,0,0,0.13,0.01790987571730139,-0.07940072223044495,walk forward,0.08156448048211384,3.249256194232131
63.64,-0.06849218884681636,0.004477468929325348,0.0049716110624603935,0,0,0,0,0,0.13,0.01790987571730139,-0.07940072223044495,walk forward,0.08517884997143395,3.531605471420736
63.66,-0.06849218884681636,0.004477468929325348,0.0049716110624603935,0,0,0,0,0,0.13,0.01790987571730139,-0.07940072223044495,walk forward,0.08565849837709444,3.81985663260437
63.68,-0.06849218884681636,0.004477468929325348,0.0049716110624603935,0,0,0,0,0,0.13,0.01790987571730139,-0.07940072223044495,walk forward,0.08500215414105373,4.096604116227344
63.7,-0.06849218884681636,0.004477468929325348,0.0049716110624603935,0,0,0,0,0,0.13,0.01790987571730139,-0.07940072223044495,walk forward,0.07912801472685059,4.352113378262552
63.72,-0.06815058262980414,0.004403462877364721,0.004946815048840481,0,0,0,0,0,0.13,0.017613851509458885,-0.07900470947620458,walk forward,0.08964218613813348,4.4226787320126775
63.74,-0.06815058262980414,0.004403462877364721,0.004946815048840481,0,0,0,0,0,0.13,0.017613851509458885,-0.07900470947620458,walk forward,0.10006165676174074,4.237250827403848
63.76,-0.06815058262980414,0.004403462877364721,0.004946815048840481,0,0,0,0,0,0.13,0.017613851509458885,-0.07900470947620458,walk forward,0.10458030220705997,3.7166601850471803
63.78,-0.06815058262980414,0.004403462877364721,0.004946815048840481,0,0,0,0,0,0.13,0.017613851509458885,-0.07900470947620458,walk forward,0.10362916374983311,2.985060711941871
63.8,-0.06815058262980414,0.004403462877364721,0.004946815048840481,0,0,0,0,0,0.13,0.017613851509458885,-0.07900470947620458,walk forward,0.0948137592872296,2.4165561973032497
63.82,-0.06781068018090718,0.004330680037851405,0.004922142705854437,0,0,0,0,0,0.13,0.01732272015140562,-0.07861067184381593,walk forward,0.09254795552451114,2.6183460101254266
63.84,-0.06781068018090718,0.004330680037851405,0.004922142705854437,0,0,0,0,0,0.13,0.01732272015140562,-0.07861067184381593,walk forward,0.1110088274779936,2.8755177161760623
63.86,-0.06781068018090718,0.004330680037851405,0.004922142705854437,0,0,0,0,0,0.13,0.01732272015140562,-0.07861067184381593,walk forward,0.11838718308426224,2.8119940551904787
63.88,-0.06781068018090718,0.004330680037851405,0.004922142705854437,0,0,0,0,0,0.13,0.01732272015140562,-0.07861067184381593,walk forward,0.11961219848541971,2.875738171954856
63.9,-0.06781068018090718,0.004330680037851405,0.004922142705854437,0,0,0,0,0,0.13,0.01732272015140562,-0.07861067184381593,walk forward,0.10352563936255284,3.0707497700329442
63.92,-0.06747247300254654,0.004259100192861979,0.0048975934166924015,0,0,0,0,0,0.13,0.017036400771447916,-0.07821859948231769,walk forward,0.08622602241821228,3.4152187650040022
63.94,-0.06747247300254654,0.004259100192861979,0.0048975934166924015,0,0,0,0,0,0.13,0.017036400771447916,-0.07821859948231769,walk forward,0.08434049161565033,3.776468595278595
63.96,-0.06747247300254654,0.004259100192861979,0.0048975934166924015,0,0,0,0,0,0.13,0.017036400771447916,-0.07821859948231769,walk forward,0.08313086121710178,3.860200905887183
63.98,-0.06747247300254654,0.004259100192861979,0.0048975934166924015,0,0,0,0,0,0.13,0.017036400771447916,-0.07821859948231769,walk forward,0.08766305985078739,3.5175964286066828
64.0,-0.06747247300254654,0.004259100192861979,0.0048975934166924015,0,0,0,0,0,0.13,0.017036400771447916,-0.07821859948231769,walk forward,0.0917770062063573,2.7805801286290537
64.02,-0.06713595263952515,0.004188703458645902,0.004873166567620866,0,0,0,0,0,0.13,0.016754813834583607,-0.07782848258988036,walk forward,0.08965417882981455,1.6777990107864866
64.04,-0.06713595263952515,0.004188703458645902,0.004873166567620866,0,0,0,0,0,0.13,0.016754813834583607,-0.07782848258988036,walk forward,0.09592658500736687,0.3451721127434135
64.06,-0.06713595263952515,0.004188703458645902,0.004873166567620866,0,0,0,0,0,0.13,0.016754813834583607,-0.07782848258988036,walk forward,0.09238286870112938,1.4914684763643515
64.08,-0.06713595263952515,0.004188703458645902,0.004873166567620866,0,0,0,0,0,0.13,0.016754813834583607,-0.07782848258988036,walk forward,0.07388759923923632,2.157606131034724
64.1,-0.06713595263952515,0.004188703458645902,0.004873166567620866,0,0,0,0,0,0.13,0.016754813834583607,-0.07782848258988036,walk forward,0.07613731038580199,2.2006223753700325
64.12,-0.06680111067881643,0.004119470280102122,0.004848861547967332,0,0,0,0,0,0.13,0.01647788112040849,-0.07744031141356136,walk forward,0.06693063021001204,2.230625014366006
64.14,-0.06680111067881643,0.004119470280102122,0.004848861547967332,0,0,0,0,0,0.13,0.01647788112040849,-0.07744031141356136,walk forward,0.06804819274417054,2.2542840815398626
64.16,-0.06680111067881643,0.004119470280102122,0.004848861547967332,0,0,0,0,0,0.13,0.01647788112040849,-0.07744031141356136,walk forward,0.08146118972890955,2.383519956139999
64.18,-0.06680111067881643,0.004119470280102122,0.004848861547967332,0,0,0,0,0,0.13,0.01647788112040849,-0.07744031141356136,walk forward,0.08191931802763175,2.6204293767253217
64.2,-0.06680111067881643,0.004119470280102122,0.004848861547967332,0,0,0,0,0,0.13,0.01647788112040849,-0.07744031141356136,walk forward,0.08424873838895763,2.9752593874493165
64.22,-0.0664679387493539,0.00405138142534698,0.004824677750105043,0,0,0,0,0,0.13,0.01620552570138792,-0.07705407624906108,walk forward,0.08506097634315557,3.2751524756611667
64.24,-0.0664679387493539,0.00405138142534698,0.004824677750105043,0,0,0,0,0,0.13,0.01620552570138792,-0.07705407624906108,walk forward,0.08963710859217422,3.4243927999669515
64.26,-0.0664679387493539,0.00405138142534698,0.004824677750105043,0,0,0,0,0,0.13,0.01620552570138792,-0.07705407624906108,walk forward,0.09549128235851895,3.385429211703777
64.28,-0.0664679387493539,0.00405138142534698,0.004824677750105043,0,0,0,0,0,0.13,0.01620552570138792,-0.07705407624906108,walk forward,0.10645994899914292,3.1040896720959834
64.3,-0.0664679387493539,0.00405138142534698,0.004824677750105043,0,0,0,0,0,0.13,0.01620552570138792,-0.07705407624906108,walk forward,0.10631697169529766,2.564647094809709
64.32,-0.06613642852182199,0.003984417980371891,0.004800614569437791,0,0,0,0,0,0.13,0.015937671921487564,-0.07666976744048025,walk forward,0.10624481982088124,1.8699643455835264
64.34,-0.06613642852182199,0.003984417980371891,0.004800614569437791,0,0,0,0,0,0.13,0.015937671921487564,-0.07666976744048025,walk forward,0.10522103873229266,1.6163329001360953
64.36,-0.06613642852182199,0.003984417980371891,0.004800614569437791,0,0,0,0,0,0.13,0.015937671921487564,-0.07666976744048025,walk forward,0.09740945582318702,2.410497888200641
64.38,-0.06613642852182199,0.003984417980371891,0.004800614569437791,0,0,0,0,0,0.13,0.015937671921487564,-0.07666976744048025,walk forward,0.10646083760277286,2.684261978708029
64.4,-0.06613642852182199,0.003984417980371891,0.004800614569437791,0,0,0,0,0,0.13,0.015937671921487564,-0.07666976744048025,walk forward,0.11616940861425608,2.86568378006531
64.42,-0.06580657170844773,0.0039185613437893365,0.0047766714043848075,0,0,0,0,0,0.13,0.015674245375157346,-0.07628737538007865,walk forward,0.11641520601932459,3.10046854918982
64.44,-0.06580657170844773,0.0039185613437893365,0.0047766714043848075,0,0,0,0,0,0.13,0.015674245375157346,-0.07628737538007865,walk forward,0.10505539489951493,3.432557853491354
64.46,-0.06580657170844773,0.0039185613437893365,0.0047766714043848075,0,0,0,0,0,0.13,0.015674245375157346,-0.07628737538007865,walk forward,0.0868735097179447,3.893136225572061
64.48,-0.06580657170844773,0.0039185613437893365,0.0047766714043848075,0,0,0,0,0,0.13,0.015674245375157346,-0.07628737538007865,walk forward,0.09974442396033036,4.310581711692924
64.5,-0.06580657170844773,0.0039185613437893365,0.0047766714043848075,0,0,0,0,0,0.13,0.015674245375157346,-0.07628737538007865,walk forward,0.09836275650280783,4.4591957181226505
64.52,-0.0654783600627936,0.00385379322166569,0.004752847656365719,0,0,0,0,0,0.13,0.01541517288666276,-0.07590689050803485,walk forward,0.09735858801268948,4.283527940392618
64.54,-0.0654783600627936,0.00385379322166569,0.004752847656365719,0,0,0,0,0,0.13,0.01541517288666276,-0.07590689050803485,walk forward,0.10025401447681867,3.709074674458935
64.56,-0.0654783600627936,0.00385379322166569,0.004752847656365719,0,0,0,0,0,0.13,0.01541517288666276,-0.07590689050803485,walk forward,0.10382061799206702,2.7301977784336695
64.58,-0.0654783600627936,0.00385379322166569,0.004752847656365719,0,0,0,0,0,0.13,0.01541517288666276,-0.07590689050803485,walk forward,0.09915972664675513,1.3790892850825887
64.6,-0.0654783600627936,0.00385379322166569,0.004752847656365719,0,0,0,0,0,0.13,0.01541517288666276,-0.07590689050803485,walk forward,0.09662880195166665,0.5777016601516796
64.62,-0.06515178537955138,0.0037900956224394514,0.004729142729785584,0,0,0,0,0,0.13,0.015160382489757806,-0.07552830331220725,walk forward,0.08838662090630417,1.7195807719811382
64.64,-0.06515178537955138,0.0037900956224394514,0.004729142729785584,0,0,0,0,0,0.13,0.015160382489757806,-0.07552830331220725,walk forward,0.09273214903492003,1.9783923280416444
64.66,-0.06515178537955138,0.0037900956224394514,0.004729142729785584,0,0,0,0,0,0.13,0.015160382489757806,-0.07552830331220725,walk forward,0.08353739989311151,2.1038855501633438
64.68,-0.06515178537955138,0.0037900956224394514,0.004729142729785584,0,0,0,0,0,0.13,0.015160382489757806,-0.07552830331220725,walk forward,0.08115806042849708,2.2006897301720914
64.7,-0.06515178537955138,0.0037900956224394514,0.004729142729785584,0,0,0,0,0,0.13,0.015160382489757806,-0.07552830331220725,walk forward,0.0832828544410825,2.3670606395749174
64.72,-0.06482683949433697,0.0037274508519234755,0.0047055560320200035,0,0,0,0,0,0.13,0.014909803407693902,-0.07515160432789621,walk forward,0.08438382306912309,2.6883672462303534
64.74,-0.06482683949433697,0.0037274508519234755,0.0047055560320200035,0,0,0,0,0,0.13,0.014909803407693902,-0.07515160432789621,walk forward,0.08688484121050842,3.1028718937049993
64.76,-0.06482683949433697,0.0037274508519234755,0.0047055560320200035,0,0,0,0,0,0.13,0.014909803407693902,-0.07515160432789621,walk forward,0.08295078093506264,3.517101002894547
64.78,-0.06482683949433697,0.0037274508519234755,0.0047055560320200035,0,0,0,0,0,0.13,0.014909803407693902,-0.07515160432789621,walk forward,0.09301822352661479,3.7210744330584244
64.8,-0.06482683949433697,0.0037274508519234755,0.0047055560320200035,0,0,0,0,0,0.13,0.014909803407693902,-0.07515160432789621,walk forward,0.10705932819586512,3.561953650356206
64.82,-0.06450351428348632,0.0036658415083898072,0.004682086973400304,0,0,0,0,0,0.13,0.014663366033559229,-0.07477678413760751,walk forward,0.11286058438362069,3.0935803988371626
64.84,-0.06450351428348632,0.0036658415083898072,0.004682086973400304,0,0,0,0,0,0.13,0.014663366033559229,-0.07477678413760751,walk forward,0.11593434001220683,2.390591745533543
64.86,-0.06450351428348632,0.0036658415083898072,0.004682086973400304,0,0,0,0,0,0.13,0.014663366033559229,-0.07477678413760751,walk forward,0.11023412839242573,1.7698323963585931
64.88,-0.06450351428348632,0.0036658415083898072,0.004682086973400304,0,0,0,0,0,0.13,0.014663366033559229,-0.07477678413760751,walk forward,0.10724633253006627,2.1051427945316274
64.9,-0.06450351428348632,0.0036658415083898072,0.004682086973400304,0,0,0,0,0,0.13,0.014663366033559229,-0.07477678413760751,walk forward,0.11121636280200264,2.782500753355122
64.92,-0.06418180166385232,0.003605250477735755,0.004658734967198799,0,0,0,0,0,0.13,0.01442100191094302,-0.0744038333708169,walk forward,0.10690847166657362,2.914072470087785
64.94,-0.06418180166385232,0.003605250477735755,0.004658734967198799,0,0,0,0,0,0.13,0.01442100191094302,-0.0744038333708169,walk forward,0.11025832561530678,3.0109034637381247
64.96,-0.06418180166385232,0.003605250477735755,0.004658734967198799,0,0,0,0,0,0.13,0.01442100191094302,-0.0744038333708169,walk forward,0.10712273331496938,3.1865656743296578
64.98,-0.06418180166385232,0.003605250477735755,0.004658734967198799,0,0,0,0,0,0.13,0.01442100191094302,-0.0744038333708169,walk forward,0.10165365504134098,3.5090417893547716
65.0,-0.06418180166385232,0.003605250477735755,0.004658734967198799,0,0,0,0,0,0.13,0.01442100191094302,-0.0744038333708169,walk forward,0.08935922672205852,3.8962978539569733
65.02,-0.06386169359260271,0.003545660928729864,0.004635499429614116,0,0,0,0,0,0.13,0.014182643714919455,-0.07403274270373575,walk forward,0.08046550757904966,4.273139833341421
65.04,-0.06386169359260271,0.003545660928729864,0.004635499429614116,0,0,0,0,0,0.13,0.014182643714919455,-0.07403274270373575,walk forward,0.08428313246265191,4.387257335418319
65.06,-0.06386169359260271,0.003545660928729864,0.004635499429614116,0,0,0,0,0,0.13,0.014182643714919455,-0.07403274270373575,walk forward,0.09152421881178202,4.079245497041687
65.08,-0.06386169359260271,0.003545660928729864,0.004635499429614116,0,0,0,0,0,0.13,0.014182643714919455,-0.07403274270373575,walk forward,0.09500842675549362,3.3847760396430355
65.1,-0.06386169359260271,0.003545660928729864,0.004635499429614116,0,0,0,0,0,0.13,0.014182643714919455,-0.07403274270373575,walk forward,0.09501402121923315,2.326507601856209
65.12,-0.06354318206701906,0.003487056308336466,0.004612379779756607,0,0,0,0,0,0.13,0.013948225233345863,-0.07366350285907806,walk forward,0.09576455178314261,1.0685893683916132
65.14,-0.06354318206701906,0.003487056308336466,0.004612379779756607,0,0,0,0,0,0.13,0.013948225233345863,-0.07366350285907806,walk forward,0.09671622077726211,1.565533871967496
65.16,-0.06354318206701906,0.003487056308336466,0.004612379779756607,0,0,0,0,0,0.13,0.013948225233345863,-0.07366350285907806,walk forward,0.0742764170139042,2.3012035113661247
65.18,-0.06354318206701906,0.003487056308336466,0.004612379779756607,0,0,0,0,0,0.13,0.013948225233345863,-0.07366350285907806,walk forward,0.05992038661255929,2.4699735196150905
65.2,-0.06354318206701906,0.003487056308336466,0.004612379779756607,0,0,0,0,0,0.13,0.013948225233345863,-0.07366350285907806,walk forward,0.06451226553672271,2.563629846568128
65.22,-0.06322625912429662,0.0034294203371175065,0.0045893754396338195,0,0,0,0,0,0.13,0.013717681348470026,-0.0732961046058285,walk forward,0.07615401622745406,2.6502870967341714
65.24,-0.06322625912429662,0.0034294203371175065,0.0045893754396338195,0,0,0,0,0,0.13,0.013717681348470026,-0.0732961046058285,walk forward,0.08145125651304683,2.8123698709385874
65.26,-0.06322625912429662,0.0034294203371175065,0.0045893754396338195,0,0,0,0,0,0.13,0.013717681348470026,-0.0732961046058285,walk forward,0.08662304549933723,3.0967248959600115
65.28,-0.06322625912429662,0.0034294203371175065,0.0045893754396338195,0,0,0,0,0,0.13,0.013717681348470026,-0.0732961046058285,walk forward,0.08396460999464556,3.4589647012653604
65.3,-0.06322625912429662,0.0034294203371175065,0.0045893754396338195,0,0,0,0,0,0.13,0.013717681348470026,-0.0732961046058285,walk forward,0.0822506368071217,3.7745550982727125
65.32,-0.06291091684134534,0.0033727370047103755,0.004566485834136053,0,0,0,0,0,0.13,0.013490948018841502,-0.0729305387590116,walk forward,0.09414913393877193,3.844841143711608
65.34,-0.06291091684134534,0.0033727370047103755,0.004566485834136053,0,0,0,0,0,0.13,0.013490948018841502,-0.0729305387590116,walk forward,0.10267182024891536,3.6121450213201096
65.36,-0.06291091684134534,0.0033727370047103755,0.004566485834136053,0,0,0,0,0,0.13,0.013490948018841502,-0.0729305387590116,walk forward,0.10413642877860908,3.0611516691131047
65.38,-0.06291091684134534,0.0033727370047103755,0.004566485834136053,0,0,0,0,0,0.13,0.013490948018841502,-0.0729305387590116,walk forward,0.10406557052651448,2.3061913999381254
65.4,-0.06291091684134534,0.0033727370047103755,0.004566485834136053,0,0,0,0,0,0.13,0.013490948018841502,-0.0729305387590116,walk forward,0.09810141960669555,1.8623263547029638
65.42,-0.0625971473345917,0.0033169905653804804,0.004543710391021978,0,0,0,0,0,0.13,0.013267962261521922,-0.07256679617946214,walk forward,0.0889347203496478,2.6030269187660964
65.44,-0.0625971473345917,0.0033169905653804804,0.004543710391021978,0,0,0,0,0,0.13,0.013267962261521922,-0.07256679617946214,walk forward,0.09386440315870817,3.153457613623805
65.46,-0.0625971473345917,0.0033169905653804804,0.004543710391021978,0,0,0,0,0,0.13,0.013267962261521922,-0.07256679617946214,walk forward,0.1056380504434745,3.242427558695608
65.48,-0.0625971473345917,0.0033169905653804804,0.004543710391021978,0,0,0,0,0,0.13,0.013267962261521922,-0.07256679617946214,walk forward,0.11146470958356368,3.3131184430906093
65.5,-0.0625971473345917,0.0033169905653804804,0.004543710391021978,0,0,0,0,0,0.13,0.013267962261521922,-0.07256679617946214,walk forward,0.10817520730438898,3.464580853947817
65.52,-0.062284942759781685,0.00326216553364733,0.004521048540904331,0,0,0,0,0,0.13,0.01304866213458932,-0.07220486777359669,walk forward,0.08582966059758732,3.772768939998303
65.54,-0.062284942759781685,0.00326216553364733,0.004521048540904331,0,0,0,0,0,0.13,0.01304866213458932,-0.07220486777359669,walk forward,0.08387539149910875,4.1418708050725925
65.56,-0.062284942759781685,0.00326216553364733,0.004521048540904331,0,0,0,0,0,0.13,0.01304866213458932,-0.07220486777359669,walk forward,0.09771413522678322,4.358900920043199
65.58,-0.062284942759781685,0.00326216553364733,0.004521048540904331,0,0,0,0,0,0.13,0.01304866213458932,-0.07220486777359669,walk forward,0.08557503156012197,4.355595995396897
65.6,-0.062284942759781685,0.00326216553364733,0.004521048540904331,0,0,0,0,0,0.13,0.01304866213458932,-0.07220486777359669,walk forward,0.08955238630280467,3.933393244370753
65.62,-0.06197429531178468,0.003208246679982912,0.004498499717235677,0,0,0,0,0,0.13,0.012832986719931648,-0.07184474449318626,walk forward,0.09327943456231463,3.0210953835283063
65.64,-0.06197429531178468,0.003208246679982912,0.004498499717235677,0,0,0,0,0,0.13,0.012832986719931648,-0.07184474449318626,walk forward,0.09739532872172761,1.7273258711364923
65.66,-0.06197429531178468,0.003208246679982912,0.004498499717235677,0,0,0,0,0,0.13,0.012832986719931648,-0.07184474449318626,walk forward,0.09776063926132861,0.6398162990545344
65.68,-0.06197429531178468,0.003208246679982912,0.004498499717235677,0,0,0,0,0,0.13,0.012832986719931648,-0.07184474449318626,walk forward,0.08944270917440544,2.002973980543227
65.7,-0.06197429531178468,0.003208246679982912,0.004498499717235677,0,0,0,0,0,0.13,0.012832986719931648,-0.07184474449318626,walk forward,0.07175931473441137,2.422256902466338
65.72,-0.061665197224398303,0.003155219026581172,0.004476063356294251,0,0,0,0,0,0.13,0.012620876106324688,-0.07148641733513006,walk forward,0.05311860650218836,2.5229095129119226
65.74,-0.061665197224398303,0.003155219026581172,0.004476063356294251,0,0,0,0,0,0.13,0.012620876106324688,-0.07148641733513006,walk forward,0.06022968802141808,2.572068186313617
65.76,-0.061665197224398303,0.003155219026581172,0.004476063356294251,0,0,0,0,0,0.13,0.012620876106324688,-0.07148641733513006,walk forward,0.06986066268734152,2.6365881774019004
65.78,-0.061665197224398303,0.003155219026581172,0.004476063356294251,0,0,0,0,0,0.13,0.012620876106324688,-0.07148641733513006,walk forward,0.07946899354850658,2.7796537081340853
65.8,-0.061665197224398303,0.003155219026581172,0.004476063356294251,0,0,0,0,0,0.13,0.012620876106324688,-0.07148641733513006,walk forward,0.07648761312317948,3.005042188395482
65.82,-0.06135764077015427,0.003103067843197414,0.004453738897169861,0,0,0,0,0,0.13,0.012412271372789656,-0.07112987734123052,walk forward,0.0791660029834017,3.260330174215835
65.84,-0.06135764077015427,0.003103067843197414,0.004453738897169861,0,0,0,0,0,0.13,0.012412271372789656,-0.07112987734123052,walk forward,0.07521882354463319,3.49963067610153
65.86,-0.06135764077015427,0.003103067843197414,0.004453738897169861,0,0,0,0,0,0.13,0.012412271372789656,-0.07112987734123052,walk forward,0.07300555595131743,3.5571632290825628
65.88,-0.06135764077015427,0.003103067843197414,0.004453738897169861,0,0,0,0,0,0.13,0.012412271372789656,-0.07112987734123052,walk forward,0.08848261617243428,3.30152251967243
65.9,-0.06135764077015427,0.003103067843197414,0.004453738897169861,0,0,0,0,0,0.13,0.012412271372789656,-0.07112987734123052,walk forward,0.09476113146138836,2.776435212717237
65.92,-0.0610516182601252,0.0030517786430564716,0.004431525781749866,0,0,0,0,0,0.13,0.012207114572225886,-0.07077511559796917,walk forward,0.09143276964257874,2.1257196148933937
65.94,-0.0610516182601252,0.0030517786430564716,0.004431525781749866,0,0,0,0,0,0.13,0.012207114572225886,-0.07077511559796917,walk forward,0.09219081914754594,1.890224715029132
65.96,-0.0610516182601252,0.0030517786430564716,0.004431525781749866,0,0,0,0,0,0.13,0.012207114572225886,-0.07077511559796917,walk forward,0.08448932310960863,2.6812786236611745
65.98,-0.0610516182601252,0.0030517786430564716,0.004431525781749866,0,0,0,0,0,0.13,0.012207114572225886,-0.07077511559796917,walk forward,0.07993124599134999,3.1334177779511503
66.0,-0.0610516182601252,0.0030517786430564716,0.004431525781749866,0,0,0,0,0,0.13,0.012207114572225886,-0.07077511559796917,walk forward,0.09038888898228238,3.36922175174407
