t,valence,arousal,dominance,joy,hope,fear,distress,surprise
0.05,0.0,0.0,0.0,0,0,0,0,0
0.1,0.0,0.0,0.0,0,0,0,0,0
0.15,0.0,0.0,0.0,0,0,0,0,0
0.2,0.0,0.0,0.0,0,0,0,0,0
0.25,0.0,0.0,0.0,0,0,0,0,0
0.3,0.0,0.0,0.0,0,0,0,0,0
0.35,0.0,0.0,0.0,0,0,0,0,0
0.4,0.0,0.0,0.0,0,0,0,0,0
0.45,0.0,0.0,0.0,0,0,0,0,0
0.5,0.0,0.0,0.0,0,0,0,0,0
0.55,0.0,0.0,0.0,0,0,0,0,0
0.6,0.0,0.0,0.0,0,0,0,0,0
0.65,0.0,0.0,0.0,0,0,0,0,0
0.7,0.0,0.0,0.0,0,0,0,0,0
0.75,0.0,0.0,0.0,0,0,0,0,0
0.8,0.0,0.0,0.0,0,0,0,0,0
0.85,0.0,0.0,0.0,0,0,0,0,0
0.9,0.0,0.0,0.0,0,0,0,0,0
0.95,0.0,0.0,0.0,0,0,0,0,0
1.0,0.0,0.0,0.0,0,0,0,0,0
1.05,0.0,0.0,0.0,0,0,0,0,0
1.1,0.0,0.0,0.0,0,0,0,0,0
1.15,0.0,0.0,0.0,0,0,0,0,0
1.2,0.0,0.0,0.0,0,0,0,0,0
1.25,0.0,0.0,0.0,0,0,0,0,0
1.3,0.0,0.0,0.0,0,0,0,0,0
1.35,0.0,0.0,0.0,0,0,0,0,0
1.4,0.0,0.0,0.0,0,0,0,0,0
1.45,0.0,0.0,0.0,0,0,0,0,0
1.5,0.0,0.0,0.0,0,0,0,0,0
1.55,0.0,0.0,0.0,0,0,0,0,0
1.6,0.0,0.0,0.0,0,0,0,0,0
1.65,0.0,0.0,0.0,0,0,0,0,0
1.7,0.0,0.0,0.0,0,0,0,0,0
1.75,0.0,0.0,0.0,0,0,0,0,0
1.8,0.0,0.0,0.0,0,0,0,0,0
1.85,0.0,0.0,0.0,0,0,0,0,0
1.9,0.0,0.0,0.0,0,0,0,0,0
1.95,0.0,0.0,0.0,0,0,0,0,0
2.0,0.0,0.0,0.0,0,0,0,0,0
2.05,0.001594811248382122,0.0007950868857675153,0.0017941626544298872,0.07900622403951053,0,0,0,0
2.1,0.0031595965986401797,0.0015706096868800118,0.0035545461734701744,0.07802479296226664,0,0,0,0
2.15,0.004694947804667116,0.002327005353616615,0.005281816280250484,0.07705555341766576,0,0,0,0
2.2,0.006201442633523263,0.0030646998000150097,0.0069766229627136744,0.07609835396005714,0,0,0,0
2.25,0.007679645257580581,0.0037841082310987803,0.008639600914778167,0.07515304502507808,0,0,0,0
2.3,0.009130106634078483,0.0044856354590291775,0.010271369963338328,0.07421947890628425,0,0,0,0
2.35,0.010553364872542409,0.0051696762085971446,0.011872535481610269,0.07329750973207022,0,0,0,0
2.4,0.011949945590498307,0.0058366154124543865,0.013443688789310626,0.07238699344287677,0,0,0,0
2.45,0.013320362257899454,0.0064868284964659725,0.014985407540136941,0.07148778776868127,0,0,0,0
2.5,0.01466511653066549,0.00712068165555136,0.01649825609699873,0.07059975220676765,0,0,0,0
2.55,0.015984698573717843,0.007738532120365876,0.017982785895432646,0.06972274799977264,0,0,0,0
2.6,0.017279587373881578,0.00834072841516044,0.019439535795616858,0.06885663811400464,0,0,0,0
2.65,0.018550251043008226,0.008927610607143643,0.020869032423384337,0.06800128721803186,0,0,0,0
2.7,0.01979714711166153,0.00949951054765745,0.02227179050061931,0.0671565616615366,0,0,0,0
2.75,0.021020722813694187,0.010056752105465083,0.023648313165406054,0.06632232945443205,0,0,0,0
2.8,0.02222141536203165,0.010599651392437993,0.024999092282285695,0.06549846024623857,0,0,0,0
2.85,0.023399652215966377,0.011128516981917247,0.026324608742962274,0.06468482530571622,0,0,0,0
2.9,0.024555851340255286,0.01164365012001383,0.02762533275778728,0.06388129750075018,0,0,0,0
2.95,0.025690421456300933,0.012145344930101928,0.028901724138338636,0.06308775127848615,0,0,0,0
3.0,0.026803762285687455,0.012633888610749211,0.030154232571398487,0.06230406264571241,0,0,0,0
3.05,0.027896264786331337,0.013109561627318626,0.03138329788462285,0.06153010914948566,0,0,0,0
3.1,0.028968311381497747,0.013572637897467044,0.032589350304185055,0.0607657698579975,0,0,0,0
3.15,0.030020276181923516,0.014023384970757287,0.033772810704664064,0.06001092534167857,0,0,0,0
3.2,0.03105252520127938,0.014462064202591683,0.03493409085143939,0.05926545765453745,0,0,0,0
3.25,0.0320654165651946,0.014888930922667278,0.036073593635844,0.05852925031573137,0,0,0,0
3.3,0.0330593007140598,0.015304234598145103,0.03719171330331736,0.057802188291365804,0,0,0,0
3.35,0.03403452059981529,0.015708218991718467,0.03828883567479227,0.05708415797652023,0,0,0,0
3.4,0.034991411876924644,0.016101122314758215,0.0393653383615403,0.056375047177497105,0,0,0,0
3.45,0.0359303030877261,0.016483177375706093,0.04042159097369194,0.05567474509429139,0,0,0,0
3.5,0.03685151584234736,0.0168546117238808,0.04145795532264085,0.05498314230327781,0,0,0,0
3.55,0.037755364993362434,0.017215647788855183,0.04247478561753282,0.05430013074011319,0,0,0,0
3.6,0.03864215880536287,0.017566503015556914,0.04347242865603332,0.05362560368285118,0,0,0,0
3.65,0.039512199119609376,0.01790738999523932,0.04445122400956064,0.05295945573526675,0,0,0,0
3.7,0.04036578151392406,0.018238516592463595,0.04541150420316467,0.05230158281038781,0,0,0,0
3.75,0.04120319545797743,0.018560086068228145,0.0463535948902247,0.05165188211423139,0,0,0,0
3.8,0.042024724464119145,0.01887229719937602,0.04727781502213413,0.05101025212974189,0,0,0,0
3.85,0.0428306462338961,0.019175344394406255,0.04818447701313319,0.050376592600928825,0,0,0,0
3.9,0.04362123280039604,0.01946941780581053,0.04907388690044562,0.04975080451720163,0,0,0,0
3.95,0.04439675066655055,0.01975470343905183,0.049946344499869455,0.049132790097899046,0,0,0,0
4.0,0.04515746093952602,0.020031383258297734,0.05080214355696688,0.0485224527770107,0,0,0,0
4.05,0.04590361946132698,0.0202996352890166,0.05164157189399299,0.04791969718808846,0,0,0,0
4.1,0.04663547693573181,0.020559633717541173,0.05246491155269842,0.04732442914934524,0,0,0,0
4.15,0.04735327905167647,0.020811548987700133,0.05327243893313616,0.0467365556489389,0,0,0,0
4.2,0.04805726660319812,0.021055547894614602,0.054064424928598004,0.04615598483043897,0,0,0,0
4.25,0.04874767560604629,0.021291793675753012,0.054841135056802215,0.04558262597847388,0,0,0,0
4.3,0.049424737411066066,0.021520446099334425,0.05560282958744947,0.0450163895045565,0,0,0,0
4.35,0.05008867881445342,0.02174166155016714,0.05634976366626024,0.04445718693308576,0,0,0,0
4.4,0.05073972216498007,0.02195559311300626,0.05708218743560273,0.04390493088752216,0,0,0,0
4.45,0.0513780854682816,0.022162390653510965,0.05780034615181695,0.04335953507673501,0,0,0,0
4.5,0.05200398248829921,0.022362200896879333,0.058504480299336775,0.04282091428151926,0,0,0,0
4.55,0.052617622845962914,0.02255516750423577,0.05919482570170845,0.042288984341279826,0,0,0,0
4.6,0.053219212115200226,0.022741431146843433,0.05987161362960042,0.04176366214088132,0,0,0,0
4.65,0.05380895191635257,0.022921129578211567,0.0605350709058968,0.04124486559766116,0,0,0,0
4.7,0.05438704000707781,0.023094397704165066,0.061185420007962676,0.04073251364860397,0,0,0,0
4.75,0.05495367037081547,0.02326136765094134,0.06182287916716753,0.04022652623767531,0,0,0,0
4.8,0.055509033302888255,0.023422168831377217,0.0624476624657494,0.03972682430331279,0,0,0,0
4.85,0.05605331549431106,0.023576928009246448,0.06305997993110005,0.03923332976607252,0,0,0,0
4.9,0.05658670011337641,0.023725769361806228,0.06366003762754857,0.03874596551642903,0,0,0,0
4.95,0.057109366885082974,0.023868814540609233,0.06424803774571844,0.03826465540272676,0,0,0,0
5.0,0.05762149216847132,0.02400618273063556,0.06482417868953033,0.03778932421928122,0,0,0,0
5.05,0.058123249031929475,0.024137990707797232,0.06538865516092077,0.03731989769462791,0,0,0,0
5.1,0.05861480732652831,0.024264352894866,0.06594165824234444,0.03685630247991731,0,0,0,0
5.15,0.05909633375744497,0.024385381415873528,0.06648337547712568,0.03639846613745392,0,0,0,0
5.2,0.059567991953530894,0.024501186149031302,0.06701399094772235,0.03594631712937777,0,0,0,0
5.25,0.06002994253507875,0.024611874778216046,0.06753368535196369,0.03549978480648643,0,0,0,0
5.3,0.060482343179841025,0.0247175528430648,0.06804263607732125,0.03505879939719598,0,0,0,0
5.35,0.060925348687351485,0.024818323787722404,0.06854101727327053,0.03462329199663902,0,0,0,0
5.4,0.06135911104159872,0.02491428900828264,0.06902899992179867,0.03419319455589817,0,0,0,0
5.45,0.06178377947209955,0.025005547898962872,0.06950675190611212,0.033768439871373276,0,0,0,0
5.5,0.06219950051341881,0.025092197897050764,0.06997443807759629,0.03334896157428071,0,0,0,0
5.55,0.06260641806317994,0.02517433452666026,0.07043222032107756,0.03293469412028311,0,0,0,0
5.6,0.06300467343861005,0.0252520514413329,0.07088025761843642,0.03252557277924796,0,0,0,0
5.65,0.06339440543166126,0.02532544046551918,0.07131870611061904,0.03212153362513336,0,0,0,0
5.7,0.06377575036274911,0.025394591634973682,0.07174771915809287,0.03172251352599946,0,0,0,0
5.75,0.06414884213314724,0.025459593236096444,0.07216744739979077,0.031328450134143954,0,0,0,0
5.8,0.06451381227607655,0.025520531844252077,0.07257803881058623,0.03093928187636013,0,0,0,0
5.85,0.0648707900065259,0.025577492361097,0.07297963875734174,0.030554947944315947,0,0,0,0
5.9,0.0652199022698399,0.02563055805094426,0.07337239005356999,0.030175388285052587,0,0,0,0
5.95,0.06556127378910856,0.02567981057619438,0.07375643301274723,0.02980054359160107,0,0,0,0
6.0,0.06589502711139246,0.025725330031859756,0.0741319055003166,0.02943035529371542,0,0,0,0
6.05,0.0662212826528158,0.02576719497920924,0.07449894298441785,0.029064765548720933,0,0,0,0
6.1,0.066540158742559,0.025805482478558725,0.07485767858537896,0.02870371723247616,0,0,0,0
6.15,0.06685177166578146,0.025840268121232576,0.07520824312400423,0.02834715393044713,0,0,0,0
6.2,0.0671562357055038,0.025871626060720142,0.07555076516869187,0.027995019928892462,0,0,0,0
6.25,0.06745366318347874,0.025899629043050643,0.07588537108141369,0.027647260206157997,0,0,0,0
6.3,0.06774416450007806,0.02592434843640904,0.07621218506258792,0.02730382042407953,0,0,0,0
6.35,0.0680278481732228,0.025945854260014795,0.07653132919487576,0.02696464691949238,0,0,0,0
6.4,0.06830482087638295,0.0259642152122847,0.07684292348593094,0.0266296866958464,0,0,0,0
6.45,0.06857518747567179,0.025979498698300258,0.07714708591013088,0.026298887414925167,0,0,0,0
6.5,0.06883905106605961,0.025991770856599518,0.07744393244931719,0.025972197388668017,0,0,0,0
6.55,0.06909651300673077,0.026001096585312553,0.07773357713257223,0.025649565571093692,0,0,0,0
6.6,0.06934767295560693,0.02600753956765923,0.0780161320750579,0.025330941550324296,0,0,0,0
6.65,0.06959262890305934,0.026011162296827293,0.07829170751594186,0.02501627554070834,0,0,0,0
6.7,0.06983147720483156,0.02601202610024827,0.07856041185543561,0.02470551837504163,0,0,0,0
6.75,0.07006431261419403,0.026010191163288034,0.07882235169096839,0.024398621496884782,0,0,0,0
6.8,0.07029122831335083,0.026005716552368545,0.07907763185251979,0.024095536952976206,0,0,0,0
6.85,0.07051231594411861,0.02599866023753652,0.07932635543713354,0.023796217385739282,0,0,0,0
6.9,0.07072766563789698,0.025989079114494548,0.0795686238426342,0.023500616025882663,0,0,0,0
6.95,0.0709373660449491,0.02597702902610945,0.07980453680056783,0.02320868668509246,0,0,0,0
7.0,0.07114150436301062,0.02596256478341244,0.08003419240838702,0.022920383748815245,0,0,0,0
7.05,0.07134016636524468,0.02594574018610501,0.08025768716090033,0.022635662169130665,0,0,0,0
7.1,0.07153343642756016,0.025926608042584186,0.08047511598100524,0.022354477457712622,0,0,0,0
7.15,0.07172139755530962,0.02590522018950025,0.08068657224972339,0.022076785678877886,0,0,0,0
7.2,0.0719041314093834,0.02588162751085974,0.0808921478355564,0.021802543442721044,0,0,0,0
7.25,0.0720817183317152,0.025855879956686097,0.08109193312317968,0.021531707898334747,0,0,0,0
7.3,0.07225423737021473,0.0258280265612499,0.08128601704149166,0.021264236727114163,0,0,0,0
7.35,0.07242176630314198,0.02579811546088039,0.08147448709103483,0.021000088136144617,0,0,0,0
7.4,0.07258438166293762,0.025766193911369493,0.08165742937080492,0.020739220851671354,0,0,0,0
7.45,0.07274215875952339,0.025732308304979357,0.0818349286044639,0.02048159411265044,0,0,0,0
7.5,0.07289517170308614,0.025696504187063922,0.08200706816597199,0.020227167664379753,0,0,0,0
7.55,0.07304349342635864,0.02565882627231491,0.08217393010465354,0.01997590175220912,0,0,0,0
7.6,0.07318719570640995,0.025619318460642138,0.08233559516971127,0.019727757115328554,0,0,0,0
7.65,0.07332634918595782,0.02557802385269789,0.08249214283420261,0.019482694980633694,0,0,0,0
7.7,0.07346102339421515,0.02553498476505471,0.0826436513184921,0.019240677056667408,0,0,0,0
7.75,0.07359128676728238,0.025490242745045785,0.08279019761319276,0.01900166552763669,0,0,0,0
7.8,0.07371720666809711,0.025443838585276685,0.08293185750160932,0.01876562304750385,0,0,0,0
7.85,0.07383884940595199,0.025395812337817136,0.08306870558169606,0.01853251273415114,0,0,0,0
7.9,0.0739562802555919,0.025346203328081098,0.08320081528754095,0.018302298163617833,0,0,0,0
7.95,0.0740695634759006,0.02529505016840326,0.08332825891038823,0.018074943364408905,0,0,0,0
8.0,0.07417876232818736,0.025242390771319803,0.08345110761921083,0.017850412811874425,0,0,0,0
8.05,0.07478884892020393,0.025458373923284785,0.08413745503522946,0.09663489546216927,0,0,0,0
8.1,0.07538607628812737,0.025666769054344916,0.08480933582414332,0.0954344775114853,0,0,0,0
8.15,0.07597066582765095,0.02586773530989457,0.08546699905610736,0.09424897139207544,0,0,0,0
8.2,0.07654283453501104,0.026061428428548108,0.08611068885188744,0.09307819186619662,0,0,0,0
8.25,0.07710279511193562,0.026248000827124373,0.08674064450092758,0.09192195599716595,0,0,0,0
8.3,0.07765075606767903,0.026427601683151475,0.08735710057613894,0.0907800831207765,0,0,0,0
8.35,0.07818692181823364,0.026600377014973312,0.08796028704551287,0.08965239481706817,0,0,0,0
8.4,0.07871149278280647,0.02676646975953628,0.0885504293806573,0.08853871488244924,0,0,0,0
8.45,0.07922466547764555,0.02692601984793188,0.08912774866235126,0.08743886930216412,0,0,0,0
8.5,0.07972663260729808,0.027079164278768192,0.08969246168321035,0.08635268622310321,0,0,0,0
8.55,0.0802175831533793,0.027226037189440562,0.09024478104755174,0.08527999592695056,0,0,0,0
8.6,0.08069770246092885,0.027366769925369426,0.09078491526854497,0.084220630803665,0,0,0,0
8.65,0.08116717232242814,0.02750149110727066,0.09131306886273168,0.08317442532529072,0,0,0,0
8.7,0.08162617105955051,0.02763032669652171,0.09182944244199436,0.08214121602009321,0,0,0,0
8.75,0.0820748736027128,0.027753400058684322,0.09233423280305193,0.08112084144701642,0,0,0,0
8.8,0.0825134515684951,0.027870832025242796,0.09282763301455701,0.08011314217045737,0,0,0,0
8.85,0.08294207333499325,0.027982740953614377,0.09330983250186743,0.07911796073535392,0,0,0,0
8.9,0.08336090411516621,0.02808924278548663,0.09378101712956201,0.07813514164258209,0,0,0,0
8.95,0.08377010602823856,0.02819045110353461,0.0942413692817684,0.0771645313246591,0,0,0,0
9.0,0.08416983816921637,0.028286477186568855,0.09469106794036845,0.07620597812174805,0,0,0,0
9.05,0.08456025667657271,0.02837743006316349,0.09513028876114434,0.07525933225796079,0,0,0,0
9.1,0.08494151479815723,0.028463416563811933,0.09555920414792692,0.07432444581795514,0,0,0,0
9.15,0.08531376295538248,0.02854454137165622,0.09597798332480532,0.0734011727238228,0,0,0,0
9.2,0.08567714880573796,0.028620907071834206,0.09638679240645523,0.07248936871226441,0,0,0,0
9.25,0.08603181730368101,0.028692614199487567,0.09678579446664116,0.07158889131204807,0,0,0,0
9.3,0.08637791075995235,0.028759761286471914,0.09717514960494643,0.07069959982174798,0,0,0,0
9.35,0.08671556889936238,0.028822444906809023,0.09755501501178271,0.06982135528775948,0,0,0,0
9.4,0.08704492891709274,0.028880759720919795,0.09792554503172936,0.06895402048258735,0,0,0,0
9.45,0.08736612553355645,0.028934798518675253,0.09828689122525103,0.06809745988340367,0,0,0,0
9.5,0.08767929104785845,0.028984652261301654,0.09863920242884078,0.06725153965087212,0,0,0,0
9.55,0.08798455538989682,0.02903041012217453,0.09898262481363394,0.06641612760823534,0,0,0,0
9.6,0.0882820461711441,0.029072159526535378,0.09931730194253714,0.06559109322066202,0,0,0,0
9.65,0.08857188873414645,0.029109986190163514,0.09964337482591479,0.06477630757485053,0,0,0,0
9.7,0.0888542062007774,0.029143974157034624,0.0999609819758746,0.06397164335888603,0,0,0,0
9.75,0.08912911951928182,0.029174205835996368,0.10027025945919206,0.06317697484234769,0,0,0,0
9.8,0.08939674751014448,0.029200762036490503,0.10057134094891255,0.062392177856663004,0,0,0,0
9.85,0.08965720691081662,0.02922372200335,0.1008643577746687,0.061617129775706304,0,0,0,0
9.9,0.08991061241933267,0.029243163450698592,0.10114943897174924,0.06085170949663808,0,0,0,0
9.95,0.09015707673684861,0.02925916259497944,0.10142671132895469,0.06009579742098247,0,0,0,0
10.0,0.0903967106091323,0.029271794187138607,0.10169629943527383,0.05934927543593974,0,0,0,0
10.05,0.09062962286703485,0.029281131543988304,0.10195832572541419,0.058612026895930924,0,0,0,0
10.1,0.09085592046597185,0.029287246578773896,0.10221291052421831,0.05788393660437169,0,0,0,0
10.15,0.09107570852444191,0.029290209830968087,0.10246017208999712,0.05716489079567266,0,0,0,0
10.2,0.09128909036160918,0.029290090495314763,0.1027002266568103,0.056454777117463335,0,0,0,0
10.25,0.09149616753397585,0.02928695645014436,0.10293318847572282,0.05575348461303675,0,0,0,0
10.3,0.09169703987116976,0.02928087428498185,0.10315916985506596,0.0550609037040123,0,0,0,0
10.35,0.09189180551087128,0.02927190932746783,0.1033782811997302,0.04445718693308576,0,0,0,0
10.4,0.09234588405840553,0.029406768231229466,0.10388911956570622,0.04390493088752216,0,0,0,0
10.45,0.09278935406792489,0.029535527018829028,0.1043880233264155,0.04335953507673501,0,0,0,0
10.5,0.09322239472348057,0.0296583147971241,0.10487519406391563,0.04282091428151926,0,0,0,0
10.55,0.09364518176774578,0.029775257986026392,0.10535082948871398,0.042288984341279826,0,0,0,0
10.6,0.09405788758155499,0.029886480383193394,0.10581512352924935,0.04176366214088132,0,0,0,0
10.65,0.09446068126129337,0.029992103226887258,0.10626826641895502,0.04124486559766116,0,0,0,0
10.7,0.09485372869420172,0.03009224525705961,0.10671044478097692,0.04073251364860397,0,0,0,0
10.75,0.09523719263166043,0.030187022774718963,0.10714184171061797,0.04022652623767531,0,0,0,0
10.8,0.09561123276051342,0.030276549699635433,0.10756263685557757,0.03972682430331279,0,0,0,0
10.85,0.09597600577249132,0.03036093762643551,0.10797300649405271,0.03923332976607252,0,0,0,0
10.9,0.09633166543179107,0.03044029587913781,0.10837312361076493,0.03874596551642903,0,0,0,0
10.95,0.09667836264086707,0.030514731564179033,0.10876315797097542,0.03826465540272676,0,0,0,0
11.0,0.09701624550448745,0.030584349621977487,0.10914327619254835,0.03778932421928122,0,0,0,0
11.05,0.09734545939210708,0.030649252877080122,0.10951364181612043,0.03731989769462791,0,0,0,0
11.1,0.09766614699860734,0.030709542086937235,0.10987441537343323,0.03685630247991731,0,0,0,0
11.15,0.09797844840345095,0.030765315989347602,0.11022575445388229,0.03639846613745392,0,0,0,0
11.2,0.09828250112829857,0.030816671348615342,0.11056781376933587,0.03594631712937777,0,0,0,0
11.25,0.09857844019313261,0.030863703000458327,0.11090074521727417,0.03549978480648643,0,0,0,0
11.3,0.09886639817093171,0.030906503895706657,0.11122469794229815,0.03505879939719598,0,0,0,0
11.35,0.09914650524093857,0.03094516514282842,0.11153981839605588,0.03462329199663902,0,0,0,0
11.4,0.09941888924056194,0.030979776049318657,0.11184625039563217,0.03419319455589817,0,0,0,0
11.45,0.09968367571595235,0.031010424161986277,0.11214413518044639,0.033768439871373276,0,0,0,0
11.5,0.09994098797129025,0.031037195306172466,0.11243361146770152,0.03334896157428071,0,0,0,0
11.55,0.10019094711682347,0.03106017362393306,0.1127148155064264,0.03293469412028311,0,0,0,0
11.6,0.1004336721156901,0.03107944161121621,0.11298788113015136,0.03252557277924796,0,0,0,0
11.65,0.10066927982956164,0.03109508015406564,0.11325293980825685,0.03212153362513336,0,0,0,0
11.7,0.10089788506314012,0.03110716856387884,0.11351012069603265,0.03172251352599946,0,0,0,0
11.75,0.10111960060754188,0.031115784611748486,0.11375955068348464,0.031328450134143954,0,0,0,0
11.8,0.10133453728259958,0.031121004561914484,0.11400135444292457,0.03093928187636013,0,0,0,0
11.85,0.10154280397811327,0.03112290320435316,0.11423565447537747,0.030554947944315947,0,0,0,0
11.9,0.10174450769407993,0.03112155388652918,0.11446257115583996,0.030175388285052587,0,0,0,0
11.95,0.10193975357993054,0.031117028544335002,0.1146822227774219,0.02980054359160107,0,0,0,0
12.0,0.10212864497280233,0.03110939773224183,0.11489472559440267,0.02943035529371542,0,0,0,0
12.05,0.10231128343487328,0.031098730652685248,0.1151001938642325,0.029064765548720933,0,0,0,0
12.1,0.10248776878978506,0.031085095184707985,0.11529873988850825,0.02870371723247616,0,0,0,0
12.15,0.1026581991581797,0.031068557911881515,0.11549047405295222,0.02834715393044713,0,0,0,0
12.2,0.10282267099237466,0.031049184149527488,0.11567550486642156,0.027995019928892462,0,0,0,0
12.25,0.10298127911020005,0.031027037971259344,0.11585393899897514,0.027647260206157997,0,0,0,0
12.3,0.10313411672802111,0.031002182234863774,0.11602588131902383,0.02730382042407953,0,0,0,0
12.35,0.10328127549296831,0.030974678607541065,0.11619143492958944,0.02696464691949238,0,0,0,0
12.4,0.10342284551439687,0.030944587590522793,0.11635070120369657,0.0266296866958464,0,0,0,0
12.45,0.10355891539459666,0.030911968543084683,0.11650377981892135,0.026298887414925167,0,0,0,0
12.5,0.10368957225877293,0.030876879705971944,0.11665076879111966,0.025972197388668017,0,0,0,0
12.55,0.10381490178431763,0.030839378224253793,0.11679176450735743,0.025649565571093692,0,0,0,0
12.6,0.10393498822939057,0.030799520169623385,0.11692686175806448,0.025330941550324296,0,0,0,0
12.65,0.10404991446082906,0.03075736056215883,0.11705615376843279,0.02501627554070834,0,0,0,0
12.7,0.10415976198140402,0.03071295339156052,0.1171797322290796,0.02470551837504163,0,0,0,0
12.75,0.1042646109564401,0.030666351637879473,0.11729768732599519,0.024398621496884782,0,0,0,0
12.8,0.10436454023981698,0.030617607291750927,0.11741010776979417,0.024095536952976206,0,0,0,0
12.85,0.10445962739936805,0.030566771374147084,0.11751708082428913,0.023796217385739282,0,0,0,0
12.9,0.10454994874169282,0.030513893955662296,0.1176186923344045,0.023500616025882663,0,0,0,0
12.95,0.10463557933639835,0.030459024175343727,0.11771502675344821,0.02320868668509246,0,0,0,0
13.0,0.10471659303978487,0.030402210259080048,0.11780616716975804,0.022920383748815245,0,0,0,0
13.05,0.10479306251799034,0.03034349953756032,0.1178921953327392,0.022635662169130665,0,0,0,0
13.1,0.10486505926960799,0.03028293846381492,0.11797319167830905,0.022354477457712622,0,0,0,0
13.15,0.1049326536477907,0.030220572630349916,0.1180492353537646,0.022076785678877886,0,0,0,0
13.2,0.10499591488185571,0.030156446785885985,0.11812040424208774,0.021802543442721044,0,0,0,0
13.25,0.10505491109840255,0.030090604851712666,0.11818677498570293,0.021531707898334747,0,0,0,0
13.3,0.1051097093419569,0.030023089937668335,0.11824842300970156,0.021264236727114163,0,0,0,0
13.35,0.10516037559515257,0.029953944357756022,0.11830542254454668,0.021000088136144617,0,0,0,0
13.4,0.10520697479846362,0.029883209645404904,0.11835784664827162,0.020739220851671354,0,0,0,0
13.45,0.10524957086949818,0.029810926568386926,0.1184057672281855,0.02048159411265044,0,0,0,0
13.5,0.10528822672186502,0.029737135143397826,0.11844925506209819,0.020227167664379753,0,0,0,0
13.55,0.10532300428362414,0.029661874650311473,0.11848837981907719,0.01997590175220912,0,0,0,0
13.6,0.10535396451533162,0.029585183646116203,0.11852321007974811,0.019727757115328554,0,0,0,0
13.65,0.1053811674276894,0.029507099978541576,0.11855381335615062,0.019482694980633694,0,0,0,0
13.7,0.10540467209880963,0.02942766079938371,0.1185802561111609,0.019240677056667408,0,0,0,0
13.75,0.10542453669110372,0.02934690257753711,0.11860260377749175,0.01900166552763669,0,0,0,0
13.8,0.10544081846780515,0.02926486111174069,0.11862092077628086,0.01876562304750385,0,0,0,0
13.85,0.10545357380913561,0.029181571543045445,0.11863527053527764,0.01853251273415114,0,0,0,0
13.9,0.10546285822812314,0.029097068367011,0.1186457155066386,0.018302298163617833,0,0,0,0
13.95,0.10546872638608104,0.029011385445638076,0.11865231718434124,0.018074943364408905,0,0,0,0
14.0,0.10547123210775608,0.02892455601904368,0.11865513612122566,0.017850412811874425,0,0,0,0
14.05,0.10547042839615409,0.028836612716885656,0.11865423194567343,0.017628671422658747,0,0,0,0
14.1,0.10546636744705098,0.028747587569543,0.11864966337793244,0.01740968454921867,0,0,0,0
14.15,0.10545910066319697,0.028657512019058192,0.11864148824609667,0.017193417974409684,0,0,0,0
14.2,0.1054486786682215,0.028566416929847606,0.11862976350174925,0.01697983790613948,0,0,0,0
14.25,0.10543515132024622,0.028474332599185866,0.11861454523527706,0.016768910972087863,0,0,0,0
14.3,0.1054185677252133,0.028381288767469866,0.11859588869086501,0.016560604214492246,0,0,0,0
14.35,0.10539897624993569,0.028287314628268022,0.1185738482811777,0.016354885084997956,0,0,0,0
14.4,0.10537642453487649,0.028192438838160097,0.1185484776017361,0.01615172143957247,0,0,0,0
14.45,0.10535095950666368,0.028096689526372877,0.11851982944499669,0.015951081533482847,0,0,0,0
14.5,0.10532262739034673,0.028000094304216752,0.11848795581414011,0.01575293401633556,0,0,0,0
14.55,0.10529147372140135,0.027902680274328164,0.11845290793657656,0.01555724792717792,0,0,0,0
14.6,0.10525754335748835,0.027804474039722703,0.11841473627717444,0.015363992689660365,0,0,0,0
14.65,0.10522088048997254,0.027705501712663512,0.11837349055121915,0.015173138107258857,0,0,0,0
14.7,0.10518152865520733,0.027605788923349542,0.11832921973710829,0.014984654358556598,0,0,0,0
14.75,0.10513953074559075,0.027505360828428048,0.11828197208878964,0.014798511992584378,0,0,0,0
14.8,0.1050949290203982,0.027404242119335613,0.11823179514794803,0.014614681924218807,0,0,0,0
14.85,0.10504776511639721,0.027302457030471853,0.11817873575594692,0.014433135429637697,0,0,0,0
14.9,0.10499808005824943,0.027200029347209845,0.11812284006553066,0.014253844141831909,0,0,0,0
14.95,0.10494591426870474,0.0270969824137472,0.11806415355229288,0.014076780046172953,0,0,0,0
15.0,0.10489130757859254,0.02699333914080161,0.11800272102591666,0.013901915476035644,0,0,0,0
15.05,0.10484586616818874,0.027035920025624584,0.1178617813333761,0.013729223108475132,0.04740373442370631,0,0,0
15.1,0.10479792059386278,0.027074773939094743,0.11771950043146442,0.01355867595995764,0.04681487577735997,0,0,0
15.15,0.10474751248296334,0.027109980029764093,0.11757590202005597,0.013390247382144232,0.04623333205059944,0,0,0
15.2,0.10469468277600272,0.02714161592675163,0.11743100943560214,0.013223911057726955,0.04565901237603427,0,0,0
15.25,0.10463947174049906,0.02716975777229218,0.1172848456581655,0.013059640996316704,0.04509182701504684,0,0,0
15.3,0.10458191898447988,0.02719448025345972,0.11713743331828118,0.012897411530382173,0.04453168734377054,0,0,0
15.35,0.1045220634696564,0.027215856633089282,0.11698879470365042,0.012737197311239252,0.04397850583924213,0,0,0
15.4,0.10445994352427797,0.027233958779920832,0.11683895176567119,0.012578973305090242,0.04343219606572606,0,0,0
15.45,0.10439559685567543,0.027248857197987593,0.11668792612581022,0.012422714789112272,0.042892672661208754,0,0,0
15.5,0.10432906056250199,0.027260621055270787,0.1165357390818211,0.01226839734759431,0.04235985132406058,0,0,0
15.55,0.10426037114668005,0.027269318211641875,0.11638241161381266,0.012115996868122158,0.04183364879986358,0,0,0
15.6,0.10418956452506206,0.027275015246112814,0.11622796439017186,0.011965489537810837,0.04131398286840278,0,0,0
15.65,0.10411667604081337,0.027277777483414135,0.11607241777334518,0.011816851839583776,0.040800772330819114,0,0,0
15.7,0.10404174047452448,0.027277669019920063,0.11591579182548253,0.011670060548498222,0.04029393699692196,0,0,0
15.75,0.10396479205506033,0.02727475274893926,0.11575810631394742,0.011525092728116294,0.03979339767265922,0,0,0
15.8,0.10388586447015363,0.0272690903853892,0.11559938071669713,0.011381925726921116,0.03929907614774313,0,0,0
15.85,0.10380499087674931,0.02726074248987159,0.11543963422753642,0.011240537174777479,0.03881089518342972,0,0,0
15.9,0.10372220391110674,0.02724976849216577,0.11527888576124826,0.01110090497943645,0.0383287785004501,0,0,0
15.95,0.10363753569866634,0.02723622671415641,0.11511715395860507,0.010963007323083427,0.03785265076709168,0,0,0
16.0,0.10355101786368681,0.02722017439221137,0.11495445719126353,0.010826822658929045,0.03738243758742744,0,0,0
16.05,0.10346268153865938,0.027201667699025094,0.11479081356654627,0.010692329707842464,0.03691806548969139,0,0,0
16.1,0.10337255737350477,0.027180761764942368,0.11462624093211354,0.010559507455026446,0.03645946191479849,0,0,0
16.15,0.10328067554455887,0.027157510698776925,0.11446075688052772,0.010428335146733761,0.03600655520500713,0,0,0
16.2,0.1031870657633527,0.02713196760813881,0.11429437875371368,0.010298792287024365,0.03555927459272246,0,0,0
16.25,0.10309175728519204,0.02710418461928408,0.11412712364731775,0.010170858634562874,0.03511755018943881,0,0,0
16.3,0.10299477891754226,0.027074212896499927,0.11395900841496806,0.010044514199455805,0.03468131297481947,0,0,0
16.35,0.10289615902822319,0.027042102661038014,0.1137900496724388,0,0.03425049478591212,0,0,0
16.4,0.10280540265154714,0.02711259182868339,0.11356805289574363,0,0.033825028306498243,0,0,0
16.45,0.10271296349843145,0.02717871764153812,0.11334621356256357,0,0.033404847056574816,0,0,0
16.5,0.10261887035041083,0.027240571855648127,0.11312453129082722,0,0.03298988538196666,0,0,0
16.55,0.10252315151952317,0.027298244430201846,0.11290300576421552,0,0.03258007844406789,0,0,0
16.6,0.10242583485792177,0.027351823567292814,0.11268163673022577,0,0.032175362209710685,0,0,0
16.65,0.10232694776724456,0.02740139575064153,0.11246042399828235,0,0.03177567344116003,0,0,0
16.7,0.10222651720774759,0.027447045783307727,0.11223936743789287,0,0.031380949686232666,0,0,0
16.75,0.10212456970720936,0.02748885682442326,0.11201846697684842,0,0.030991129268538815,0,0,0
16.8,0.10202113136961279,0.02752691042497476,0.11179772259946709,0,0.030606151277845117,0,0,0
16.85,0.10191622788361088,0.027561286562664232,0.11157713434487933,0,0.03022595556055728,0,0,0
16.9,0.10180988453078259,0.027592063675874967,0.11135670230535427,0,0.029850482710320963,0,0,0
16.95,0.10170212619368457,0.02761931869676904,0.11113642662466591,0,0.029479674058739413,0,0,0
17.0,0.10159297736370479,0.027643127083542034,0.11091630749649814,0,0.029113471666206404,0,0,0
17.05,0.10148246214872347,0.027663562851859662,0.11069634516288762,0,0.028751818312853058,0,0,0
17.1,0.10137060428058697,0.027680698605500147,0.11047653991270366,0,0.028394657489607122,0,0,0
17.15,0.10125742712239962,0.027694605566225553,0.11025689208016402,0,0.02804193338936332,0,0,0
17.2,0.1011429536756388,0.027705353602904437,0.11003740204338583,0,0.027693590898263364,0,0,0
17.25,0.10102720658709821,0.027713011259907463,0.10981807022297077,0,0.027349575587084306,0,0,0
17.3,0.100910208155664,0.02771764578479699,0.1095988970806236,0,0.027009833702733875,0,0,0
17.35,0.10079198033892844,0.027719323155330915,0.1093798831178033,0,0.02667431215985143,0,0,0
17.4,0.10067254475964578,0.027718108105800426,0.10916102887440597,0,0.02634295853251327,0,0,0
17.45,0.10055192271203442,0.027714064152720718,0.1089423349274787,0,0.026015721046040982,0,0,0
17.5,0.10043013516792987,0.027707253619893093,0.10872380188996375,0,0.025692548568911535,0,0,0
17.55,0.10030720278279241,0.02769773766285627,0.10850543040947214,0,0.025373390604767874,0,0,0
17.6,0.10018314590157354,0.02768557629274422,0.10828722116708621,0,0.025058197284528773,0,0,0
17.65,0.10005798456444506,0.027670828399567256,0.10806917487619017,0,0.02474691935859668,0,0,0
17.7,0.09993173851239451,0.027653551774932585,0.10785129228132814,0,0.024439508189162365,0,0,0
17.75,0.09980442719269059,0.02763380313422006,0.10763357415708899,0,0.024135915742605173,0,0,0
17.8,0.09967606976422218,0.027611638138228315,0.10741602130701736,0,0.023836094581987665,0,0,0
17.85,0.09954668510271422,0.02758711141430605,0.1071986345625502,0,0.023539997859643502,0,0,0
17.9,0.09941629180582393,0.027560276576982765,0.10698141478197833,0,0.023247579309857408,0,0,0
17.95,0.09928490819812039,0.027531186248112786,0.10676436284943226,0,0.022958793241636046,0,0,0
18.0,0.09915255233595094,0.027499892076545972,0.10654747967389194,0,0.022673594531568718,0,0,0
18.05,0.099019242012197,0.027466444757338157,0.10633076618821966,0,0.022391938616776734,0,0,0
18.1,0.09888499476092258,0.027430894050513917,0.10611422334821569,0,0.022113781487950374,0,0,0
18.15,0.09874982786191822,0.027393288799393872,0.1058978521316962,0,0.021839079682472343,0,0,0
18.2,0.09861375834514313,0.027353676948498398,0.10568165353759276,0,0.02156779027762665,0,0,0
18.25,0.09847680299506828,0.027312105561039222,0.10546562858507308,0,0.021299870883891847,0,0,0
18.3,0.09833897835492283,0.02726862083601003,0.10524977831268245,0,0.021035279638317576,0,0,0
18.35,0.09820030073084687,0.027223268124886926,0.10503410377750544,0,0.0207739751979834,0,0,0
18.4,0.09806078619595246,0.02717609194794919,0.1048186060543474,0,0.02051591673353889,0,0,0
18.45,0.09792045059429565,0.027127136010230507,0.10460328623493524,0,0.020261063922823955,0,0,0
18.5,0.09777930954476176,0.02707644321711051,0.10438814542713722,0,0.020009376944568415,0,0,0
18.55,0.09763737844486611,0.02702405568955623,0.10417318475420109,0,0.01976081647216986,0,0,0
18.6,0.0974946724744724,0.0269700147790227,0.10395840535401052,0,0.01951534366754877,0,0,0
18.65,0.09735120659943092,0.02691436108202171,0.10374380837835892,0,0.019272920175080012,0,0,0
18.7,0.09720699557513864,0.026857134454367465,0.10352939499224086,0,0.01903350811559967,0,0,0
18.75,0.09706205395002311,0.026798374025107617,0.1033151663731601,0,0.018797070080486363,0,0,0
18.8,0.0969163960689523,0.026738118210147866,0.10310112371045442,0,0.018563569125816068,0,0,0
18.85,0.09677003607657207,0.026676404725578143,0.10288726820463644,0,0.018332968766589557,0,0,0
18.9,0.09662298792057317,0.026613270600708096,0.10267360106675032,0,0.018105232971031542,0,0,0
18.95,0.0964752653548897,0.026548752190819425,0.10246012351774399,0,0.017880326154960633,0,0,0
19.0,0.09632688194283062,0.026482885189642313,0.10224683678785643,0,0.017658213176229242,0,0,0
19.05,0.09617785106014601,0.026415704641563117,0.10203374211601984,0,0.017438859329232552,0,0,0
19.1,0.09602818589802975,0.0263472449535701,0.10182084074927628,0,0.017222230339485688,0,0,0
19.15,0.09587789946606026,0.026277539906943984,0.10160813394220844,0,0.017008292358268267,0,0,0
19.2,0.09572700459508082,0.02620662266869972,0.10139562295638446,0,0.01679701195733547,0,0,0
19.25,0.09557551394002087,0.02613452580278584,0.1011833090598161,0,0.01658835612369479,0,0,0
19.3,0.09542343998265998,0.026061281281047483,0.10097119352643037,0,0.01638229225444771,0,0,0
19.35,0.09527079503433572,0.02598692049395901,0.10075927763555413,0,0.01617878815169542,0,0,0
19.4,0.09511759123859688,0.02591147426113204,0.10054756267141145,0,0.015977812017507833,0,0,0
19.45,0.09496384057380343,0.025834972841604457,0.10033604992263331,0,0.015779332448955092,0,0,0
19.5,0.0948095548556745,0.025757445943915866,0.10012474068177972,0,0.015583318433200802,0,0,0
19.55,0.09465474573978554,0.02567892273597476,0.09991363624487358,0,0.015389739342656207,0,0,0
19.6,0.0944994247240162,0.025599431854722608,0.09970273791094636,0,0.01519856493019457,0,0,0
19.65,0.09434360315094982,0.02551900141559976,0.09949204698159517,0,0.015009765324424997,0,0,0
19.7,0.09418729221022573,0.025437659021818104,0.09928156476055107,0,0.014823311025024969,0,0,0
19.75,0.09403050294084585,0.025355431773445184,0.09907129255325833,0,0.014639172898130862,0,0,0
19.8,0.09387324623343621,0.025272346276304307,0.09886123166646446,0,0.014457322171785716,0,0,0
19.85,0.09371553283246481,0.025188428650695188,0.09865138340782076,0,0.014277730431443562,0,0,0
19.9,0.09355737333841677,0.025103704539939382,0.09844174908549311,0,0.01410036961552959,0,0,0
19.95,0.09339877820992772,0.025018199118754796,0.09823233000778295,0,0.01392521201105547,0,0,0
20.0,0.09323975776587659,0.024931937101463283,0.09802312748275811,0,0.01375223024928914,0,0,0
20.05,0.09308032218743853,0.024844942750035418,0.09781414281789322,0,0.013581397301478393,0,0,0
20.1,0.09292048152009916,0.024757239881976215,0.09760537731971972,0,0.013412686474627568,0,0,0
20.15,0.09276024567563085,0.024668851878055648,0.09739683229348509,0,0.013246071407326726,0,0,0
20.2,0.09259962443403211,0.02457980168988756,0.09718850904282117,0,0.01308152606563262,0,0,0
20.25,0.09243862744543073,0.024490111847360586,0.09698040886942144,0,0.012919024739000843,0,0,0
20.3,0.09227726423195176,0.024399804465924536,0.09677253307272685,0,0.012758542036268493,0,0,0
20.35,0.09211554418955095,0.024308901253735568,0.09656488294962036,0,0.012600052881686766,0,0,0
20.4,0.09195347658981465,0.02421742351866351,0.09635745979412982,0,0.012443532511002808,0,0,0
20.45,0.09179107058172664,0.024125392175164476,0.09615026489713895,0,0.012288956467590258,0,0,0
20.5,0.09162833519340309,0.02403282775102186,0.09594329954610639,0,0.012136300598627846,0,0,0
20.55,0.09146527933379589,0.023939750393958792,0.09573656502479266,0,0.011985541051325465,0,0,0
20.6,0.09130191179436553,0.023846179878124946,0.0955300626129947,0,0.011836654269197127,0,0,0
20.65,0.09113824125072384,0.023752135610460592,0.09532379358628806,0,0.01168961698838021,0,0,0
20.7,0.09097427626424762,0.02365763663694065,0.09511775921577639,0,0.011544406234000437,0,0,0
20.75,0.0908100252836635,0.023562701648701487,0.09491196076784825,0,0.011400999316582006,0,0,0
20.8,0.0906454966466049,0.023467348988053097,0.09470639950394089,0,0.011259373828502303,0,0,0
20.85,0.09048069858114169,0.023371596654379198,0.09450107668031107,0,0.011119507640490677,0,0,0
20.9,0.09031563920728303,0.02327546230992779,0.09429599354781268,0,0.010981378898170692,0,0,0
20.95,0.09015032653845412,0.02317896328549459,0.09409115135168086,0,0.010844966018645336,0,0,0
21.0,0.08998476848294742,0.023082116586001726,0.09388655133132287,0,0.010710247687124648,0,0,0
21.05,0.0898189728453489,0.022984938895973993,0.09368219472011516,0,0.01057720285359524,0,0,0
21.1,0.08965294732793971,0.022887446584914935,0.0934780827452068,0,0.010445810729531194,0,0,0
21.15,0.08948669953207422,0.02278965571258492,0.09327421662732902,0,0.010316050784645803,0,0,0
21.2,0.08932023695953445,0.02269158203418338,0.09307059758061068,0,0.010187902743683683,0,0,0
21.25,0.08915356701386175,0.022593241005437262,0.09286722681239974,0,0.01006134658325271,0,0,0
21.3,0.0889866970016661,0.02249464778759774,0.0926641055230904,0,0,0,0,0
21.35,0.08876450811099863,0.02230797128841691,0.0924327345934504,0,0,0,0,0
21.4,0.0885428739987958,0.02212284396287398,0.0922019413687025,0,0,0,0,0
21.45,0.0883217932798437,0.02193925295483028,0.09197172440638829,0,0,0,0,0
21.5,0.0881012645723871,0.021757185514836467,0.091742082267651,0,0,0,0,0
21.55,0.08788128649812085,0.02157662899924715,0.09151301351722653,0,0,0,0,0
21.6,0.08766185768218131,0.021397570869342856,0.09128451672343443,0,0,0,0,0
21.65,0.08744297675313763,0.021219998690459266,0.09105659045816901,0,0,0,0,0
21.7,0.0872246423429833,0.02104390013112371,0.09082923329689035,0,0,0,0,0
21.75,0.08700685308712755,0.020869262962198796,0.09060244381861547,0,0,0,0,0
21.8,0.08678960762438682,0.020696075056033162,0.09037622060590939,0,0,0,0,0
21.85,0.08657290459697627,0.020524324385619283,0.09015056224487629,0,0,0,0,0
21.9,0.08635674265050125,0.020353999023758246,0.08992546732515068,0,0,0,0,0
21.95,0.0861411204339489,0.020185087142231474,0.08970093443988858,0,0,0,0,0
22.0,0.08592603659967969,0.020017577010979306,0.08947696218575872,0,0,0,0,0
22.05,0.08571148980341893,0.019851456997286424,0.08925354916293379,0,0,0,0,0
22.1,0.08549747870424844,0.019686715564974006,0.08903069397508166,0,0,0,0,0
22.15,0.08528400196459816,0.0195233412735986,0.0888083952293567,0,0,0,0,0
22.2,0.0850710582502378,0.019361322777657654,0.088586651536391,0,0,0,0,0
22.25,0.08485864623026841,0.01920064882580161,0.08836546151028578,0,0,0,0,0
22.3,0.08464676457711419,0.01904130826005257,0.08814482376860264,0,0,0,0,0
22.35,0.08443541196651412,0.01888329001502944,0.08792473693235499,0,0,0,0,0
22.4,0.08422458707751371,0.018726583117179476,0.08770519962599937,0,0,0,0,0
22.45,0.08401428859245669,0.018571176684016238,0.08748621047742693,0,0,0,0,0
22.5,0.08380451519697686,0.018417059923363857,0.08726776811795475,0,0,0,0,0
22.55,0.08359526557998981,0.018264222132607574,0.08704987118231738,0,0,0,0,0
22.6,0.08338653843368475,0.0181126526979505,0.08683251830865828,0,0,0,0,0
22.65,0.08317833245351634,0.017962341093676535,0.08661570813852125,0,0,0,0,0
22.7,0.08297064633819654,0.01781327688141942,0.08639943931684205,0,0,0,0,0
22.75,0.08276347878968643,0.017665449709437845,0.08618371049193982,0,0,0,0,0
22.8,0.08255682851318817,0.017518849311896567,0.08596852031550871,0,0,0,0,0
22.85,0.08235069421713687,0.01737346550815351,0.08575386744260942,0,0,0,0,0
22.9,0.08214507461319248,0.017229288202052762,0.0855397505316608,0,0,0,0,0
22.95,0.08193996841623183,0.01708630738122346,0.08532616824443144,0,0,0,0,0
23.0,0.08173537434434051,0.016944513116384473,0.08511311924603136,0,0,0,0,0
23.05,0.08153129111880492,0.01680389556065487,0.08490060220490364,0,0,0,0,0
23.1,0.08132771746410421,0.016664444948870104,0.08468861579281607,0,0,0,0,0
23.15,0.08112465210790239,0.01652615159690387,0.08447715868485288,0,0,0,0,0
23.2,0.08092209378104032,0.016389005900995592,0.08426622955940646,0,0,0,0,0
23.25,0.08072004121752781,0.016252998337083494,0.0840558270981691,0,0,0,0,0
23.3,0.08051849315453566,0.0161181194601432,0.08384594998612471,0,0,0,0,0
23.35,0.08031744833238784,0.015984359903531836,0.08363659691154067,0,0,0,0,0
23.4,0.08011690549455354,0.01585171037833754,0.08342776656595959,0,0,0,0,0
23.45,0.07991686338763938,0.015720161672734424,0.08321945764419111,0,0,0,0,0
23.5,0.07971732076138155,0.015589704651342842,0.08301166884430382,0,0,0,0,0
23.55,0.07951827636863797,0.015460330254594994,0.08280439886761702,0,0,0,0,0
23.6,0.07931972896538053,0.015332029498105778,0.08259764641869269,0,0,0,0,0
23.65,0.07912167731068734,0.015204793472048877,0.08239141020532734,0,0,0,0,0
23.7,0.07892412016673489,0.015078613340538014,0.08218568893854397,0,0,0,0,0
23.75,0.0787270562987904,0.014953480341013348,0.08198048133258401,0,0,0,0,0
23.8,0.07853048447520405,0.014829385783632956,0.08177578610489925,0,0,0,0,0
23.85,0.07833440346740131,0.014706321050669373,0.08157160197614383,0,0,0,0,0
23.9,0.07813881204987523,0.014584277595911129,0.08136792767016629,0,0,0,0,0
23.95,0.07794370900017882,0.014463246944069265,0.08116476191400157,0,0,0,0,0
24.0,0.07774909309891738,0.014343220690188762,0.08096210343786302,0,0,0,0,0
24.05,0.0775549631297409,0.014224190499064867,0.0807599509751345,0,0,0,0,0
24.1,0.07736131787933645,0.014106148104664247,0.08055830326236246,0,0,0,0,0
24.15,0.07716815613742056,0.013989085309550963,0.08035715903924805,0,0,0,0,0
24.2,0.07697547669673173,0.0138729939843172,0.08015651704863921,0,0,0,0,0
24.25,0.07678327835302283,0.013757866067018718,0.07995637603652286,0,0,0,0,0
24.3,0.07659155990505358,0.013643693562614991,0.07975673475201701,0,0,0,0,0
24.35,0.07640032015458305,0.013530468542413998,0.07955759194736299,0,0,0,0,0
24.4,0.07620955790636219,0.01341818314352161,0.07935894637791761,0,0,0,0,0
24.45,0.07601927196812633,0.013306829568295556,0.07916079680214543,0,0,0,0,0
24.5,0.07582946115058772,0.01319640008380392,0.07896314198161093,0,0,0,0,0
24.55,0.07564012426742815,0.013086887021288117,0.07876598068097086,0,0,0,0,0
24.6,0.07545126013529148,0.012978282775630356,0.07856931166796645,0,0,0,0,0
24.65,0.07526286757377626,0.012870579804825482,0.07837313371341573,0,0,0,0,0
24.7,0.07507494540542838,0.012763770629457242,0.07817744559120583,0,0,0,0,0
24.75,0.07488749245573366,0.012657847832178867,0.07798224607828537,0,0,0,0,0
24.8,0.07470050755311056,0.012552804057197976,0.07778753395465675,0,0,0,0,0
24.85,0.07451398952890283,0.01244863200976576,0.07759330800336856,0,0,0,0,0
24.9,0.07432793721737221,0.012345324455670393,0.07739956701050796,0,0,0,0,0
24.95,0.07414234945569116,0.012242874220734657,0.07720630976519313,0,0,0,0,0
25.0,0.07395722508393555,0.01214127419031773,0.07701353505956567,0,0,0,0,0
25.05,0.06231541514783434,0.030662505832042775,0.06892623388921654,0,0,0.3199752073600176,0,0.6848851856405141
25.1,0.05102817245574098,0.04784500683111603,0.06108445368202553,0,0,0.31600041149717983,0,0.651482940985891
25.15,0.04008279842399176,0.06379792847995447,0.0534793969688489,0,0,0.3120749913415463,0,0.6197097430260418
25.2,0.029467131380330858,0.07861982180601695,0.046102638258948,0,0,0.3081983335382314,0,0.589486142216147
25.25,0.019169520771416315,0.09239982910167749,0.03894610617105182,0,0,0.3043698323515662,0,0.5607365638114116
25.3,0.009178802746438675,0.10521872487913209,0.03200206651778381,0,0,0.3005888895704512,0,0.533389118890837
25.35,-0.0005157229634827898,0.11714982720596462,0.02526310628779682,0,0,0.29685491441488443,0,0.5073754245974738
25.4,-0.009924314945389368,0.12825979720923614,0.018722118473474547,0,0,0.293167323443651,0,0.4826304331456604
25.45,-0.01905681085458777,0.13860934188314916,0.012372287695336603,0,0,0.28952554046315915,0,0.45909226916767687
25.5,-0.02792264708088954,0.14825383310816342,0.006207076577339599,0,0,0.285928996437409,0,0.43670207499309616
25.55,-0.036530877392988215,0.1572438539150149,0.00022021283011924853,0,0,0.2823771293990792,0,0.41540386347395053
25.6,-0.04489019061913696,0.16562568144576195,-0.005594322998121293,0,0,0.2788693843617188,0,0.39514437798769914
25.65,-0.05300892741870261,0.17344171472679198,-0.01124230914088764,0,0,0.2754052132330291,0,0.3758729592679317
25.7,-0.060895096195826004,0.18073085423539853,-0.016729293638326093,0,0,0.27198407472922326,0,0.357541418729815
25.75,-0.06855638820328885,0.18752883927885056,-0.022060604801135086,0,0,0.2686054342904498,0,0.34010391797353073
25.8,-0.07600019188176588,0.19386854838535145,-0.027241361144755838,0,0,0.26526876399726623,0,0.3235168541643997
25.85,-0.08323360647690858,0.1997802672071507,-0.032276480823249354,0,0,0.2619735424881507,0,0.30773875100308334
25.9,-0.09026345497415361,0.20529192783839542,-0.037170690590496436,0,0,0.25871925487803826,0,0.2927301550132315
25.95,-0.09709629638875722,0.21042932293833444,-0.041928534314702726,0,0,0.2555053926778689,0,0.278453536887241
26.0,-0.1037384374463246,0.2152162976110523,-0.046554381070642026,0,0,0.25233145371513527,0,0.2648731976434386
26.05,-0.11019594368700825,0.21967492161500504,-0.051052432832621175,0,0,0.24919694205541693,0,0.251955179360032
26.1,-0.11647465002459167,0.22382564415002235,-0.05542673178979313,0,0,0.24610136792488987,0,0.2396671802626174
26.15,-0.12258017078984046,0.22768743318837373,-0.059681167304173555,0,0,0.2430442476337982,0,0.22797847395291845
26.2,-0.12851790928578327,0.23127790107343826,-0.063819482530526,0,0,0.24002510350087666,0,0.21685983257678565
26.25,-0.13429306688097525,0.2346134178989538,-0.06784528071616425,0,0,0.23704346377871202,0,0.206283453739337
26.3,-0.13991065166528693,0.23770921399909448,-0.07176203119767549,0,0,0.23409886258003149,0,0.19622289098448922
26.35,-0.14537548669134542,0.2405794727207846,-0.07557307511058614,0,0,0.2311908398049069,0,0.18665298766504204
26.4,-0.15069221782342745,0.24323741451135203,-0.07928163082707357,0,0,0.22831894106886325,0,0.1775498140379568
26.45,-0.15586532121435837,0.2456953732340052,-0.08289079913596253,0,0,0.2254827176318801,0,0.16889060742753445
26.5,-0.16089911042980082,0.24796486551825503,-0.08640356817843636,0,0,0.2226817263282751,0,0.16065371530686962
26.55,-0.165797743238221,0.2500566538602266,-0.089822818152132,0,0,0.21991552949745838,0,0.15281854115525514
26.6,-0.17056522808378827,0.2519808041070395,-0.09315132579557367,0,0,0.21718369491554726,0,0.14536549295615203
26.65,-0.1752054302584965,0.2537467378885666,-0.09639176866423013,0,0,0.21448579572783036,0,0.1382759342069431
26.7,-0.17972207778888605,0.25536328049760054,-0.09954672920884919,0,0,0.21182141038207067,0,0.13153213731796906
26.75,-0.18411876705188968,0.2568387046646529,-0.10261869866613199,0,0,0.20919012256263717,0,0.12511723928432059
26.8,-0.18839896813352253,0.2581807706253123,-0.10561008077125181,0,0,0.2065915211254547,0,0.1190151995195424
26.85,-0.1925660299433803,0.25939676283546814,-0.1085231953011987,0,0,0.2040252000337618,0,0.11321075974581198
26.9,-0.19662318509719845,0.26049352365204737,-0.11136028145743943,0,0,0.20149075829466664,0,0.10768940584029732
26.95,-0.2005735545790573,0.26147748426359035,-0.11412350109591765,0,0,0.19898779989649118,0,0.10243733154228984
27.0,-0.20442015219418663,0.26235469312547316,-0.11681494181198399,0,0,0.19651593374689336,0,0.09744140393036121
27.05,-0.2103530553761926,0.26929094702271583,-0.12093374370749421,0,0,0.5891058938093109,0,0.9487956126338618
27.1,-0.21610517144319713,0.2756877753831511,-0.12492781049659801,0,0,0.5817879028661813,0,0.9025223045745107
27.15,-0.2216826622449779,0.2815843064728353,-0.12880139740232968,0,0,0.5745608174665313,0,0.85850577237947
27.2,-0.22709143932900877,0.28701632317050907,-0.13255858678277435,0,0,0.5674235083635635,0,0.8166359517910642
27.25,-0.23233717553376831,0.29201659807073005,-0.13620329613733587,0,0,0.5603748603382095,0,0.7768081464488069
27.3,-0.2374253159847428,0.29661519044975615,-0.13973928570051058,0,0,0.553413772024875,0,0.7389227660939649
27.35,-0.2423610885268444,0.30083970990075537,-0.1431701656464548,0,0,0.5465391557393484,0,0.702885077542038
27.4,-0.24714951362490284,0.3047155507848156,-0.14649940292620847,0,0,0.5397499373088486,0,0.6686049678004525
27.45,-0.2517954137619624,0.3082661010818848,-0.14973032775810785,0,0,0.533045055904183,0,0.6359967187391429
27.5,-0.2563034223633141,0.3115129287457026,-0.15286613979067543,0,0,0.5264234638739911,0,0.6049787927505773
27.55,-0.2606779922725096,0.3144759482561009,-0.15590991395611267,0,0,0.5198841265810464,0,0.5754736288632684
27.6,-0.2649234038040287,0.31717356971001903,-0.15886460603143387,0,0,0.5134260222405924,0,0.5474074487989442
27.65,-0.26904377239579846,0.31962283249022755,-0.16173305792326148,0,0,0.5070481417606869,0,0.5207100724884238
27.7,-0.27304305588338373,0.32183952529057414,-0.1645180026913516,0,0,0.500749488584529,0,0.49531474258488845
27.75,-0.2769250614163779,0.32383829405224823,-0.16722206932502656,0,0,0.49452907853474515,0,0.4711579575357427
27.8,-0.28069345203631435,0.3256327391718149,-0.16984778728585723,0,0,0.48838593965960964,0,0.44817931279565637
27.85,-0.2843517529342865,0.32723550317412164,-0.17239759082915557,0,0,0.4823191120811748,0,0.4263213497837377
27.9,-0.2879033574054044,0.3286583498978661,-0.17487382311610578,0,0,0.47632764784528847,0,0.40552941220715244
27.95,-0.29135153251622037,0.32991223611543763,-0.177278740127675,0,0,0.4704106107734741,0,0.38575150939192243
28.0,-0.29469942450032516,0.33100737639890526,-0.1796145143908019,0,0,0.46456707631665095,0,0.36693818627916014
28.05,-0.29795006389644163,0.3319533019484223,-0.18188323852675656,0,0,0.45879613141067127,0,0.34904239976166135
28.1,-0.30110637044252186,0.3327589140159,-0.18408692863099968,0,0,0.45309687433365253,0,0.3320194010516333
28.15,-0.3041711577385854,0.33343253248390026,-0.18622752749333704,0,0,0.44746841456508113,0,0.31582662378541687
28.2,-0.30714713769031304,0.33398194009589005,-0.18830690766666644,0,0,0.44190987264666715,0,0.30042357758540567
28.25,-0.31003692474473266,0.3344144227780665,-0.1903268743921458,0,0,0.4364203800449268,0,0.28577174681301104
28.3,-0.3128430399286958,0.3347368064438606,-0.19228916838817162,0,0,0.43099907901547263,0,0.2718344942595043
28.35,-0.31556791470024637,0.33495549062906393,-0.1941954685101427,0,0,0.4256451224689891,0,0.2585769695339109
28.4,-0.31821389462241945,0.33507647926751966,-0.1960473942875966,0,0,0.420357673838873,0,0.24596602191888076
28.45,-0.32078324286847937,0.3351054088838234,-0.1978465083449407,0,0,0.4151359069505186,0,0.23397011747662694
28.5,-0.3232781435671098,0.3350475744499059,-0.19959431871165587,0,0,0.4099790058922258,0,0.2225592601976563
28.55,-0.32570070499560067,0.3349079531262348,-0.2012922810275292,0,0,0.40488616488771245,0,0.21170491699512126
28.6,-0.3280529626286357,0.3346912260852394,-0.20294180064816678,0,0,0.39985658817021,0,0.20137994635724063
28.65,-0.3303368820498729,0.3344017985940656,-0.204544234655753,0,0,0.3948894898581238,0,0.19155853047938268
28.7,-0.33255436173311737,0.3340438185155815,-0.20610089377975277,0,0,0.3899840938322368,0,0.18221611070610566
28.75,-0.3347072356995223,0.33362119337039964,-0.20761304423200005,0,0,0.3851396336144399,0,0.1733293261217273
28.8,-0.3367972760569048,0.3331376060883149,-0.20908190946037758,0,0,0.3803553522479679,0,0.16487595513586722
28.85,-0.3388261954269408,0.33259652956476554,-0.21050867182506727,0,0,0.3756305021791237,0,0.15683485991789653
28.9,-0.34079564926569494,0.3320012401265215,-0.21189447420113955,0,0,0.3709643451404711,0,0.14918593354135082
28.95,-0.3427072380826516,0.33135483000062904,-0.21324042151104944,0,0,0.36635615203547955,0,0.1419100497061409
29.0,-0.34456250956314227,0.33066021887155106,-0.21454758219041992,0,0,0.36180520282460094,0,0.13498901491284013
29.05,-0.3463629605988059,0.3299201646033113,-0.21581698959031423,0,0,0.35731078641276204,0,0.12840552296945923
29.1,-0.3481100392304769,0.32913727319617386,-0.21704964331903254,0,0,0.3528722005382546,0,0.12214311171695191
29.15,-0.34980514650766625,0.3283140080408656,-0.21824651052630945,0,0,0.3484887516630053,0,0.11618612186524259
29.2,-0.35144963826858605,0.3274526985274975,-0.2194085271326399,0,0,0.34415975486420924,0,0.11051965783684453
29.25,-0.35304482684446237,0.3265555480610867,-0.22053659900632067,0,0,0.3398845337273092,0,0.10512955052015745
29.3,-0.3545919826916908,0.3256246415308553,-0.22163160309066088,0,0,0.33566242024030446,0,0.09023295935052343
29.35,-0.3560923359552048,0.3251630368142557,-0.2226943884836899,0,0,0.3314927546893728,0,0.08583224599399472
29.4,-0.35754707796625773,0.32465495181407406,-0.22372577747257233,0,0,0.3273748855557886,0,0.08164615796047131
29.45,-0.3589573626776549,0.3241028723829335,-0.2247265665248276,0,0,0.3233081694141219,0,0.07766422784943351
29.5,-0.3603243080393195,0.3235091502999388,-0.22569752723834524,0,0,0.31929197083170163,0,0.07387649876150897
29.55,-0.3616489973169318,0.3228760113038731,-0.22663940725208787,0,0,0.31532566226932845,0,0.07027349940103789
29.6,-0.3629324803562422,0.32220556258169164,-0.2275529311192777,0,0,0.3114086239832199,0,0.06684622039290054
29.65,-0.36417577479553076,0.32149979975451826,-0.2284388011447743,0,0,0.3075402439281745,0,0.06358609175438668
29.7,-0.36537986722856153,0.32076061339965495,-0.22929769818826498,0,0,0.30371991766193834,0,0.06048496146577483
29.75,-0.3665457143202649,0.31998979514377657,-0.23013028243481054,0,0,0.29994704825075985,0,0.057535075086036856
29.8,-0.3676742438772707,0.3191890433594643,-0.23093719413421182,0,0,0.29622104617611755,0,0.054729056362696205
29.85,-0.3687663558753109,0.31835996849450104,-0.23171905431059142,0,0,0.2925413292426067,0,0.05205988878735465
29.9,-0.3698229234454118,0.31750409806087665,-0.23247646544351663,0,0,0.2889073224869699,0,0.04952089805076654
29.95,-0.3708447938207027,0.31662288130820815,-0.23321001212192494,0,0,0.2853184580882582,0,0.04710573535358918
30.0,-0.3718327892455794,0.31571769360424506,-0.23392026167205288,0,0,0.28177417527910775,0,0.044808361531077576
30.05,-0.37278770784887716,0.31478984054327946,-0.23460776476051037,0,0,0.27827392025811865,0,0.04262303195202685
30.1,-0.3737103244826274,0.31384056180160125,-0.23527305597358866,0,0,0.2748171461033226,0,0.04054428215420205
30.15,-0.37460139152789895,0.31287103475760797,-0.23591665437383708,0,0,0.27140331268672496,0,0.038566914180336184
30.2,-0.37546163966915097,0.31188237789278633,-0.23653906403489536,0,0,0.268031886589909,0,0.036685983580529616
30.25,-0.37629177863845914,0.3108756539885129,-0.23714077455552085,0,0,0.2647023410206878,0,0.03489678704854983
30.3,-0.37709249793091054,0.30985187313246215,-0.23772226155370568,0,0,0.2614141557307922,0,0.03319485066111603
30.35,-0.3778644674924029,0.3088119955473533,-0.23828398714173726,0,0,0.25816681693458077,0,0.03157591869076055
30.4,-0.37860833838102537,0.3077569342537998,-0.23882640038301486,0,0,0.2549598172287598,0,0.030035942964293495
30.45,-0.37932474340314365,0.30668755757814153,-0.23934993773139748,0,0,0.25179265551310065,0,0.02857107274026117
30.5,-0.3800142977252593,0.3056046915153296,-0.23985502345382242,0,0,0.24866483691214153,0,0.027177645080086674
30.55,-0.38067759946266444,0.30450912195619284,-0.24034207003689895,0,0,0.24557587269786246,0,0.02585217568881551
30.6,-0.38131523024586494,0.30340159678773415,-0.24081147857814997,0,0,0.24252528021332045,0,0.02459135020256333
30.65,-0.3819277557657019,0.3022828278744805,-0.24126363916254295,0,0,0.23951258279723325,0,0.02339201590087983
30.7,-0.3825157262980573,0.3011534929283379,-0.24169893122492236,0,0,0.23653730970950032,0,0.02225117382330547
30.75,-0.38307967720899005,0.3000142372738734,-0.242117723898928,0,0,0.23359899605764833,0,0.021165971270408215
30.8,-0.3836201294411108,0.2988656755154645,-0.24252037635295698,0,0,0.23069718272419124,0,0.020133694670549054
30.85,-0.3841375899819658,0.29770839311230546,-0.24290723811370213,0,0,0.22783141629489184,0,0.019151762794539468
30.9,-0.38463255231516724,0.2965429478668522,-0.2432786493777751,0,0,0.22500124898791513,0,0.018217720301223966
30.95,-0.38510549685497325,0.2953698713319055,-0.24363494131190055,0,0,0.2222062385838614,0,0.017329231597848247
31.0,-0.3855568913649896,0.29418967014118236,-0.24397643634214516,0,0,0.21944594835666847,0,0.016484074999860775
31.05,-0.38598719136163573,0.2930028272679019,-0.2443034484326251,0,0,0.21671994700537256,0,0.015680137175544173
31.1,-0.3863968405029885,0.2918098032156128,-0.24461628335411595,0,0,0.21402780858671638,0,0.014915407861585135
31.15,-0.38678627096359086,0.2906110371452117,-0.24491523894297013,0,0,0.2113691124485948,0,0.014187974836369053
31.2,-0.387155903795786,0.2894069479418468,-0.2452006053507292,0,0,0.20874344316432716,0,0.013496019138429946
31.25,-0.38750614927811344,0.2881979352251616,-0.24547266528480166,0,0,0.20615039046774575,0,0.01283781051809934
31.3,-0.38783740725128035,0.28698438030611506,-0.24573169424056004,0,0,0.20358954918909117,0,0.012211703110980849
31.35,-0.38815006744219843,0.28576664709340904,-0.24597796072519681,0,0,0.20106051919170354,0,0.011616131322431892
31.4,-0.38844450977655637,0.2845450829523634,-0.2462117264736627,0,0,0.19856290530950044,0,0.011049605912761606
31.45,-0.3887211046803766,0.2833200195189042,-0.2464332466569982,0,0,0.1960963172852313,0,0.01051071027335591
31.5,-0.3889802133709864,0.2820917734711646,-0.24664277008335467,0,0,0.19366036970949901,0,0
31.55,-0.3892221881378159,0.28128548731854464,-0.2468405393919897,0,0,0.19125468196053894,0,0
31.6,-0.3894473726134152,0.2804706872675901,-0.2470267912405087,0,0,0.18887887814474585,0,0
31.65,-0.3896561020350699,0.279647624352527,-0.24720175648561313,0,0,0.18653258703793996,0,0
31.7,-0.38984870349737505,0.2788165437471195,-0.2473656603576052,0,0,0.18421544202736226,0,0
31.75,-0.3900254961961143,0.2779776849404941,-0.24751872262888783,0,0,0.18192708105439054,0,0
31.8,-0.39018679166377607,0.27713128190654956,-0.247661157776689,0,0,0.17966714655796712,0,0
31.85,-0.3903328939970236,0.2762775632672123,-0.24779317514023014,0,0,0.177435285418729,0,0
31.9,-0.3904641000764247,0.2754167524497822,-0.24791497907254834,0,0,0.17523114890383246,0,0
31.95,-0.3905806997787321,0.2745490678386062,-0.24802676908717447,0,0,0.1730543926124627,0,0
32.0,-0.39068297618199493,0.27367472292130524,-0.24812873999986035,0,0,0.1709046764220205,0,0
32.05,-0.390771205763769,0.2727939264297698,-0.2482210820655399,0,0,0.16878166443497755,0,0
32.1,-0.390845658592684,0.27190688247613304,-0.24830398111070248,0,0,0.16668502492639148,0,0
32.15,-0.39090659851361376,0.2710137906839175,-0.24837761866134866,0,0,0.1646144302920735,0,0
32.2,-0.39095428332668664,0.27011484631454674,-0.2484421720666916,0,0,0.16256955699739933,0,0
32.25,-0.3909889649603634,0.2692102403894025,-0.24849781461876155,0,0,0.16055008552675631,0,0
32.3,-0.3910108896387999,0.26830015980760236,-0.24854471566806316,0,0,0.15855570033361857,0,0
32.35,-0.3910202980437046,0.26738478745966393,-0.24858304073543103,0,0,0.156586089791242,0,0
32.4,-0.39101742547089124,0.26646430233721574,-0.24861295162022123,0,0,0.15464094614397222,0,0
32.45,-0.39100250198171954,0.2655388796389077,-0.24863460650497263,0,0,0.15271996545915684,0,0
32.5,-0.39097575254960887,0.26460869087266814,-0.24864816005666537,0,0,0.15082284757965567,0,0
32.55,-0.3909373972018033,0.26367390395444756,-0.24865376352469962,0,0,0.14894929607694027,0,0
32.6,-0.39088765115655805,0.2627346833035845,-0.24865156483571207,0,0,0.1470990182047766,0,0
32.65,-0.3908267249559114,0.26179118993492256,-0.248641708685344,0,0,0.1452717248534827,0,0
32.7,-0.39075482459420047,0.2608435815478023,-0.24862433662706912,0,0,0.14346713050475476,0,0
32.75,-0.3906721516424711,0.2598920126120473,-0.24859958715818617,0,0,0.14168495318705437,0,0
32.8,-0.3905789033689283,0.25893663445105847,-0.24856759580307652,0,0,0.1399249144315497,0,0
32.85,-0.3904752728555666,0.25797759532212533,-0.2485284951938236,0,0,0.13818673922860442,0,0
32.9,-0.39036144911111503,0.25701504049406043,-0.24848241514828662,0,0,0.13647015598480672,0,0
32.95,-0.39023761718042577,0.25604911232225624,-0.2484294827457181,0,0,0.1347748964805323,0,0
33.0,-0.3901039582504309,0.2550799503212626,-0.24836982240001126,0,0,0.1331006958280347,0,0
33.05,-0.38996064975278716,0.25410769123497645,-0.24830355593065914,0,0,0.13144729243005565,0,0
33.1,-0.38980786546332263,0.25313246910453324,-0.24823080263150565,0,0,0.12981442793895037,0,0
33.15,-0.3896457755983974,0.25215441533398614,-0.24815167933736426,0,0,0.12820184721632008,0,0
33.2,-0.3894745469082837,0.25117365875385417,-0.24806630048857828,0,0,0.12660929829314602,0,0
33.25,-0.38929434276766767,0.25019032568261884,-0.2479747781935932,0,0,0.1250365323304189,0,0
33.3,-0.38910532326337244,0.24920453998624492,-0.24787722228960918,0,0,0.12348330358025716,0,0
33.35,-0.3889076452793965,0.2482164231357979,-0.24777374040137926,0,0,0.12194936934750861,0,0
33.4,-0.38870146257935856,0.2472260942632282,-0.2476644379982163,0,0,0.12043448995182852,0,0
33.45,-0.3884869258864378,0.24623367021538928,-0.2475494184492694,0,0,0.11893842869022928,0,0
33.5,-0.3882641829608929,0.24523926560635412,-0.24742878307712804,0,0,0.117460951800095,0,0
33.55,-0.38803337867524246,0.24424299286809228,-0.24730263120981066,0,0,0.11600182842265563,0,0
33.6,-0.3877946550871848,0.2432449622995668,-0.2471710602311915,0,0,0.11456083056691486,0,0
33.65,-0.38754815151033273,0.24224528211430854,-0.24703416562991803,0,0,0.113137733074026,0,0
33.7,-0.3872940045828364,0.24124405848652297,-0.24689204104686951,0,0,0.11173231358211047,0,0
33.75,-0.3870323483339644,0.24024139559578228,-0.2467447783212048,0,0,0.11034435249151328,0,0
33.8,-0.3867633142487105,0.2392373956703537,-0.24659246753504643,0,0,0.10897363293049024,0,0
33.85,-0.386487031330492,0.2382321590292133,-0.24643519705684583,0,0,0.10761994072132117,0,0
33.9,-0.3862036261620012,0.23722578412279188,-0.2462730535834731,0,0,0.10628306434684426,0,0
33.95,-0.38591322296427216,0.2362183675724987,-0.24610612218107322,0,0,0.10496279491740612,0,0
34.0,-0.38561594365402,0.23521000420906613,-0.24593448632472908,0,0,0.10365892613822228,0,0
34.05,-0.3853119078993096,0.23420078710975772,-0.24575822793697005,0,0,0.10237125427714328,0,0
34.1,-0.3850012331736076,0.23319080763447964,-0.24557742742516372,0,0,0.10109957813282101,0,0
34.15,-0.3846840348082712,0.23218015546083404,-0.24539216371782707,0,0,0.0998436990032707,0,0
34.2,-0.38436042604352233,0.2311689186181524,-0.24520251429989173,0,0,0.09860342065482322,0,0
34.25,-0.38403051807795824,0.23015718352054404,-0.2450085552469573,0,0,0.09737854929146328,0,0
34.3,-0.3836944201166437,0.22914503499899502,-0.24481036125856487,0,0,0.09616889352454833,0,0
34.35,-0.3833522394178309,0.22813255633254997,-0.24460800569052232,0,0,0.09497426434290371,0,0
34.4,-0.3830040813383517,0.2271198292786097,-0.2444015605863116,0,0,0.09379447508328932,0,0
34.45,-0.3826500493777224,0.2261069341023748,-0.24419109670760714,0,0,0.09262934140123302,0,0
34.5,-0.3822902452210043,0.22509394960546542,-0.2439766835639336,0,0,0.09147868124222655,0,0
34.55,-0.3819247687804576,0.2240809531537452,-0.2437583894414901,0,0,0.09034231481327898,0,0
34.6,-0.3815537182360276,0.2230680207043777,-0.2435362814311672,0,0,0.08922006455482387,0,0
34.65,-0.3811771900746992,0.22205522683214096,-0.24331042545578227,0,0,0.08811175511297506,0,0
34.7,-0.38079527912875666,0.2210426447550265,-0.24308088629655714,0,0,0.08701721331212743,0,0
34.75,-0.3804080786129807,0.22003034635914687,-0.24284772761886228,0,0,0.0859362681278977,0,0
34.8,-0.380015680160818,0.21901840222297564,-0.2426110119972501,0,0,0.08486875066040167,0,0
34.85,-0.37961817385955365,0.21800688164094245,-0.24237080093979937,0,0,0.08381449410786312,0,0
34.9,-0.37921564828451865,0.21699585264640542,-0.24212715491179218,0,0,0.08277333374055085,0,0
34.95,-0.37880819053236103,0.21598538203402184,-0.2418801333587441,0,0,0.08174510687503919,0,0
35.0,-0.3783958862534106,0.2149755353815376,-0.2416297947288072,0,0,0.08072965284878848,0,0
35.05,-0.3779788196831642,0.21396637707101512,-0.24137619649456568,0,0,0.07972681299504114,0,0
35.1,-0.37755707367291924,0.21295797030951852,-0.24111939517424202,0,0,0.07873643061802973,0,0
35.15,-0.3771307297195807,0.21195037714927456,-0.24085944635233208,0,0,0.0777583509684929,0,0
35.2,-0.3766998679946678,0.21094365850732671,-0.24059640469968657,0,0,0.0767924212194955,0,0
35.25,-0.37626456737254343,0.2099378741846993,-0.24033032399305532,0,0,0.07583849044254903,0,0
35.3,-0.37582490545789105,0.20893308288508838,-0.24006125713411094,0,0,0.07489640958402882,0,0
35.35,-0.3753809586124609,0.2079293422330947,-0.23978925616796748,0,0,0.07396603144188404,0,0
35.4,-0.3749328019811082,0.20692670879201414,-0.2395143723012092,0,0,0.07304721064263713,0,0
35.45,-0.374480509517144,0.20592523808120017,-0.23923665591944412,0,0,0.07213980361866883,0,0
35.5,-0.37402415400702,0.20492498459301273,-0.23895615660439684,0,0,0.07124366858578551,0,0
35.55,-0.3735638070943662,0.20392600180936654,-0.238672923150554,0,0,0.0703586655210651,0,0
35.6,-0.3730995393034019,0.20292834221789263,-0.238387003581376,0,0,0.06948465614097815,0,0
35.65,-0.3726314200617378,0.20193205732772507,-0.2380984451650875,0,0,0.06862150387978087,0,0
35.7,-0.37215951772258726,0.20093719768492585,-0.23780729443005977,0,0,0.06776907386817635,0,0
35.75,-0.3716838995864049,0.19994381288755886,-0.2375135971797961,0,0,0.06692723291224097,0,0
35.8,-0.3712046319219686,0.19895195160042495,-0.23721739850753262,0,0,0.06609584947261264,0,0
35.85,-0.3707217799869217,0.1979616615694685,-0.23691874281046565,0,0,0.06527479364393746,0,0
35.9,-0.37023540804779087,0.19697298963586657,-0.2366176738036162,0,0,0.06446393713457176,0,0
35.95,-0.3697455793994959,0.1959859817498102,-0.23631423453334266,0,0,0.06366315324653622,0,0
36.0,-0.3692523563843649,0.1950006829839881,-0.23600846739051168,0,0,0.06287231685571915,0,0
36.05,-0.36875580041066996,0.1940171375467822,-0.23570041412333706,0,0,0.06209130439232551,0,0
36.1,-0.36825597197069787,0.19303538879518373,-0.2353901158498966,0,0,0.061319993821568906,0,0
36.15,-0.3677529306583678,0.19205547924743904,-0.23507761307033578,0,0,0.06055826462460342,0,0
36.2,-0.3672467351864104,0.19107745059543363,-0.23476294567876774,0,0,0.05980599777969227,0,0
36.25,-0.36673744340312014,0.1901013437168223,-0.2344461529748778,0,0,0.059063075743610444,0,0
36.3,-0.3662251123086938,0.18912719868691363,-0.23412727367524155,0,0,0.05832938243327832,0,0
36.35,-0.36570979807116594,0.18815505479031602,-0.23380634592436406,0,0,0.057604803207623456,0,0
36.4,-0.36519155604195397,0.18718495053235318,-0.23348340730544861,0,0,0.05688922484966766,0,0
36.45,-0.3646704407710234,0.1862169236502555,-0.23315849485090262,0,0,0.05618253554883664,0,0
36.5,-0.36414650602168386,0.18525101112413478,-0.23283164505258783,0,0,0.055484624883489396,0,0
36.55,-0.3636198047850268,0.18428724918774833,-0.23250289387182244,0,0,0.05479538380366454,0,0
36.6,-0.3630903892940148,0.18332567333905928,-0.23217227674914187,0,0,0.05411470461404108,0,0
36.65,-0.36255831103723235,0.1823663183505989,-0.23183982861382518,0,0,0.053442480957110794,0,0
36.7,-0.3620236207723071,0.18140921827963707,-0.2315055838931934,0,0,0.052778607796559615,0,0
36.75,-0.361486368539012,0.18045440647816646,-0.2311695765216864,0,0,0.05212298140085557,0,0
36.8,-0.3609466036720562,0.179501915602706,-0.23083183994972464,0,0,0.05147549932704043,0,0
36.85,-0.36040437481357357,0.17855177762392901,-0.23049240715236116,0,0,0.05083606040472287,0,0
36.9,-0.3598597299253176,0.17760402383612092,-0.2301513106377303,0,0,0.05020456472027031,0,0
36.95,-0.3593127163005709,0.17665868486647185,-0.22980858245529856,0,0,0.04958091360119727,0,0
37.0,-0.35876338057577617,0.1757157906842085,-0.22946425420392272,0,0,0.04896500960074757,0,0
37.05,-0.3582117687418983,0.17477537060957027,-0.2291183570397211,0,0,0.04835675648266807,0,0
37.1,-0.3576579261555225,0.17383745332263356,-0.22877092168376267,0,0,0.04775605920617158,0,0
37.15,-0.35710189754969796,0.17290206687198928,-0.22842197842957915,0,0,0.047162823911086504,0,0
37.2,-0.35654372704453263,0.17196923868327701,-0.22807155715050492,0,0,0.04657695790319105,0,0
37.25,-0.3559834581575465,0.1710389955675803,-0.22771968730684952,0,0,0.04599836963972953,0,0
37.3,-0.35542113381378987,0.1701113637296865,-0.22736639795290703,0,0,0.04542696871510862,0,0
37.35,-0.35485679635573275,0.16918636877621535,-0.22701171774380702,0,0,0.04486266584677133,0,0
37.4,-0.35429048755293185,0.16826403572361956,-0.22665567494221128,0,0,0.04430537286124641,0,0
37.45,-0.3537222486114814,0.16734438900606097,-0.2262982974248604,0,0,0.04375500268037104,0,0
37.5,-0.3531521201832528,0.16642745248316557,-0.2259396126889744,0,0,0.04321146930768471,0,0
37.55,-0.35258014237492996,0.16551324944766074,-0.225579647858511,0,0,0.04267468781499213,0,0
37.6,-0.3520063547568444,0.1646018026328977,-0.22521842969028583,0,0,0.04214457432909298,0,0
37.65,-0.3514307963716171,0.16369313422026216,-0.2248559845799577,0,0,0.04162104601867654,0,0
37.7,-0.35085350574261076,0.16278726584647626,-0.22449233856788314,0,0,0.0411040210813792,0,0
37.75,-0.3502745208821982,0.16188421861079424,-0.22412751734484299,0,0,0.040593418731002605,0,0
37.8,-0.3496938792998521,0.16098401308209498,-0.2237615462576451,0,0,0.040089159184890685,0,0
37.85,-0.3491116180100602,0.16008666930587367,-0.22339445031460592,0,0,0.039591163651463424,0,0
37.9,-0.3485277735400707,0.15919220681113536,-0.2230262541909142,0,0,0.03909935431790555,0,0
37.95,-0.34794238193747257,0.1583006446171925,-0.22265698223388042,0,0,0.03861365433800811,0,0
38.0,-0.3473554787776149,0.15741200124036933,-0.2222866584680741,0,0,0.03813398782016107,0,0
38.05,-0.3467670991708698,0.1565262947006148,-0.22191530660035277,0,0,0.03766027981549514,0,0
38.1,-0.34617727776974216,0.1556435425280267,-0.22154295002478464,0,0,0.03719245630617081,0,0
38.15,-0.34558604877583143,0.15476376176928872,-0.22116961182746836,0,0,0.03673044419381296,0,0
38.2,-0.34499344594664827,0.15388696899402274,-0.22079531479125225,0,0,0.03627417128808906,0,0
38.25,-0.34439950260229024,0.1530131803010583,-0.2204200814003554,0,0,0.0358235662954293,0,0
38.3,-0.34380425163198025,0.15214241132462075,-0.22004393384489365,0,0,0.03537855880788682,0,0
38.35,-0.34320772550047085,0.15127467724044072,-0.2196668940253125,0,0,0.0349390792921363,0,0
38.4,-0.34260995625431845,0.1504099927717857,-0.21928898355672946,0,0,0.03450505907860928,0,0
38.45,-0.3420109755280305,0.14954837219541628,-0.21891022377318808,0,0,0.034076430350764395,0,0
38.5,-0.3414108145500886,0.14868982934746805,-0.21853063573182613,0,0,0.03365312613449084,0,0
38.55,-0.3408095041488509,0.14783437762926135,-0.21815024021695978,0,0,0.033235080287643624,0,0
38.6,-0.3402070747583374,0.1469820300130399,-0.21776905774408611,0,0,0.03282222748970865,0,0
38.65,-0.33960355642389983,0.1461327990476399,-0.21738710856380608,0,0,0.03241450323159628,0,0
38.7,-0.33899897880778057,0.14528669686409143,-0.2170044126656697,0,0,0.032011843805561664,0,0
38.75,-0.3383933711945621,0.14444373518115294,-0.21662098978194555,0,0,0.03161418629525027,0,0
38.8,-0.3377867624965105,0.14360392531078067,-0.2162368593913166,0,0,0.031221468565867078,0,0
38.85,-0.3371791812588154,0.14276727816353382,-0.21585204072250375,0,0,0.030833629254467865,0,0
38.9,-0.33657065566472866,0.1419338042539173,-0.2154665527578196,0,0,0.030450607760371173,0,0
38.95,-0.33596121354060515,0.14110351370566268,-0.21508041423665336,0,0,0.020165325037871818,0,0
39.0,-0.33542879702992423,0.14039366167055453,-0.21474487429835049,0,0,0.019914827347145645,0,0
39.05,-0.3348944337255757,0.1396846757669783,-0.21440800357480538,0,0,0.019667441388709496,0,0
39.1,-0.33435816448825895,0.13897660161615855,-0.21406982946757203,0,0,0.019423128508004053,0,0
39.15,-0.3338200296249398,0.13826948389123817,-0.21373037900373615,0,0,0.019181850530644647,0,0
39.2,-0.33328006889769635,0.13756336633299407,-0.2133896788419495,0,0,0.018943569756456433,0,0
39.25,-0.3327383215323775,0.13685829176524877,-0.21304775527833594,0,0,0.018708248953583657,0,0
39.3,-0.33219482622707863,0.13615430210998553,-0.21270463425227265,0,0,0.018475851352672108,0,0
39.35,-0.33164962116043956,0.13545143840217444,-0.2123603413520498,0,0,0.018246340641123824,0,0
39.4,-0.33110274399976847,0.13474974080431723,-0.2120149018204117,0,0,0.018019680957423186,0,0
39.45,-0.3305542319089976,0.13404924862071746,-0.2116683405599824,0,0,0.01779583688553347,0,0
39.5,-0.33000412155647374,0.13335000031148309,-0.21132068213857896,0,0,0.017574773449363028,0,0
39.55,-0.32945244912258864,0.13265203350626828,-0.21097195079441475,0,0,0.017356456107300206,0,0
39.6,-0.32889925030725253,0.13195538501776066,-0.21062217044119605,0,0,0.017140850746816132,0,0
39.65,-0.3283445603372159,0.13126009085492052,-0.2102713646731145,0,0,0.01692792367913458,0,0
39.7,-0.327788413973242,0.13056618623597777,-0.20991955676973784,0,0,0.016717641633968022,0,0
39.75,-0.3272308455171351,0.12987370560119296,-0.20956676970080174,0,0,0.016509971754319078,0,0
39.8,-0.3266718888186271,0.12918268262538768,-0.2092130261309051,0,0,0.016304881591346545,0,0
39.85,-0.3261115772821265,0.12849315023025018,-0.208858348424111,0,0,0.016102339099295197,0,0
39.9,-0.32554994387333347,0.12780514059642145,-0.20850275864845635,0,0,0.01590231263048858,0,0
39.95,-0.32498702112572386,0.12711868517536712,-0.2081462785803715,0,0,0.01570477093038398,0,0
40.0,-0.3244228411469053,0.12643381470104006,-0.20778892970901286,0,0,0.01550968313268886,0,0
40.05,-0.3244894877911671,0.12233794216338588,-0.20677843800326973,0,0,0.015317018754537916,0.3950311201975526,0
40.1,-0.3245444547389824,0.11835516897733281,-0.20578683324531918,0,0,0.015126747691730088,0.3901239648113331,0
40.15,-0.3245880385861675,0.11448193825494396,-0.20481354936282725,0,0,0.014938840214024697,0.3852777670883287,0
40.2,-0.3246205259572528,0.11071482420189191,-0.20385803996000812,0,0,0.014753266960496055,0.38049176980028565,0
40.25,-0.3246421939052588,0.10705052660987689,-0.20291977753739282,0,0,0.014569998934945746,0.37576522512539035,0
40.3,-0.3246533102936101,0.10348586560645104,-0.20199825274635114,0,0,0.014389007501371915,0.3710973945314212,0
40.35,-0.324654134161065,0.100017776649069,-0.20109297367665907,0,0,0.014210264379494837,0.3664875486603511,0
40.4,-0.3246449160704896,0.09664330575091726,-0.20020346517549564,0,0,0.014033741640338063,0.3619349672143839,0
40.45,-0.3246258984422641,0.09335960492676115,-0.19932926819633795,0,0,0.01385941170186446,0.35743893884340633,0
40.5,-0.32459731587306356,0.09016392784769599,-0.19846993917630595,0,0,0.013687247324666465,0.3529987610338382,0
40.55,-0.32455939544072027,0.08705362569429728,-0.19762504944058368,0,0,0.013517221607709871,0.3486137399988632,0
40.6,-0.32451235699583353,0.08402614319823816,-0.19679418463261666,0,0,0.013349307984130483,0.34428319057002316,0
40.65,-0.3244564134407616,0.08107901486298029,-0.19597694416885275,0,0,0.013183480217082993,0.3400064360901593,0
40.7,-0.324391770996595,0.07820986135465377,-0.1951729407168584,0,0,0.013019712395641422,0.335782808307683,0
40.75,-0.3243186294586802,0.07541638605471832,-0.19438179969570235,0,0,0.01285797893075048,0.3316116472721602,0
40.8,-0.3242371824412333,0.07269637176644994,-0.19360315879755646,0,0,0.012698254551227228,0.32749230123119283,0
40.85,-0.3241476176115561,0.0700476775677207,-0.1928366675295174,0,0,0.012540514299812405,0.3234241265285811,0
40.9,-0.32405011691433905,0.06746823580294027,-0.19208198677470323,0,0,0.012384733529270803,0.31940648750375095,0
40.95,-0.32394485678651325,0.06495604920740472,-0.1913387883717284,0,0,0.012230887898540085,0.3154387563924308,0
41.0,-0.32383200836308806,0.06250918815765445,-0.19060675471170507,0,0,0.01207895336892745,0.3115203132285621,0
41.05,-0.3237117376743905,0.06012578804177815,-0.18988557835196201,0,0,0.01192890620035353,0.30765054574742834,0
41.1,-0.3235842058351001,0.057804046743916884,-0.18917496164571382,0,0,0.011780722947642965,0.30382884928998755,0
41.15,-0.32344956922545526,0.05554222223752149,-0.1884746163869503,0,0,0.011634380456861035,0.3000546267083929,0
41.2,-0.3233079796649857,0.05333863028219789,-0.18778426346985355,0,0,0.01148985586169582,0.2963272882726873,0
41.25,-0.32315958457911065,0.051191642219242245,-0.18710363256208407,0,0,0.01134712657988529,0.29264625157865687,0
41.3,-0.3230045271589239,0.04909968286121888,-0.1864324617913098,0,0,0.011206170309688774,0.28901094145682904,0
41.35,-0.3228429465144716,0.04706122847117222,-0.18577049744438298,0,0,0.011066965026402278,0.28542078988260117,0
41.4,-0.32267497782181354,0.04507480482728787,-0.18511749367859934,0,0,0.010929488978917072,0.28187523588748553,0
41.45,-0.32250075246414506,0.04313898536903091,-0.1844732122445007,0,0,0.01079372068632104,0.27837372547145695,0
41.5,-0.3223203981672425,0.04125238942098998,-0.18383742221970953,0,0,0.010659638934542241,0.27491571151638905,0
41.55,-0.3221340391294823,0.03941368049084536,-0.18320989975330793,0,0,0.010527222773034169,0.2715006537005659,0
41.6,-0.3219417961466729,0.03762156463805888,-0.18259042782029739,0,0,0.010396451511502184,0.2681280184142559,0
41.65,-0.32174378673192583,0.0358747889100533,-0.181978795985698,0,0,0.010267304716670615,0.26479727867633374,0
41.7,-0.3215401252307825,0.03417213984280934,-0.18137480017786656,0,0,0.01013976220909002,0.26150791405193907,0
41.75,-0.321330922931802,0.032512442022960705,-0.18077824247063376,0,0,0.010013804059984102,0.258259410571157,0
41.8,-0.3211162881728066,0.030894556708611368,-0.18018893087387872,0,0,0,0.2550512606487095,0
41.85,-0.32131792530905,0.02772612666826693,-0.17935981147463823,0,0,0,0.2518829630046442,0
41.9,-0.3215041551748436,0.024659261843568703,-0.17854779390432618,0,0,0,0.2487540225860082,0
41.95,-0.321675420306468,0.021690462493384438,-0.17775231162098457,0,0,0,0.2456639504894953,0
42.0,-0.32183214672601307,0.018816369611439676,-0.17697281960474054,0,0,0,0.24261226388505355,0
42.05,-0.32197474466024173,0.01603375849972999,-0.17620879342864817,0,0,0,0.23959848594044234,0
42.1,-0.3221036092246894,0.013339532667076284,-0.1754597283744061,0,0,0,0.23662214574672621,0
42.15,-0.32221912107484324,0.010730718034858186,-0.17472513859056826,0,0,0,0.23368277824469452,0
42.2,-0.3223216470261402,0.008204457433033649,-0.17400455629100278,0,0,0,0.23077992415219487,0
42.25,-0.322411540644422,0.005758005370556679,-0.17329753099148176,0,0,0,0.2279131298923694,0
42.3,-0.32248914280839214,0.0033887230652460687,-0.1726036287824071,0,0,0,0.22508194752278246,0
42.35,-0.3225547822455323,0.001094073719037747,-0.1719224316357896,0,0,0,0.22228593466542876,0
42.4,-0.32260877604285276,-0.001128381974620965,-0.17125353674470595,0,0,0,0.21952465443761077,0
42.45,-0.3226514301337745,-0.0032809901037044037,-0.17059655589355777,0,0,0,0.21679767538367503,0
42.5,-0.3226830397623672,-0.0053660076026131875,-0.16995111485755102,0,0,0,0.21410457140759628,0
42.55,-0.3227038899260998,-0.0073856061203152745,-0.16931685282990258,0,0,0,0.2114449217063991,0
42.6,-0.32271425579819557,-0.009341875702051333,-0.16869342187536313,0,0,0,0.2088183107044066,0
42.65,-0.3227144031306234,-0.011236828294433954,-0.16808048640872414,0,0,0,0.2062243279883058,0
42.7,-0.3227045886387,-0.013072401083209603,-0.16747772269705002,0,0,0,0.20366256824301984,0
42.75,-0.32268506036822503,-0.014850459672425168,-0.1668848183844451,0,0,0,0.20113263118837657,0
42.8,-0.32265605804602,-0.016572801113246646,-0.1663014720382303,0,0,0,0.19863412151656398,0
42.85,-0.32261781341469475,-0.018241156790212848,-0.16572739271546594,0,0,0,0.19616664883036264,0
42.9,-0.3225705505524214,-0.019857195172270567,-0.16516229954881345,0,0,0,0.1937298275821452,0
42.95,-0.3225144861784527,-0.021422524435527654,-0.1646059213507846,0,0,0,0.19132327701363383,0
43.0,-0.3224498299450829,-0.022938694964274767,-0.1640579962354763,0,0,0,0.1889466210964061,0
43.05,-0.32237678471671244,-0.02440720173646406,-0.16351827125693796,0,0,0,0.18659948847313954,0
43.1,-0.3222955468366405,-0.025829486599492232,-0.16298650206336415,0,0,0,0.18428151239958654,0
43.15,-0.3222063063821803,-0.027206940441814417,-0.16246245256634664,0,0,0,0.1819923306872696,0
43.2,-0.32210924740865604,-0.02854090526561369,-0.1619458946244616,0,0,0,0.17973158564688885,0
43.25,-0.32200454818281576,-0.02983267616546674,-0.161436607740505,0,0,0,0.17749892403243217,0
43.3,-0.3218923814061625,-0.03108350321767872,-0.1609343787717252,0,0,0,0.17529399698597992,0
43.35,-0.3217729144286827,-0.03229459328470842,-0.16043900165243577,0,0,0,0.17311645998319514,0
43.4,-0.3216463094534254,-0.0334671117388675,-0.15995027712842316,0,0,0,0.1709659727794909,0
43.45,-0.3215127237323611,-0.03460218410925396,-0.15946801250259446,0,0,0,0.16884219935686645,0
43.5,-0.3213723097539296,-0.0357008976556691,-0.15899202139133845,0,0,0,0.1667448078714036,0
43.55,-0.3212252154226629,-0.03676430287306867,-0.15852212349110045,0,0,0,0.16467347060141563,0
43.6,-0.32107158423125104,-0.03779341492991148,-0.15805814435469687,0,0,0,0.1626278638962399,0
43.65,-0.32091155542539973,-0.038789215043591896,-0.1575999151769187,0,0,0,0.1606076681256669,0
43.7,-0.32074526416181104,-0.03975265179597615,-0.15714727258899724,0,0,0,0.1586125676299974,0
43.75,-0.3205728416596016,-0.04068464239190475,-0.1567000584615253,0,0,0,0.15664225067071985,0
43.8,-0.32039441534545776,-0.04158607386337492,-0.15625811971544856,0,0,0,0.15469640938180074,0
43.85,-0.32021010899281116,-0.042457804221976814,-0.15582130814076056,0,0,0,0.15277473972157982,0
43.9,-0.3200200428553053,-0.04330066356202463,-0.15538948022255258,0,0,0,0.150876941425263,0
43.95,-0.31982433379480935,-0.0441154551166989,-0.15496249697408784,0,0,0,0.14900271795800543,0
44.0,-0.31962309540422407,-0.04490295626939777,-0.1545402237765846,0,0,0,0.14715177646857716,0
44.05,-0.3194164381253107,-0.04566391952238372,-0.15412253022540917,0,0,0,0.14532382774360472,0
44.1,-0.3192044693617651,-0.04639907342470623,-0.1537092899823936,0,0,0,0.14351858616238086,0
44.15,-0.3189872935877467,-0.04710912346128144,-0.15330038063400725,0,0,0,0.1417357696522357,0
44.2,-0.3187650124520617,-0.04779475290491517,-0.15289568355512434,0,0,0,0.13997509964446236,0
44.25,-0.3185377248781922,-0.04845662363296653,-0.1524950837781419,0,0,0,0.13823630103079002,0
44.3,-0.31830552716035154,-0.04909537691026472,-0.15209846986721431,0,0,0,0.13651910212039767,0
44.35,-0.3180685130557388,-0.04971163413981196,-0.1517057337973823,0,0,0,0.13482323459746193,0
44.4,-0.31782677387315705,-0.050305997582729405,-0.15131677083838374,0,0,0,0.13314843347923203,0
44.45,-0.3175803985581521,-0.05087905104883156,-0.15093147944294505,0,0,0,0.13149443707462585,0
44.5,-0.3173294737748208,-0.05143136055914676,-0.15054976113936022,0,0,0,0.12986098694334008,0
44.55,-0.31707408398443104,-0.051963474981636996,-0.15017152042817455,0,0,0,0.12824782785546845,0
44.6,-0.3168143115209902,-0.052475926641309456,-0.14979666468279798,0,0,0,0.12665470775162146,0
44.65,-0.3165502366638899,-0.05296923190585455,-0.14942510405388157,0,0,0,0.1250813777035417,0
44.7,-0.31628193770775126,-0.053443891747890424,-0.14905675137729818,0,0,0,0.12352759187520812,0
44.75,-0.31600949102958903,-0.053900392284842114,-0.14869152208557582,0,0,0,0.1219931074844239,0
44.8,-0.31573297115340515,-0.054339205297434426,-0.1483293341226391,0,0,0,0.12047768476488102,0
44.85,-0.31545245081232043,-0.05476078872773086,-0.14797010786172088,0,0,0,0.11898108692869641,0
44.9,-0.3151680010083461,-0.05516558715760685,-0.14761376602631232,0,0,0,0.11750308012941331,0
44.95,-0.3148796910698926,-0.05555403226850347,-0.14726023361402596,0,0,0,0.1160434334254623,0
45.0,-0.31458758870710957,-0.05592654328326803,-0.1469094378232516,0,0,0,0.11460191874407623,0
45.05,-0.3142917600651448,-0.05628352739085013,-0.14656130798249073,0,0,0,0.11317831084565333,0
45.1,-0.31399226977540906,-0.056625380154585916,-0.14621577548225978,0,0,0,0.11177238728856312,0
45.15,-0.31368918100492593,-0.05695248590476915,-0.14587277370945811,0,0,0,0.11038392839438944,0
45.2,-0.3133825555038463,-0.05726521811617536,-0.1455322379841005,0,0,0,0.10901271721360524,0
45.25,-0.31307245365120023,-0.05756393977117458,-0.1451941054983192,0,0,0,0.10765853949167375,0
45.3,-0.31275893449895775,-0.057849003709038976,-0.14485831525754395,0,0,0,0.10632118363557085,0
45.35,-0.3124420558144666,-0.058120752962023986,-0.1445248080237731,0,0,0,0.10500044068072312,0
45.4,-0.3121218741213313,-0.05837952107877495,-0.1441935262608525,0,0,0,0.1036961042583568,0
45.45,-0.3117984447387961,-0.05862563243558646,-0.14386441408168232,0,0,0,0.10240797056325222,0
45.5,-0.31147182181969035,-0.05885940253601754,-0.1435374171972758,0,0,0,0.10113583832189879,0
45.55,-0.31114205838699427,-0.05908113829934317,-0.143212482867597,0,0,0,0.09987950876104561,0
45.6,-0.31080920636907816,-0.05929113833830109,-0.14288955985410767,0,0,0,0.09863878557664278,0
45.65,-0.31047331663366823,-0.05948969322657227,-0.14256859837395677,0,0,0,0.09741347490316847,0
45.7,-0.31013443902058785,-0.05967708575641391,-0.14224955005574852,0,0,0,0.09620338528333704,0
45.75,-0.3097926223733226,-0.05985359118684507,-0.14193236789682803,0,0,0,0.09500832763818344,0
45.8,-0.3094479145694543,-0.0600194774827677,-0.141617006222026,0,0,0,0.09382811523751924,0
45.85,-0.3091003625500083,-0.06017500554538847,-0.14130342064380613,0,0,0,0.09266256367075569,0
45.9,-0.308750012347755,-0.060320429434291147,-0.14099156802376217,0,0,0,0.09151149081808915,0
45.95,-0.30839690911450707,-0.06045599658149385,-0.1406814064354125,0,0,0,0.09037471682204451,0
46.0,-0.3080410971474493,-0.06058194799781078,-0.14037289512824352,0,0,0,0.08925206405937211,0
46.05,-0.30768261991453943,-0.06069851847182439,-0.14006599449295448,0,0,0,0.08814335711329371,0
46.1,-0.3073215200790138,-0.06080593676176052,-0.13976066602785836,0,0,0,0.08704842274609333,0
46.15,-0.30695783952303324,-0.06090442578054656,-0.13945687230639583,0,0,0,0.0859670898720484,0
46.2,-0.30659161937050045,-0.060994202774320584,-0.1391545769457203,0,0,0,0.08489918953069739,0
46.25,-0.30622290000908087,-0.06107547949464786,-0.13885374457631453,0,0,0,0.08384455486043929,0
46.3,-0.30585172111145614,-0.061148462364690466,-0.13855434081260037,0,0,0,0.08280302107246121,0
46.35,-0.30547812165583976,-0.06121335263956498,-0.1382563322245054,0,0,0,0.08177442542498975,0
46.4,-0.30510213994578167,-0.06127034656111352,-0.1379596863099506,0,0,0,0.08075860719786232,0
46.45,-0.3047238136292885,-0.0613196355073037,-0.13766437146822597,0,0,0,0.07975540766741421,0
46.5,-0.304343179717285,-0.06136140613646424,-0.13737035697422156,0,0,0,0.07876467008167777,0
46.55,-0.3039602746014405,-0.06139584052655405,-0.13707761295348267,0,0,0,0.07778623963588956,0
46.6,-0.3035751340713844,-0.061423116309654587,-0.13678611035805954,0,0,0,0.07681996344830179,0
46.65,-0.30318779333133267,-0.061443406801867204,-0.13649582094312301,0,0,0,0.07586569053629424,0
46.7,-0.30279828701614686,-0.061456881128789824,-0.13620671724431854,0,0,0,0.07492327179278295,0
46.75,-0.3024066492068468,-0.06146370434673998,-0.1359187725558322,0,0,0,0.07399255996292185,0
46.8,-0.30201291344559633,-0.0614640375598844,-0.1356319609091433,0,0,0,0.073073409621094,0
46.85,-0.30161711275018166,-0.061458038033428856,-0.1353462570524395,0,0,0,0.07216567714818845,0
46.9,-0.3012192796280004,-0.06144585930301548,-0.13506163643067065,0,0,0,0.0712692207091595,0
46.95,-0.30081944608957883,-0.06142765128046905,-0.1347780751662194,0,0,0,0.07038390023086473,0
47.0,-0.300417643661635,-0.06140356035602778,-0.13449555004016628,0,0,0,0.06950957738017818,0
47.05,-0.300013903399703,-0.06137372949718875,-0.13421403847412933,0,0,0,0.06864611554237562,0
47.1,-0.29960825590033524,-0.061338298344292906,-0.13393351851265758,0,0,0,0.06779337979978817,0
47.15,-0.2992007313128965,-0.06129740330296944,-0.13365396880615982,0,0,0,0.06695123691072113,0
47.2,-0.2987913593509658,-0.06125117763355471,-0.13337536859434962,0,0,0,0.06611955528863475,0
47.25,-0.29838016930335853,-0.061199751537596075,-0.13309769769018942,0,0,0,0.0652982049815835,0
47.3,-0.29796719004478345,-0.06114325224154683,-0.13282093646431625,0,0,0,0.06448705765191085,0
47.35,-0.29755245004614683,-0.061081804077754105,-0.13254506582993292,0,0,0,0.06368598655619624,0
47.4,-0.2971359773845163,-0.06101552856283754,-0.1322700672281486,0,0,0,0.06289486652545119,0
47.45,-0.29671779975275664,-0.06094454447355285,-0.13199592261375404,0,0,0,0.062113573945561336,0
47.5,-0.2962979444688487,-0.06086896792023052,-0.13172261444141628,0,0,0,0.061341986737971525,0
47.55,-0.29587643848490286,-0.0607889124178764,-0.13145012565227923,0,0,0,0.060579984340610765,0
47.6,-0.29545330839587713,-0.06070448895501778,-0.13117843966095635,0,0,0,0.05982744768905416,0
47.65,-0.2950285804480113,-0.060615806060374894,-0.13090754034290247,0,0,0,0.059084259197918855,0
47.7,-0.29460228054698545,-0.06052296986743508,-0.1306374120221521,0,0,0,0.05835030274249109,0
47.75,-0.29417443426581413,-0.06042608417700364,-0.13036803945941225,0,0,0,0.05762546364058145,0
47.8,-0.29374506685248414,-0.06032525051780262,-0.13009940784049814,0,0,0,0.056909628634605566,0
47.85,-0.29331420323734486,-0.060220568205186065,-0.12983150276510036,0,0,0,0.05620268587388738,0
47.9,-0.2928818680402607,-0.060112134398037635,-0.12956431023587298,0,0,0,0.05550452489718224,0
47.95,-0.29244808557753244,-0.060000044153913905,-0.12929781664783196,0,0,0,0.05481503661541712,0
48.0,-0.2920128798685968,-0.05988439048249445,-0.12903200877805399,0,0,0,0.054134113294645216,0
48.05,-0.29157627464251074,-0.059765264397397266,-0.1287668737756659,0,0,0,0.05346164853921231,0
48.1,-0.2911382933442283,-0.059642754966416044,-0.12850239915211553,0,0,0,0.05279753727513222,0
48.15,-0.29069895914067756,-0.05951694936023361,-0.12823857277171505,0,0,0,0.0521416757336688,0
48.2,-0.2902582949266437,-0.05938793289966385,-0.12797538284244775,0,0,0,0.051493961435121825,0
48.25,-0.28981632333046536,-0.05925578910147238,-0.12771281790703046,0,0,0,0.05085429317281437,0
48.3,-0.2893730667195507,-0.05912059972282458,-0.1274508668342231,0,0,0,0.050222570997279024,0
48.35,-0.28892854720571853,-0.05898244480440745,-0.12718951881037788,0,0,0,0.04959869620064062,0
48.4,-0.2884827866503717,-0.05884140271227043,-0.12692876333122044,0,0,0,0.0489825713011929,0
48.45,-0.2880358066695074,-0.05869755017842827,-0.12666859019385593,0,0,0,0.048374100028166805,0
48.5,-0.2875876286385704,-0.058550962340267805,-0.1264089894889927,0,0,0,0.04777318730668798,0
48.55,-0.2871382736971544,-0.058401712778798624,-0.12614995159337739,0,0,0,0.04717973924292113,0
48.6,-0.28668776275355656,-0.05824987355578646,-0.12589146716243427,0,0,0,0.046593663109398914,0
48.65,-0.2862361164891906,-0.058095515249806474,-0.1256335271231033,0,0,0,0.04601486733053308,0
48.7,-0.2857833553628627,-0.05793870699125238,-0.12537612266687004,0,0,0,0.04544326146830562,0
48.75,-0.2853294996149148,-0.05777951649633602,-0.12511924524298235,0,0,0,0.04487875620813762,0
48.8,-0.2848745692712407,-0.05761801010011079,-0.1248628865518476,0,0,0,0.04432126334493367,0
48.85,-0.2844185841471779,-0.05745425278855099,-0.12460703853860533,0,0,0,0.043770695769299685,0
48.9,-0.28396156385128046,-0.05728830822971817,-0.12435169338686994,0,0,0,0.04322696745393183,0
48.95,-0.28350352778897614,-0.057120238804044335,-0.12409684351263833,0,0,0,0.042689993440174594,0
49.0,-0.2830444951661124,-0.056950105633760836,-0.12384248155835763,0,0,0,0.042159689824745855,0
49.05,-0.2825844849923943,-0.056777968611500765,-0.1235886003871482,0,0,0,0.04163597374662679,0
49.1,-0.2821235160847183,-0.05660388642810157,-0.1233351930771773,0,0,0,0.04111876337411467,0
49.15,-0.28166160707040555,-0.05642791659963386,-0.12308225291617919,0,0,0,0.04060797789203654,0
49.2,-0.28119877639033775,-0.05625011549368128,-0.122829773396117,0,0,0,0.040103537489121606,0
49.25,-0.28073504230199897,-0.05607053835489555,-0.12257774820798267,0,0,0,0.03960536334553063,0
49.3,-0.2802704228824269,-0.055889239329849794,-0.12232617123673056,0,0,0,0.03911337762054013,0
49.35,-0.2798049360310756,-0.05570627149121272,-0.12207503655634107,0,0,0,0.03862750344037963,0
49.4,-0.27933859947259426,-0.05552168686126512,-0.12182433842501053,0,0,0,0.03814766488621995,0
49.45,-0.27887143075952314,-0.055335536434779675,-0.12157407128046363,0,0,0,0.03767378698231077,0
49.5,-0.2784034472749106,-0.05514787020128407,-0.12132422973538495,0,0,0,0.03720579568426549,0
49.55,-0.2779346662348535,-0.054958737166727015,-0.12107480857296621,0,0,0,0.03674361786749166,0
49.6,-0.27746510469096336,-0.054768185374565834,-0.12082580274256585,0,0,0,0.036287181315765096,0
49.65,-0.27699477953276086,-0.05457626192629378,-0.12057720735547797,0,0,0,0.03583641470994597,0
49.7,-0.27652370749000166,-0.05438301300142458,-0.12032901768080737,0,0,0,0.035391247616835014,0
49.75,-0.2760519051349346,-0.05418848387695108,-0.12008122914144773,0,0,0,0.03495161047816825,0
49.8,-0.2755793888844959,-0.05399271894629437,-0.11983383731016024,0,0,0,0.0345174345997483,0
49.85,-0.2751061750024405,-0.05379576173775909,-0.11958683790574964,0,0,0,0.03408865214071083,0
49.9,-0.27463227960141307,-0.05359765493251014,-0.11934022678933515,0,0,0,0.03366519610292425,0
49.95,-0.2741577186449609,-0.053398440382085605,-0.11909399996071354,0,0,0,0.033247000320521115,0
50.0,-0.27368250794949023,-0.053198159125459964,-0.11884815355481201,0,0,0,0.032833999449559614,0
50.05,-0.27320666318616804,-0.052996851405671425,-0.1186026838382282,0,0,0,0.0324261289578134,0
50.1,-0.27273019988277125,-0.0527945566860266,-0.11835758720585501,0,0,0,0.03202332511468831,0
50.15,-0.27225313342548496,-0.052591313665895374,-0.11811286017758821,0,0,0,0.03162552498126436,0
50.2,-0.2717754790606516,-0.052387160296108314,-0.11786849939511412,0,0,0,0.031232666400461354,0
50.25,-0.27129725189647236,-0.052182133793968674,-0.11762450161877558,0,0,0,0.03084468798732678,0
50.3,-0.2708184669046631,-0.05197627065789048,-0.11738086372451396,0,0,0,0.030461529119444226,0
50.35,-0.2703391389220653,-0.05176960668167401,-0.11713758270088531,0,0,0,0.03008312992746105,0
50.4,-0.2698592826522145,-0.051562176968429324,-0.11689465564614843,0,0,0,0.029709431285733643,0
50.45,-0.2693789126668673,-0.051354015944158504,-0.11665207976542322,0,0,0,0.029340374803088938,0
50.5,-0.2688980434074883,-0.051145157371006576,-0.11640985236791736,0,0,0,0.028975902813700674,0
50.55,-0.268416689186698,-0.05093563436019094,-0.11616797086421946,0,0,0,0.02861595836807898,0
50.6,-0.2679348641896838,-0.05072547938461881,-0.11592643276365704,0,0,0,0.028260485224171922,0
50.65,-0.267452582475575,-0.05051472429120178,-0.11568523567171758,0,0,0,0.027909427838577545,0
50.7,-0.2669698579787822,-0.050303400312876376,-0.1154443772875311,0,0,0,0.027562731357865116,0
50.75,-0.26648670451030365,-0.05009153808033914,-0.1152038554014125,0,0,0,0.027220341610004164,0
50.8,-0.2660031357589988,-0.049879167633504626,-0.1149636678924624,0,0,0,0.026882205095899992,0
50.85,-0.2655191652928306,-0.04966631843269414,-0.11472381272622473,0,0,0,0.026548268981034327,0
50.9,-0.26503480656007705,-0.04945301936956322,-0.11448428795239966,0,0,0,0.026218481087209818,0
50.95,-0.26455007289051385,-0.04923929877777518,-0.11424509170261063,0,0,0,0.0258927898843971,0
51.0,-0.26406497749656843,-0.049025184443428,-0.11400622218822393,0,0,0,0.02557114448268311,0
51.05,-0.26357953347444685,-0.04881070361524177,-0.11376767769821956,0,0,0,0.025253494624319438,0
51.1,-0.26309375380523403,-0.048595883014513175,-0.11352945659711214,0,0,0,0.02493979067586945,0
51.15,-0.26260765135596853,-0.04838074884484399,-0.11329155732292048,0,0,0,0.024629983620452964,0
51.2,-0.26212123888069305,-0.048165326801649616,-0.11305397838518481,0,0,0,0.024324025050087267,0
51.25,-0.26163452902148054,-0.04794964208145408,-0.11281671836303028,0,0,0,0.024021867158123256,0
51.3,-0.2611475343094378,-0.04773371939097731,-0.11257977590327561,0,0,0,0.02372346273177557,0
51.35,-0.2606602671656868,-0.047517582956020606,-0.11234314971858594,0,0,0,0.023428765144745487,0
51.4,-0.2601727399023245,-0.04730125653015582,-0.11210683858566864,0,0,0,0.023137728349935462,0
51.45,-0.2596849647233621,-0.047084763403223706,-0.11187084134351105,0,0,0,0.02285030687225419,0
51.5,-0.2591969537256444,-0.04686812640964669,-0.11163515689165919,0,0,0,0.022566455801511016,0
51.55,-0.25870871889974956,-0.04665136793656119,-0.11139978418853635,0,0,0,0.02228613078539864,0
51.6,-0.25822027213087095,-0.04643450993177435,-0.1111647222498007,0,0,0,0.022009288022562967,0
51.65,-0.25773162519968035,-0.04621757391155004,-0.11092997014674094,0,0,0,0.021735884255759064,0
51.7,-0.25724278978317433,-0.04600058096822869,-0.11069552700470894,0,0,0,0.021465876765092123,0
51.75,-0.25675377745550365,-0.04578355177768546,-0.1104613920015888,0,0,0,0.021199223361342393,0
51.8,-0.2562645996887868,-0.04556650660663117,-0.11022756436630111,0,0,0,0.02093588237937303,0
51.85,-0.2557752678539078,-0.04534946531976003,-0.10999404337734182,0,0,0,0.020675812671619824,0
51.9,-0.2552857932212991,-0.04513244738674846,-0.10976082836135473,0,0,0,0.020418973601661828,0
51.95,-0.25479618696170975,-0.04491547188910877,-0.10952791869173696,0,0,0,0.020165325037871818,0
52.0,-0.25430646014696023,-0.04469855752690168,-0.10929531378727654,0,0,0,0.019914827347145645,0
52.05,-0.25243928744906624,-0.04391822606114992,-0.10792717229019363,0.07900622403951053,0,0,0.019667441388709496,0
52.1,-0.2505966534827923,-0.043151356240428505,-0.10657939786381415,0.07802479296226664,0,0,0.019423128508004053,0
52.15,-0.2487781341077045,-0.04239769361442201,-0.10525163839825336,0.07705555341766576,0,0,0.019181850530644647,0
52.2,-0.24698331393440565,-0.04165698931738782,-0.1039435489792884,0.07609835396005714,0,0,0.018943569756456433,0
52.25,-0.2452117861128692,-0.040928999924538925,-0.10265479171469466,0.07515304502507808,0,0,0.018708248953583657,0
52.3,-0.24346315212666442,-0.040213487312657156,-0.10138503556541992,0.07421947890628425,0,0,0.018475851352672108,0
52.35,-0.2417370215928883,-0.0395102185247978,-0.10013395618144658,0.07329750973207022,0,0,0.018246340641123824,0
52.4,-0.2400330120676267,-0.0388189656389514,-0.09890123574219431,0.07238699344287677,0,0,0.018019680957423186,0
52.45,-0.23835074885677188,-0.038139505640533644,-0.09768656280132235,0.07148778776868127,0,0,0.01779583688553347,0
52.5,-0.23668986483203092,-0.03747162029857862,-0.09648963213579445,0.07059975220676765,0,0,0.017574773449363028,0
52.55,-0.2350500002519646,-0.03681509604551535,-0.09531014459907525,0.06972274799977264,0,0,0.017356456107300206,0
52.6,-0.2334308025879015,-0.0361697238604117,-0.09414780697833028,0.06885663811400464,0,0,0.017140850746816132,0
52.65,-0.231831926354578,-0.03553529915557384,-0.09300233185550671,0.06800128721803186,0,0,0.01692792367913458,0
52.7,-0.23025303294535948,-0.03491162166639345,-0.09187343747217605,0.0671565616615366,0,0,0.016717641633968022,0
52.75,-0.22869379047190316,-0.0342984953443388,-0.09076084759802402,0.06632232945443205,0,0,0.016509971754319078,0
52.8,-0.22715387360812772,-0.033695728252989124,-0.08966429140287671,0.06549846024623857,0,0,0.016304881591346545,0
52.85,-0.22563296343835842,-0.033103132467015677,-0.08858350333215559,0.06468482530571622,0,0,0.016102339099295197,0
52.9,-0.2241307473095234,-0.03252052397401579,-0.087518222985658,0.06388129750075018,0,0,0.01590231263048858,0
52.95,-0.2226469186872776,-0.03194772257910998,-0.08646819499956299,0.06308775127848615,0,0,0.01570477093038398,0
53.0,-0.2211811770159372,-0.031384551812214875,-0.08543316893156538,0.06230406264571241,0,0,0.01550968313268886,0
53.05,-0.21973322758211114,-0.03083083883790796,-0.0844128991490449,0.06153010914948566,0,0,0.015317018754537916,0
53.1,-0.2183027813819189,-0.030286414367802942,-0.08340714472017946,0.0607657698579975,0,0,0.015126747691730088,0
53.15,-0.21688955499168802,-0.029751112575357543,-0.08241566930791541,0.06001092534167857,0,0,0.014938840214024697,0
53.2,-0.21549327044202965,-0.0292247710130378,-0.08143824106670983,0.05926545765453745,0,0,0.014753266960496055,0
53.25,-0.21411365509519062,-0.028707230531766055,-0.08047463254196321,0.05852925031573137,0,0,0.014569998934945746,0
53.3,-0.2127504415255871,-0.028198335202581845,-0.07952462057206325,0.057802188291365804,0,0,0.014389007501371915,0
53.35,-0.21140336740342613,-0.02769793224044753,-0.07858798619296314,0.05708415797652023,0,0,0.014210264379494837,0
53.4,-0.21007217538132517,-0.027205871930132942,-0.07766451454522028,0.056375047177497105,0,0,0.014033741640338063,0
53.45,-0.20875661298384138,-0.02672200755411516,-0.07675399478342348,0.05567474509429139,0,0,0.01385941170186446,0
53.5,-0.2074564324998277,-0.026246195322432074,-0.07585621998793973,0.05498314230327781,0,0,0.013687247324666465,0
53.55,-0.20617139087753292,-0.025778294304430224,-0.0749709870789127,0.05430013074011319,0,0,0.013517221607709871,0
53.6,-0.2049012496223669,-0.02531816636234945,-0.07409809673244852,0.05362560368285118,0,0,0.013349307984130483,0
53.65,-0.20364577469725426,-0.024865676086688823,-0.07323735329892558,0.05295945573526675,0,0,0.013183480217082993,0
53.7,-0.20240473642550294,-0.024420690733300183,-0.0723885647233675,0.05230158281038781,0,0,0.013019712395641422,0
53.75,-0.20117790939611502,-0.023983080162157357,-0.07155154246782033,0.05165188211423139,0,0,0.01285797893075048,0
53.8,-0.1999650723714707,-0.02355271677775083,-0.07072610143567676,0.05101025212974189,0,0,0.012698254551227228,0
53.85,-0.1987660081973184,-0.023129475471059417,-0.06991205989789195,0.050376592600928825,0,0,0.012540514299812405,0
53.9,-0.19758050371500527,-0.022713233563051848,-0.06910923942103772,0.04975080451720163,0,0,0.012384733529270803,0
53.95,-0.1964083496758851,-0.022303870749673046,-0.06831746479714271,0.049132790097899046,0,0,0.012230887898540085,0
54.0,-0.1952493406578426,-0.021901269048271003,-0.06753656397526872,0.0485224527770107,0,0,0.01207895336892745,0
54.05,-0.19410327498387478,-0.021505312745421876,-0.06676636799477415,0.04791969718808846,0,0,0.01192890620035353,0
54.1,-0.19296995464267175,-0.0211158883461121,-0.06600671092021757,0.04732442914934524,0,0,0.011780722947642965,0
54.15,-0.19184918521114158,-0.02073288452423789,-0.0652574297778556,0.0467365556489389,0,0,0.011634380456861035,0
54.2,-0.1907407757788251,-0.02035619207438344,-0.06451836449369092,0.04615598483043897,0,0,0.01148985586169582,0
54.25,-0.18964453887414834,-0.019985703864840696,-0.06378935783302699,0.04558262597847388,0,0,0.01134712657988529,0
54.3,-0.1885602903924624,-0.01962131479183466,-0.06307025534148873,0.0450163895045565,0,0,0.011206170309688774,0
54.35,-0.18748784952582076,-0.019262921734919187,-0.062360905287467946,0.04445718693308576,0,0,0.011066965026402278,0
54.4,-0.18642703869444754,-0.01891042351350964,-0.061661158605954725,0.04390493088752216,0,0,0.010929488978917072,0
54.45,-0.18537768347984937,-0.0185637208445196,-0.06097086884371719,0.04335953507673501,0,0,0.01079372068632104,0
54.5,-0.18433961255952735,-0.018222716301069947,-0.06028989210579218,0.04282091428151926,0,0,0.010659638934542241,0
54.55,-0.18331265764324428,-0.017887314272239725,-0.059618087003251635,0.042288984341279826,0,0,0.010527222773034169,0
54.6,-0.1822966534108067,-0.017557420923828955,-0.05895531460221039,0.04176366214088132,0,0,0.010396451511502184,0
54.65,-0.18129143745131926,-0.01723294416010475,-0.05830143837404081,0.04124486559766116,0,0,0.010267304716670615,0
54.7,-0.18029685020387323,-0.016913793586502784,-0.057656324146763055,0.04073251364860397,0,0,0.01013976220909002,0
54.75,-0.17931273489962968,-0.01659988047325715,-0.05701984005757825,0.04022652623767531,0,0,0.010013804059984102,0
54.8,-0.17833893750526075,-0.016291117719932434,-0.05639185650651486,0.03972682430331279,0,0,0,0
54.85,-0.17674788336810013,-0.015728637740958437,-0.055247578579522255,0.03923332976607252,0,0,0,0
54.9,-0.17517813112418515,-0.015177221406332563,-0.05412084780744292,0.03874596551642903,0,0,0,0
54.95,-0.17362933297560398,-0.014636662792214088,-0.053011376586450554,0.03826465540272676,0,0,0,0
55.0,-0.17210114780416644,-0.014106760182702203,-0.05191888278344775,0.03778932421928122,0,0,0,0
55.05,-0.17059324102068524,-0.013587315969703327,-0.05084308961302289,0.03731989769462791,0,0,0,0
55.1,-0.16910528441819153,-0.013078136555559249,-0.04978372551762167,0.03685630247991731,0,0,0,0
55.15,-0.1676369560289695,-0.012579032258350518,-0.04874052405083862,0.03639846613745392,0,0,0,0
55.2,-0.1661879399852963,-0.012089817219792277,-0.047713223763736407,0.03594631712937777,0,0,0,0
55.25,-0.1647579263837804,-0.011610309315642747,-0.04670156809410431,0.03549978480648643,0,0,0,0
55.3,-0.1633466111531921,-0.01114033006854711,-0.045705305258570084,0.03505879939719598,0,0,0,0
55.35,-0.16195369592568518,-0.010679704563242236,-0.04472418814748186,0.03462329199663902,0,0,0,0
55.4,-0.1605788879113108,-0.010228261364050202,-0.043757974222479706,0.03419319455589817,0,0,0,0
55.45,-0.15922189977572943,-0.009785832434590892,-0.04280642541667906,0.033768439871373276,0,0,0,0
55.5,-0.15788244952102712,-0.00935225305964646,-0.04186930803739053,0.03334896157428071,0,0,0,0
55.55,-0.15656026036954832,-0.008927361769112463,-0.04094639267130312,0.03293469412028311,0,0,0,0
55.6,-0.15525506065065825,-0.008511000263972904,-0.0400374540920605,0.03252557277924796,0,0,0,0
55.65,-0.1539665836903511,-0.008103013344238214,-0.03914227117016131,0.03212153362513336,0,0,0,0
55.7,-0.15269456770362314,-0.007703248838787494,-0.038260626785118046,0.03172251352599946,0,0,0,0
55.75,-0.15143875568953244,-0.007311557537058082,-0.03739230773980967,0.031328450134143954,0,0,0,0
55.8,-0.1501988953288694,-0.006927793122527469,-0.0365371046769665,0.03093928187636013,0,0,0,0
55.85,-0.1489747388843639,-0.006551812107934353,-0.03569481199772642,0.030554947944315947,0,0,0,0
55.9,-0.14776604310335845,-0.006183473772187448,-0.034865227782204855,0.030175388285052587,0,0,0,0
55.95,-0.14657256912287758,-0.005822640098912139,-0.03404815371202166,0.02980054359160107,0,0,0,0
56.0,-0.14539408237702753,-0.005469175716586987,-0.03324339499473017,0.02943035529371542,0,0,0,0
56.05,-0.14423035250666041,-0.005122947840223317,-0.03245076029009564,0.029064765548720933,0,0,0,0
56.1,-0.14308115327124044,-0.004783826214542982,-0.03167006163817132,0.02870371723247616,0,0,0,0
56.15,-0.14194626246285155,-0.0044516830586104825,-0.03090111438912288,0.02834715393044713,0,0,0,0
56.2,-0.140825461822287,-0.004126393011877342,-0.030143737134752324,0.027995019928892462,0,0,0,0
56.25,-0.13971853695716355,-0.0038078330815977703,-0.029397751641675046,0.027647260206157997,0,0,0,0
56.3,-0.1386252772620056,-0.0034958825915760855,-0.028662982786104546,0.02730382042407953,0,0,0,0
56.35,-0.13754547584024462,-0.00319042313220759,-0.02793925849020068,0.02696464691949238,0,0,0,0
56.4,-0.136478929428082,-0.0028913385117757227,-0.027226409659939,0.0266296866958464,0,0,0,0
56.45,-0.1354254383201649,-0.0025985147089696466,-0.02652427012445968,0.026298887414925167,0,0,0,0
56.5,-0.13438480629702598,-0.0023118398265874612,-0.025832676576856034,0.025972197388668017,0,0,0,0
56.55,-0.13335684055423913,-0.0020312040463913023,-0.025151468516363656,0.025649565571093692,0,0,0,0
56.6,-0.13234135163324545,-0.001756499585081766,-0.02448048819191248,0.025330941550324296,0,0,0,0
56.65,-0.1313381533538046,-0.0014876206513599853,-0.023819580547005087,0.02501627554070834,0,0,0,0
56.7,-0.13034706274802801,-0.0012244634040467495,-0.02316859316588593,0.02470551837504163,0,0,0,0
56.75,-0.12936789999595158,-0.0009669259112290197,-0.02252737622096679,0.024398621496884782,0,0,0,0
56.8,-0.12840048836260762,-0.0007149081104050464,-0.02189578242147533,0.024095536952976206,0,0,0,0
56.85,-0.12744465413655567,-0.00046831176960026796,-0.021273666963293802,0.023796217385739282,0,0,0,0
56.9,-0.12650022656983406,-0.00022704044942695525,-0.02066088747995709,0.023500616025882663,0,0,0,0
56.95,-0.12556703781929454,9.000533938513522e-06,-0.02005730399477898,0.02320868668509246,0,0,0,0
57.0,-0.1246449228892843,0.00023990414488617856,-0.019462778874077297,0.022920383748815245,0,0,0,0
57.05,-0.12373371957563908,0.00046576166363536745,-0.018877176781468913,0.022635662169130665,0,0,0,0
57.1,-0.12283326841095443,0.0006866627206537496,-0.01830036463320686,0.022354477457712622,0,0,0,0
57.15,-0.12194341261110096,0.0009026953302557032,-0.017732211554532334,0.022076785678877886,0,0,0,0
57.2,-0.12106399802295156,0.0011139459234023805,-0.017172588837015168,0.021802543442721044,0,0,0,0
57.25,-0.12019487307328976,0.0013204993797252262,-0.016621369896857252,0.021531707898334747,0,0,0,0
57.3,-0.11933588871886798,0.0015224390587939944,-0.016078430234133995,0.021264236727114163,0,0,0,0
57.35,-0.1184868983975869,0.0017198468306497336,-0.015543647392949889,0.021000088136144617,0,0,0,0
57.4,-0.11764775798076672,0.0019128031056225188,-0.01501690092248431,0.020739220851671354,0,0,0,0
57.45,-0.11681832572648285,0.0021013868634532293,-0.01449807233890521,0.02048159411265044,0,0,0,0
57.5,-0.11599846223393855,0.0022856756817379482,-0.01398704508812837,0.020227167664379753,0,0,0,0
57.55,-0.11518803039884846,0.002465745763713143,-0.013483704509400674,0.01997590175220912,0,0,0,0
57.6,-0.1143868953698075,0.002641671965399158,-0.012987937799686627,0.019727757115328554,0,0,0,0
57.65,-0.11359492450562007,0.0028135278221190704,-0.012499633978837854,0.019482694980633694,0,0,0,0
57.7,-0.11281198733356551,0.002981385574409457,-0.012018683855525542,0.019240677056667408,0,0,0,0
57.75,-0.11203795550857648,0.0031453161933390865,-0.011544979993917182,0.01900166552763669,0,0,0,0
57.8,-0.11127270277330722,0.0033053894052511544,-0.01107841668107841,0.01876562304750385,0,0,0,0
57.85,-0.1105161049190697,0.0034616737159441704,-0.010618889895082376,0.01853251273415114,0,0,0,0
57.9,-0.10976803974761604,0.0036142364343061464,-0.010166297273808494,0.018302298163617833,0,0,0,0
57.95,-0.1090283870337461,0.0037631436954163842,-0.009720538084413949,0.018074943364408905,0,0,0,0
58.0,-0.10829702848872022,0.003908460483128668,-0.009281513193460988,0.017850412811874425,0,0,0,0
58.05,-0.1075738477244569,0.004050250652149291,-0.008849125037683911,0.017628671422658747,0,0,0,0
58.1,-0.10685873021849651,0.0041885769496229925,-0.008423277595380155,0.01740968454921867,0,0,0,0
58.15,-0.10615156327971177,0.004323501036239448,-0.008003876358409892,0.017193417974409684,0,0,0,0
58.2,-0.10545223601474753,0.004455083506872617,-0.007590828304789549,0.01697983790613948,0,0,0,0
58.25,-0.10476063929517135,0.004583383910764925,-0.007184041871864555,0.016768910972087863,0,0,0,0
58.3,-0.10407666572531828,0.00470846077126786,-0.006783426930047437,0.016560604214492246,0,0,0,0
58.35,-0.10340020961081249,0.004830371605150274,-0.0063888947571073,0.016354885084997956,0,0,0,0
58.4,-0.10273116692774989,0.004949172941485353,-0.0060003580129976974,0.01615172143957247,0,0,0,0
58.45,-0.10206943529252561,0.0050649203401268855,-0.005617730715209601,0.015951081533482847,0,0,0,0
58.5,-0.10141491393229098,0.005177668409785188,-0.005240928214637078,0.01575293401633556,0,0,0,0
58.55,-0.10076750365602481,0.00528747082571273,-0.004869867171943321,0.01555724792717792,0,0,0,0
58.6,-0.10012710682620471,0.005394380347009228,-0.004504465534415081,0.015363992689660365,0,0,0,0
58.65,-0.09949362733106373,0.00549844883355571,-0.004144642513293939,0.015173138107258857,0,0,0,0
58.7,-0.09886697055741876,0.005599727262586774,-0.0037903185615729418,0.014984654358556598,0,0,0,0
58.75,-0.09824704336405711,0.0056982657449099975,-0.0034414153522478175,0.014798511992584378,0,0,0,0
58.8,-0.09763375405566818,0.005794113540781248,-0.0030978557570118526,0.014614681924218807,0,0,0,0
58.85,-0.0970270123573073,0.0058873190754443385,-0.002759563825384073,0.014433135429637697,0,0,0,0
58.9,-0.09642672938937943,0.005977929954343295,-0.002426464764260644,0.014253844141831909,0,0,0,0
58.95,-0.09583281764313051,0.006065992978015243,-0.002098484917879423,0.014076780046172953,0,0,0,0
59.0,-0.09524519095663457,0.0061515541566716965,-0.0017755517481881644,0.013901915476035644,0,0,0,0
59.05,-0.09466376449126541,0.0062346587244758445,-0.0014575938156069362,0.013729223108475132,0,0,0,0
59.1,-0.0940884547086412,0.006315351153523196,-0.001144540760175658,0.01355867595995764,0,0,0,0
59.15,-0.09351917934803156,0.006393675167532758,-0.0008363232830778666,0.013390247382144232,0,0,0,0
59.2,-0.092955857404216,0.006469673755255713,-0.0005328731285319382,0.013223911057726955,0,0,0,0
59.25,-0.09239840910578377,0.006543389183608382,-0.00023412306604138344,0.013059640996316704,0,0,0,0
59.3,-0.09184675589386507,0.00661486301053609,5.999312700384618e-05,0.012897411530382173,0,0,0,0
59.35,-0.09130082040128311,0.00668413609761432,0.0003495406823833397,0.012737197311239252,0,0,0,0
59.4,-0.09076052643211842,0.006751248622393441,0.0006345838577671153,0.012578973305090242,0,0,0,0
59.45,-0.09022579894167547,0.00681624009049306,0.0009151859531090628,0.012422714789112272,0,0,0,0
59.5,-0.08969656401684256,0.0068791493474519285,0.0011914093267203357,0.01226839734759431,0,0,0,0
59.55,-0.08917274885683629,0.0069400145903391565,0.0014633154110299529,0.012115996868122158,0,0,0,0
59.6,-0.08865428175432186,0.006998873379132347,0.0017309647280396023,0.011965489537810837,0,0,0,0
59.65,-0.08814109207690077,0.007055762647868086,0.0019944169044795457,0.011816851839583776,0,0,0,0
59.7,-0.08763311024895794,0.007110718715570118,0.0022537306866723117,0.011670060548498222,0,0,0,0
59.75,-0.0871302677338599,0.007163777296960363,0.0025089639551106047,0.011525092728116294,0,0,0,0
59.8,-0.08663249701649643,0.00721497351295781,0.002760173738755922,0.011381925726921116,0,0,0,0
59.85,-0.08613973158615813,0.00726434190097019,0.003007416229063975,0.011240537174777479,0,0,0,0
59.9,-0.08565190591974244,0.007311916424983192,0.003250746793742945,0.01110090497943645,0,0,0,0
59.95,-0.08516895546528071,0.007357730485451878,0.003490219990250551,0.010963007323083427,0,0,0,0
60.0,-0.08469081662577964,0.007401816928998811,0.003725889579035538,0.010826822658929045,0,0,0,0
60.05,-0.08421742674336992,0.007444208057923303,0.003957808536529314,0.010692329707842464,0,0,0,0
60.1,-0.0837487240837553,0.007484935639526086,0.004186029067893143,0.010559507455026446,0,0,0,0
60.15,-0.08328464782095599,0.007524030915253567,0.004410602619526124,0.010428335146733761,0,0,0,0
60.2,-0.08282513802233951,0.007561524609665759,0.004631579891339346,0.010298792287024365,0,0,0,0
60.25,-0.08237013563393307,0.007597446939231838,0.00484901084880103,0.010170858634562874,0,0,0,0
60.3,-0.08191958246601129,0.007631827620957205,0.005062944734757935,0.010044514199455805,0,0,0,0
60.35,-0.0814734211789535,0.007664695880845803,0.005273430081037436,0,0,0,0,0
60.4,-0.08126999201840947,0.007601088812718652,0.005260262971579534,0,0,0,0,0
60.45,-0.0810670707955801,0.007538009601035986,0.005247128738782327,0,0,0,0,0
60.5,-0.08086465624220711,0.007475453865271645,0.005234027300556818,0,0,0,0,0
60.55,-0.08066274709319886,0.007413417261252172,0.005220958575018975,0,0,0,0,0
60.6,-0.0804613420866225,0.007351895480855135,0.005207922480489221,0,0,0,0,0
60.65,-0.08026043996369611,0.007290884251709948,0.005194918935491923,0,0,0,0,0
60.7,-0.08006003946878076,0.007230379336901179,0.005181947858754883,0,0,0,0,0
60.75,-0.07986013934937271,0.007170376534674318,0.005169009169208829,0,0,0,0,0
60.8,-0.07966073835609554,0.007110871678143985,0.005156102785986908,0,0,0,0,0
60.85,-0.07946183524269242,0.007051860635004563,0.005143228628424183,0,0,0,0,0
60.9,-0.07926342876601822,0.0069933393072432294,0.005130386616057129,0,0,0,0,0
60.95,-0.07906551768603183,0.006935303630855372,0.005117576668623125,0,0,0,0,0
61.0,-0.07886810076578836,0.006877749575562362,0.005104798706059959,0,0,0,0,0
61.05,-0.0786711767714314,0.006820673144531675,0.005092052648505324,0,0,0,0,0
61.1,-0.07847474447218536,0.006764070374099329,0.005079338416296317,0,0,0,0,0
61.15,-0.07827880264034771,0.00670793733349463,0.005066655929968946,0,0,0,0,0
61.2,-0.07808335005128139,0.0066522701245671995,0.005054005110257631,0,0,0,0,0
61.25,-0.07788838548340707,0.0065970648815162685,0.005041385878094706,0,0,0,0,0
61.3,-0.07769390771819555,0.006542317770622217,0.00502879815460993,0,0,0,0,0
61.35,-0.07749991554016018,0.006488024989980342,0.0050162418611299905,0,0,0,0,0
61.4,-0.07730640773684923,0.006434182769236835,0.0050037169191780115,0,0,0,0,0
61.45,-0.07711338309883826,0.006380787369326952,0.004991223250473066,0,0,0,0,0
61.5,-0.07692084041972269,0.00632783508221535,0.004978760776929683,0,0,0,0,0
61.55,-0.07672877849611014,0.0062753222306385905,0.004966329420657363,0,0,0,0,0
61.6,-0.07653719612761295,0.006223245167849765,0.004953929103960089,0,0,0,0,0
61.65,-0.07634609211684071,0.006171600277365251,0.004941559749335841,0,0,0,0,0
61.7,-0.07615546526939272,0.006120383972713564,0.004929221279476112,0,0,0,0,0
61.75,-0.07596531439385057,0.0060695926971863,0.004916913617265425,0,0,0,0,0
61.8,-0.07577563830177066,0.006019222923591136,0.004904636685780851,0,0,0,0,0
61.85,-0.0755864358076768,0.005969271154006884,0.004892390408291529,0,0,0,0,0
61.9,-0.07539770572905279,0.005919733919540582,0.004880174708258185,0,0,0,0,0
61.95,-0.07520944688633502,0.005870607780086594,0.004867989509332653,0,0,0,0,0
62.0,-0.07502165810290512,0.005821889324087718,0.004855834735357401,0,0,0,0,0
62.05,-0.07483433820508256,0.005773575168298262,0.004843710310365052,0,0,0,0,0
62.1,-0.07464748602211739,0.0057256619575491025,0.004831616158577909,0,0,0,0,0
62.15,-0.07446110038618285,0.005678146364514682,0.004819552204407486,0,0,0,0,0
62.2,-0.07427518013236811,0.005631025089481944,0.004807518372454029,0,0,0,0,0
62.25,-0.07408972409867098,0.005584294860121186,0.004795514587506049,0,0,0,0,0
62.3,-0.07390473112599065,0.005537952431258811,0.004783540774539852,0,0,0,0,0
62.35,-0.07372020005812042,0.005491994584651969,0.004771596858719067,0,0,0,0,0
62.4,-0.07353612974174054,0.005446418128765064,0.0047596827653941815,0,0,0,0,0
62.45,-0.07335251902641092,0.005401219898548123,0.004747798420102074,0,0,0,0,0
62.5,-0.073169366764564,0.005356396755216992,0.004735943748565547,0,0,0,0,0
62.55,-0.07298667181149752,0.0053119455860353715,0.004724118676692864,0,0,0,0,0
62.6,-0.07280443302536746,0.005267863304098649,0.0047123231305772895,0,0,0,0,0
62.65,-0.0726226492671808,0.005224146848119531,0.00470055703649662,0,0,0,0,0
62.7,-0.07244131940078846,0.005180793182215449,0.00468882032091273,0,0,0,0,0
62.75,-0.07226044229287819,0.0051377992956977364,0.004677112910471109,0,0,0,0,0
62.8,-0.07208001681296747,0.005095162202862552,0.004665434732000403,0,0,0,0,0
62.85,-0.07190004183339647,0.0050528789427835355,0.00465378571251196,0,0,0,0,0
62.9,-0.07172051622932099,0.005010946579106189,0.004642165779199368,0,0,0,0,0
62.95,-0.0715414388787054,0.004969362199843961,0.004630574859438008,0,0,0,0,0
63.0,-0.07136280866231567,0.004928122917176024,0.004619012880784592,0,0,0,0,0
63.05,-0.0711846244637124,0.004887225867246731,0.004607479770976718,0,0,0,0,0
63.1,-0.07100688516924375,0.004846668209966735,0.00459597545793241,0,0,0,0,0
63.15,-0.07082958966803854,0.0048064471288157586,0.004584499869749676,0,0,0,0,0
63.2,-0.07065273685199933,0.004766559830647002,0.004573052934706051,0,0,0,0,0
63.25,-0.07047632561579542,0.004727003545493174,0.004561634581258154,0,0,0,0,0
63.3,-0.07030035485685603,0.00468777552637413,0.0045502447380412385,0,0,0,0,0
63.35,-0.07012482347536333,0.004648873049106112,0.004538883333868748,0,0,0,0,0
63.4,-0.06994973037424564,0.004610293412112564,0.0045275502977318695,0,0,0,0,0
63.45,-0.06977507445917047,0.004572033936236524,0.00451624555879909,0,0,0,0,0
63.5,-0.06960085463853781,0.004534091964554569,0.004504969046415754,0,0,0,0,0
63.55,-0.06942706982347321,0.004496464862192307,0.004493720690103623,0,0,0,0,0
63.6,-0.069253718927821,0.004459150016141396,0.004482500419560434,0,0,0,0,0
63.65,-0.06908080086813753,0.004422144835078087,0.004471308164659457,0,0,0,0,0
63.7,-0.06890831456368436,0.004385446749183268,0.0044601438554490655,0,0,0,0,0
63.75,-0.06873625893642152,0.004349053209964003,0.0044490074221522884,0,0,0,0,0
63.8,-0.06856463291100079,0.004312961690076555,0.004437898795166382,0,0,0,0,0
63.85,-0.06839343541475894,0.00427716968315087,0.004426817905062393,0,0,0,0,0
63.9,-0.06822266537771107,0.00424167470361653,0.00441576468258472,0,0,0,0,0
63.95,-0.06805232173254389,0.004206474286530134,0.004404739058650687,0,0,0,0,0
64.0,-0.06788240341460906,0.0041715659874041276,0.0043937409643501095,0,0,0,0,0
64.05,-0.06771290936191654,0.004136947382037042,0.004382770330944861,0,0,0,0,0
64.1,-0.06754383851512795,0.004102616066345148,0.004371827089868449,0,0,0,0,0
64.15,-0.06737518981754995,0.0040685696561955035,0.004360911172725579,0,0,0,0,0
64.2,-0.06720696221512763,0.004034805787240388,0.004350022511291734,0,0,0,0,0
64.25,-0.06703915465643794,0.0040013221147531105,0.004339161037512745,0,0,0,0,0
64.3,-0.06687176609268307,0.003968116313465181,0.0043283266835043655,0,0,0,0,0
64.35,-0.06670479547768396,0.003935186077404831,0.004317519381551848,0,0,0,0,0
64.4,-0.06653824176787372,0.003902529119736879,0.004306739064109519,0,0,0,0,0
64.45,-0.06637210392229113,0.0038701431726039176,0.004295985663800361,0,0,0,0,0
64.5,-0.06620638090257411,0.0038380259869688254,0.004285259113415585,0,0,0,0,0
64.55,-0.06604107167295324,0.0038061753324585817,0.004274559345914217,0,0,0,0,0
64.6,-0.06587617520024532,0.003774588997209379,0.004263886294422676,0,0,0,0,0
64.65,-0.06571169045384682,0.00374326478771302,0.004253239892234355,0,0,0,0,0
64.7,-0.06554761640572758,0.0037122005286645892,0.004242620072809206,0,0,0,0,0
64.75,-0.06538395203042424,0.0036813940628113917,0.004232026769773322,0,0,0,0,0
64.8,-0.06522069630503394,0.0036508432508031404,0.004221459916918526,0,0,0,0,0
64.85,-0.06505784820920785,0.0036205459710433904,0.004210919448201952,0,0,0,0,0
64.9,-0.06489540672514484,0.0035905001195422046,0.004200405297745636,0,0,0,0,0
64.95,-0.0647333708375851,0.003560703609770043,0.004189917399836105,0,0,0,0,0
65.0,-0.06457173953380382,0.0035311543725128638,0.004179455688923962,0,0,0,0,0
65.05,-0.06441051180360483,0.003501850355728426,0.0041690200996234794,0,0,0,0,0
65.1,-0.06424968663931427,0.0034727895244037873,0.004158610566712191,0,0,0,0,0
65.15,-0.06408926303577436,0.003443969860413983,0.004148227025130482,0,0,0,0,0
65.2,-0.06392923999033705,0.0034153893623818763,0.004137869409981182,0,0,0,0,0
65.25,-0.06376961650285777,0.003387046045539173,0.004127537656529165,0,0,0,0,0
65.3,-0.06361039157568922,0.003358937941588591,0.004117231700200937,0,0,0,0,0
65.35,-0.0634515642136751,0.003331063098567171,0.0041069514765842375,0,0,0,0,0
65.4,-0.06329313342414385,0.0033034195807107227,0.004096696921427636,0,0,0,0,0
65.45,-0.06313509821690252,0.0032760054683193974,0.004086467970640129,0,0,0,0,0
65.5,-0.06297745760423058,0.0032488188576243727,0.0040762645602907405,0,0,0,0,0
65.55,-0.06282021060087367,0.003221857860655647,0.004066086626608123,0,0,0,0,0
65.6,-0.06266335622403751,0.0031951206051109285,0.004055934105980158,0,0,0,0,0
65.65,-0.06250689349338173,0.003168605234225615,0.004045806934953559,0,0,0,0,0
65.7,-0.06235082143101376,0.003142309906643851,0.0040357050502334724,0,0,0,0,0
65.75,-0.0621951390614827,0.003116232796290653,0.004025628388683087,0,0,0,0,0
65.8,-0.06203984541177322,0.0030903720922450992,0.004015576887323236,0,0,0,0,0
65.85,-0.06188493951129953,0.0030647259986145725,0.004005550483332001,0,0,0,0,0
65.9,-0.06173042039189923,0.0030392927344100413,0.003995549114044326,0,0,0,0,0
65.95,-0.06157628708782732,0.003014070533422382,0.003985572716951621,0,0,0,0,0
66.0,-0.06142253863575016,0.0029890576440997226,0.00397562122970137,0,0,0,0,0
66.05,-0.06126917407473941,0.0029642523294258084,0.003965694590096747,0,0,0,0,0
66.1,-0.06111619244626607,0.0029396528667993732,0.003955792736096221,0,0,0,0,0
66.15,-0.06096359279419447,0.002915257547914516,0.0039459156058131726,0,0,0,0,0
66.2,-0.060811374164776284,0.0028910646786420653,0.003936063137515505,0,0,0,0,0
66.25,-0.06065953560664458,0.0028670725789119327,0.00392623526962526,0,0,0,0,0
66.3,-0.060508076170807876,0.0028432795825964396,0.0039164319407182305,0,0,0,0,0
66.35,-0.0603569949106442,0.002819684037394613,0.003906653089523579,0,0,0,0,0
66.4,-0.0602062908818952,0.0027962843047174423,0.003896898654923454,0,0,0,0,0
66.45,-0.06005596314266019,0.002773078759574088,0.003887168575952608,0,0,0,0,0
66.5,-0.059906010753390325,0.002750065790459034,0.003877462791798015,0,0,0,0,0
66.55,-0.05975643277688267,0.002727243799240176,0.003867781241798493,0,0,0,0,0
66.6,-0.05960722827827439,0.0027046112010478416,0.0038581238654443223,0,0,0,0,0
66.65,-0.05945839632503688,0.0026821664241647274,0.0038484906023768697,0,0,0,0,0
66.7,-0.05930993598696996,0.0026599079099167517,0.0038388813923882097,0,0,0,0,0
66.75,-0.05916184633619602,0.0026378341125648137,0.0038292961754207485,0,0,0,0,0
66.8,-0.059014126447154265,0.002615943499197448,0.0038197348915668485,0,0,0,0,0
66.85,-0.058866775396594906,0.0025942345496243737,0.003810197481068455,0,0,0,0,0
66.9,-0.0587197922635734,0.0025727057562709237,0.003800683884316721,0,0,0,0,0
66.95,-0.05857317612944469,0.002551355624073352,0.003791194041851636,0,0,0,0,0
67.0,-0.058426926077857454,0.002530182670375009,0.003781727894361654,0,0,0,0,0
67.05,-0.0582810411947484,0.0025091854248233797,0.003772285382683322,0,0,0,0,0
67.1,-0.05813552056833653,0.0024883624292679728,0.003762866447800911,0,0,0,0,0
67.15,-0.05799036328911745,0.002467712237659062,0.003753471030846048,0,0,0,0,0
67.2,-0.0578455684498577,0.002447233415947265,0.003744099073097346,0,0,0,0,0
67.25,-0.05770113514558906,0.0024269245419839547,0.003734750515980039,0,0,0,0,0
67.3,-0.05755706247360291,0.0024067842054224997,0.003725425301065614,0,0,0,0,0
67.35,-0.05741334953344458,0.0023868110076203227,0.003716123370071448,0,0,0,0,0
67.4,-0.05726999542690773,0.002367003561541772,0.0037068446648604414,0,0,0,0,0
67.45,-0.05712699925802872,0.0023473604916617987,0.003697589127440657,0,0,0,0,0
67.5,-0.05698436013308104,0.002327880433870433,0.003688356699964955,0,0,0,0,0
67.55,-0.05684207716056968,0.002308562035378056,0.0036791473247306345,0,0,0,0,0
67.6,-0.05670014945122561,0.002289403954621453,0.00366996094417907,0,0,0,0,0
67.65,-0.05655857611800018,0.0022704048611706493,0.003660797500895353,0,0,0,0,0
67.7,-0.056417356276059594,0.0022515634356365206,0.0036516569376079332,0,0,0,0,0
67.75,-0.05627648904277938,0.002232878369579166,0.0036425391971882603,0,0,0,0,0
67.8,-0.05613597353773889,0.002214348365417045,0.003633444222650427,0,0,0,0,0
67.85,-0.055995808882715735,0.0021959721363368654,0.0036243719571508134,0,0,0,0,0
67.9,-0.05585599420168038,0.0021777484062042232,0.0036153223439877296,0,0,0,0,0
67.95,-0.05571652862079061,0.00215967590947498,0.0036062953266010646,0,0,0,0,0
68.0,-0.055577411268386084,0.0021417533911073775,0.00359729084857193,0,0,0,0,0
68.05,-0.0554386412749829,0.0021239796064748823,0.0035883088536223092,0,0,0,0,0
68.1,-0.05530021777326815,0.002106353321279752,0.003579349285614704,0,0,0,0,0
68.15,-0.055162139898094494,0.0020888733114673196,0.0035704120885517855,0,0,0,0,0
68.2,-0.055024406786474765,0.0020715383631409903,0.0035614972065760426,0,0,0,0,0
68.25,-0.05488701757757657,0.0020543472724779415,0.0035526045839694344,0,0,0,0,0
68.3,-0.05474997141271691,0.0020372988456455235,0.0035437341651530403,0,0,0,0,0
68.35,-0.0546132674353568,0.0020203918987183557,0.0035348858946867142,0,0,0,0,0
68.4,-0.05447690479109593,0.002003625257596106,0.003526059717268737,0,0,0,0,0
68.45,-0.05434088262766734,0.0019869977579219595,0.00351725557773547,0,0,0,0,0
68.5,-0.05420520009493207,0.0019705082450017556,0.003508473421061014,0,0,0,0,0
68.55,-0.05406985634487384,0.001954155573723804,0.0034997131923568603,0,0,0,0,0
68.6,-0.05393485053159377,0.0019379386084793608,0.0034909748368715508,0,0,0,0,0
68.65,-0.053800181811305095,0.0019218562230837667,0.0034822582999903358,0,0,0,0,0
68.7,-0.05366584934232787,0.0019059073006982394,0.003473563527234831,0,0,0,0,0
68.75,-0.05353185228508373,0.0018900907337523149,0.003464890464262679,0,0,0,0,0
68.8,-0.05339818980209063,0.0018744054238669322,0.0034562390568672074,0,0,0,0,0
68.85,-0.053264861057957615,0.0018588502817781568,0.003447609250977092,0,0,0,0,0
68.9,-0.0531318652193796,0.0018434242272615368,0.003439000992656018,0,0,0,0,0
68.95,-0.05299920145513216,0.001828126189057087,0.0034304142281023427,0,0,0,0,0
69.0,-0.05286686893606634,0.0018129551047948954,0.00342184890364876,0,0,0,0,0
69.05,-0.052734866835103464,0.0017979099209213467,0.0034133049657619637,0,0,0,0,0
69.1,-0.05260319432722997,0.0017829895926259587,0.0034047823610423144,0,0,0,0,0
69.15,-0.052471850589492254,0.0017681930837688262,0.003396281036223505,0,0,0,0,0
69.2,-0.05234083480099153,0.0017535193668086653,0.0033878009381722272,0,0,0,0,0
69.25,-0.052210146142878694,0.0017389674227314567,0.0033793420138878414,0,0,0,0,0
69.3,-0.052079783798349204,0.0017245362409796803,0.0033709042105020425,0,0,0,0,0
69.35,-0.05194974695263799,0.001710224819382137,0.0033624874752785326,0,0,0,0,0
69.4,-0.05182003479301433,0.0016960321640843534,0.0033540917556126888,0,0,0,0,0
69.45,-0.05169064650877681,0.0016819572894795634,0.0033457169990312357,0,0,0,0,0
69.5,-0.051561581291248236,0.001667999218140263,0.0033373631531919174,0,0,0,0,0
69.55,-0.051432838333770575,0.0016541569807503333,0.0033290301658831707,0,0,0,0,0
69.6,-0.05130441683169993,0.0016404296160377257,0.0033207179850237973,0,0,0,0,0
69.65,-0.05117631598240149,0.0016268161707077076,0.00331242655866264,0,0,0,0,0
69.7,-0.051048534985244524,0.00161331569937666,0.0033041558349782567,0,0,0,0,0
69.75,-0.05092107304159739,0.001599927264506426,0.003295905762278598,0,0,0,0,0
69.8,-0.05079392935482253,0.0015866499363392035,0.003287676289000682,0,0,0,0,0
69.85,-0.05066710313027148,0.0015734827928329785,0.003279467363710275,0,0,0,0,0
69.9,-0.05054059357527992,0.0015604249195974933,0.003271278935101566,0,0,0,0,0
69.95,-0.050414399899162736,0.0015474754098307483,0.0032631109519968503,0,0,0,0,0
70.0,-0.050288521313209024,0.0015346333642560273,0.003254963363346207,0,0,0,0,0
70.05,-0.05016295703067722,0.0015218978910594492,0.0032468361182271797,0,0,0,0,0
