t,valence,arousal,dominance,joy,hope,fear,distress,surprise
0.05,0.0,0.0,0.0,0,0,0,0,0
0.1,0.0,0.0,0.0,0,0,0,0,0
0.15,0.0,0.0,0.0,0,0,0,0,0
0.2,0.0,0.0,0.0,0,0,0,0,0
0.25,0.0,0.0,0.0,0,0,0,0,0
0.3,0.0,0.0,0.0,0,0,0,0,0
0.35,0.0,0.0,0.0,0,0,0,0,0
0.4,0.0,0.0,0.0,0,0,0,0,0
0.45,0.0,0.0,0.0,0,0,0,0,0
0.5,0.0,0.0,0.0,0,0,0,0,0
0.55,0.0,0.0,0.0,0,0,0,0,0
0.6,0.0,0.0,0.0,0,0,0,0,0
0.65,0.0,0.0,0.0,0,0,0,0,0
0.7,0.0,0.0,0.0,0,0,0,0,0
0.75,0.0,0.0,0.0,0,0,0,0,0
0.8,0.0,0.0,0.0,0,0,0,0,0
0.85,0.0,0.0,0.0,0,0,0,0,0
0.9,0.0,0.0,0.0,0,0,0,0,0
0.95,0.0,0.0,0.0,0,0,0,0,0
1.0,0.0,0.0,0.0,0,0,0,0,0
1.05,0.0,0.0,0.0,0,0,0,0,0
1.1,0.0,0.0,0.0,0,0,0,0,0
1.15,0.0,0.0,0.0,0,0,0,0,0
1.2,0.0,0.0,0.0,0,0,0,0,0
1.25,0.0,0.0,0.0,0,0,0,0,0
1.3,0.0,0.0,0.0,0,0,0,0,0
1.35,0.0,0.0,0.0,0,0,0,0,0
1.4,0.0,0.0,0.0,0,0,0,0,0
1.45,0.0,0.0,0.0,0,0,0,0,0
1.5,0.0,0.0,0.0,0,0,0,0,0
1.55,0.0,0.0,0.0,0,0,0,0,0
1.6,0.0,0.0,0.0,0,0,0,0,0
1.65,0.0,0.0,0.0,0,0,0,0,0
1.7,0.0,0.0,0.0,0,0,0,0,0
1.75,0.0,0.0,0.0,0,0,0,0,0
1.8,0.0,0.0,0.0,0,0,0,0,0
1.85,0.0,0.0,0.0,0,0,0,0,0
1.9,0.0,0.0,0.0,0,0,0,0,0
1.95,0.0,0.0,0.0,0,0,0,0,0
2.0,0.0,0.0,0.0,0,0,0,0,0
2.05,0.007910671220147103,0.0039553356100735515,0.008899505122665463,0.3950311201975526,0,0,0,0
2.1,0.015549960640207028,0.007774980320103514,0.0174937057202329,0.3901239648113331,0,0,0,0
2.15,0.022928757015277967,0.011464378507638984,0.0257948516421877,0.3852777670883287,0,0,0,0
2.2,0.030057438156259608,0.015028719078129804,0.033814617925792045,0.38049176980028565,0,0,0,0
2.25,0.03694589797894138,0.01847294898947069,0.04156413522630903,0.37576522512539035,0,0,0,0
2.3,0.043603571970535326,0.021801785985267663,0.0490540184668522,0.3710973945314212,0,0,0,0
2.35,0.0500394611745677,0.02501973058728385,0.05629439382138862,0.3664875486603511,0,0,0,0
2.4,0.05626215478810154,0.02813107739405077,0.0632949241366142,0.3619349672143839,0,0,0,0
2.45,0.062279851458834634,0.031139925729417317,0.07006483289118892,0.35743893884340633,0,0,0,0
2.5,0.06810037936365809,0.034050189681829046,0.0766129267841153,0.3529987610338382,0,0,0,0
2.55,0.07373121514473535,0.036865607572367676,0.08294761703782727,0.3486137399988632,0,0,0,0
2.6,0.07917950177403887,0.03958975088701944,0.0890769394957937,0.34428319057002316,0,0,0,0
2.65,0.08445206541252431,0.04222603270626216,0.09500857358908987,0.3400064360901593,0,0,0,0
2.7,0.08955543132571137,0.04477771566285568,0.1007498602414253,0.335782808307683,0,0,0,0
2.75,0.09449583891333907,0.047247919456669535,0.1063078187775065,0.3316116472721602,0,0,0,0
2.8,0.09927925590695888,0.04963962795347944,0.11168916289532876,0.32749230123119283,0,0,0,0
2.85,0.10391139178578834,0.05195569589289417,0.11690031575901194,0.3234241265285811,0,0,0,0
2.9,0.10839771045786104,0.05419885522893052,0.1219474242650937,0.31940648750375095,0,0,0,0
2.95,0.11274344225044852,0.05637172112522426,0.12683637253175462,0.3154387563924308,0,0,0,0
3.0,0.11695359525088547,0.058476797625442736,0.1315727946572462,0.3115203132285621,0,0,0,0
3.05,0.12103296603627975,0.060516483018139874,0.13616208679081476,0.30765054574742834,0,0,0,0
3.1,0.12498614982812487,0.06249307491406243,0.14060941855664053,0.30382884928998755,0,0,0,0
3.15,0.12881755010553572,0.06440877505276786,0.14491974386872775,0.3000546267083929,0,0,0,0
3.2,0.1325313877086891,0.06626569385434455,0.1490978111722753,0.2963272882726873,0,0,0,0
3.25,0.13613170946205735,0.06806585473102868,0.15314817314481458,0.29264625157865687,0,0,0,0
3.3,0.13962239634516477,0.06981119817258238,0.15707519588831043,0.28901094145682904,0,0,0,0
3.35,0.1430071712368629,0.07150358561843145,0.1608830676414708,0.28542078988260117,0,0,0,0
3.4,0.14628960625750395,0.07314480312875198,0.16457580703969196,0.28187523588748553,0,0,0,0
3.45,0.14947312973188226,0.07473656486594113,0.16815727094836755,0.27837372547145695,0,0,0,0
3.5,0.15256103279440517,0.07628051639720258,0.17163116189370584,0.27491571151638905,0,0,0,0
3.55,0.15555647565663855,0.07777823782831927,0.1750010351137184,0.2715006537005659,0,0,0,0
3.6,0.15846249355614342,0.07923124677807171,0.17827030525066137,0.2681280184142559,0,0,0,0
3.65,0.1612820024043716,0.0806410012021858,0.18144225270491807,0.26479727867633374,0,0,0,0
3.7,0.16401780415031447,0.08200890207515724,0.1845200296691038,0.26150791405193907,0,0,0,0
3.75,0.16667259187559513,0.08333629593779757,0.18750666586004452,0.258259410571157,0,0,0,0
3.8,0.16924895463575482,0.08462447731787741,0.1904050739652242,0.2550512606487095,0,0,0,0
3.85,0.17174938206160636,0.08587469103080318,0.19321805481930718,0.2518829630046442,0,0,0,0
3.9,0.1741762687337043,0.08708813436685214,0.19594830232541735,0.2487540225860082,0,0,0,0
3.95,0.17653191834221169,0.08826595917110584,0.19859840813498816,0.2456639504894953,0,0,0,0
4.0,0.1788185476437224,0.0894092738218612,0.20117086609918772,0.24261226388505355,0,0,0,0
4.05,0.18103829022592186,0.09051914511296093,0.2036680765041621,0.23959848594044234,0,0,0,0
4.1,0.18319320009033604,0.09159660004516802,0.20609235010162807,0.23662214574672621,0,0,0,0
4.15,0.18528525506282545,0.09264262753141272,0.20844591194567863,0.23368277824469452,0,0,0,0
4.2,0.18731636004092309,0.09365818002046154,0.21073090504603847,0.23077992415219487,0,0,0,0
4.25,0.18928835008659498,0.09464417504329749,0.21294939384741937,0.2279131298923694,0,0,0,0
4.3,0.19120299337251026,0.09560149668625513,0.21510336754407405,0.22508194752278246,0,0,0,0
4.35,0.1930619939894494,0.0965309969947247,0.21719474323813057,0.22228593466542876,0,0,0,0
4.4,0.19486699462204682,0.09743349731102341,0.21922536894980266,0.21952465443761077,0,0,0,0
4.45,0.19661957909965927,0.09830978954982963,0.22119702648711664,0.21679767538367503,0,0,0,0
4.5,0.19832127482876996,0.09916063741438498,0.22311143418236615,0.21410457140759628,0,0,0,0
4.55,0.19997355511298154,0.09998677755649077,0.22497024950210417,0.2114449217063991,0,0,0,0
4.6,0.20157784136631407,0.10078892068315704,0.22677507153710327,0.2088183107044066,0,0,0,0
4.65,0.20313550522520818,0.10156775261260409,0.22852744337835915,0.2062243279883058,0,0,0,0
4.7,0.2046478705643366,0.1023239352821683,0.2302288543848786,0.20366256824301984,0,0,0,0
4.75,0.20611621542104705,0.10305810771052352,0.2318807423486779,0.20113263118837657,0,0,0,0
4.8,0.20754177383299696,0.10377088691649848,0.23348449556212153,0.19863412151656398,0,0,0,0
4.85,0.20892573759329214,0.10446286879664607,0.2350414547924536,0.19616664883036264,0,0,0,0
4.9,0.21026925792720896,0.10513462896360448,0.23655291516811006,0.1937298275821452,0,0,0,0
4.95,0.21157344709435955,0.10578672354717977,0.23802012798115446,0.19132327701363383,0,0,0,0
5.0,0.21283937991995294,0.10641968995997647,0.23944430240994702,0.1889466210964061,0,0,0,0
5.05,0.21406809525861012,0.10703404762930506,0.24082660716593635,0.18659948847313954,0,0,0,0
5.1,0.21526059739400738,0.10763029869700369,0.24216817206825825,0.18428151239958654,0,0,0,0
5.15,0.21641785737744884,0.10820892868872442,0.24347008954962987,0.1819923306872696,0,0,0,0
5.2,0.21754081430830635,0.10877040715415318,0.24473341609684457,0.17973158564688885,0,0,0,0
5.25,0.2186303765591104,0.1093151882795552,0.24595917362899913,0.17749892403243217,0,0,0,0
5.3,0.2196874229479308,0.1098437114739654,0.2471483508164221,0.17529399698597992,0,0,0,0
5.35,0.22071280386054842,0.11035640193027421,0.24830190434311694,0.17311645998319514,0,0,0,0
5.4,0.22170734232479022,0.11085367116239511,0.249420760115389,0.1709659727794909,0,0,0,0
5.45,0.2226718350392775,0.11133591751963876,0.2505058144191872,0.16884219935686645,0,0,0,0
5.5,0.22360705335872166,0.11180352667936083,0.25155793502856183,0.1667448078714036,0,0,0,0
5.55,0.22451374423779313,0.11225687211889657,0.2525779622675172,0.16467347060141563,0,0,0,0
5.6,0.2253926311354859,0.11269631556774296,0.2535667100274216,0.1626278638962399,0,0,0,0
5.65,0.22624441488180308,0.11312220744090154,0.2545249667420284,0.1606076681256669,0,0,0,0
5.7,0.22706977450849608,0.11353488725424804,0.25545349632205805,0.1586125676299974,0,0,0,0
5.75,0.22786936804550434,0.11393468402275217,0.25635303905119233,0.15664225067071985,0,0,0,0
5.8,0.22864383328465876,0.11432191664232938,0.257224312445241,0.15469640938180074,0,0,0,0
5.85,0.2293937885121356,0.1146968942560678,0.25806801207615243,0.15277473972157982,0,0,0,0
5.9,0.2301198332110726,0.1150599166055363,0.25888481236245653,0.150876941425263,0,0,0,0
5.95,0.2308225487356906,0.1154112743678453,0.2596753673276518,0.14900271795800543,0,0,0,0
6.0,0.23150249895819702,0.11575124947909851,0.2604403113279715,0.14715177646857716,0,0,0,0
6.05,0.23216023088968563,0.11608011544484281,0.2611802597508962,0.14532382774360472,0,0,0,0
6.1,0.2327962752761875,0.11639813763809374,0.2618958096857108,0.14351858616238086,0,0,0,0
6.15,0.2334111471709726,0.1167055735854863,0.26258754056734407,0.1417357696522357,0,0,0,0
6.2,0.23400534648414753,0.11700267324207377,0.26325601479466587,0.13997509964446236,0,0,0,0
6.25,0.234579358510545,0.1172896792552725,0.263901778324363,0.13823630103079002,0,0,0,0
6.3,0.23513365443685344,0.11756682721842672,0.26452536124146,0.13651910212039767,0,0,0,0
6.35,0.23566869182888864,0.11783434591444432,0.26512727830749955,0.13482323459746193,0,0,0,0
6.4,0.23618491509986786,0.11809245754993393,0.26570802948735117,0.13314843347923203,0,0,0,0
6.45,0.23668275596050503,0.11834137798025252,0.266268100455568,0.13149443707462585,0,0,0,0
6.5,0.2371626338517076,0.1185813169258538,0.2668079630831709,0.12986098694334008,0,0,0,0
6.55,0.237624956360619,0.1188124781803095,0.26732807590569624,0.12824782785546845,0,0,0,0
6.6,0.23807011962071536,0.11903505981035768,0.26782888457330467,0.12665470775162146,0,0,0,0
6.65,0.23849850869663308,0.11924925434831654,0.2683108222837121,0.1250813777035417,0,0,0,0
6.7,0.23891049795437133,0.11945524897718567,0.26877431019866765,0.12352759187520812,0,0,0,0
6.75,0.2393064514174848,0.1196532257087424,0.26921975784467034,0.1219931074844239,0,0,0,0
6.8,0.23968672310985317,0.11984336155492659,0.26964756349858476,0.12047768476488102,0,0,0,0
6.85,0.24005165738558684,0.12002582869279342,0.27005811455878515,0.11898108692869641,0,0,0,0
6.9,0.24040158924660357,0.12020079462330178,0.27045178790242896,0.11750308012941331,0,0,0,0
6.95,0.24073684464838546,0.12036842232419273,0.2708289502294336,0.1160434334254623,0,0,0,0
7.0,0.24105774079440345,0.12052887039720173,0.2711899583937038,0.11460191874407623,0,0,0,0
7.05,0.24136458641967407,0.12068229320983703,0.2715351597221332,0.11317831084565333,0,0,0,0
7.1,0.2416576820638925,0.12082884103194624,0.27186489232187894,0.11177238728856312,0,0,0,0
7.15,0.24193732033456605,0.12096866016728303,0.2721794853763867,0.11038392839438944,0,0,0,0
7.2,0.24220378616055352,0.12110189308027676,0.2724792594306226,0.10901271721360524,0,0,0,0
7.25,0.2424573570363973,0.12122867851819864,0.27276452666594686,0.10765853949167375,0,0,0,0
7.3,0.2426983032578188,0.1213491516289094,0.27303559116504605,0.10632118363557085,0,0,0,0
7.35,0.24292688814873087,0.12146344407436543,0.27329274916732216,0.10500044068072312,0,0,0,0
7.4,0.24314336828010555,0.12157168414005277,0.2735362893151187,0.1036961042583568,0,0,0,0
7.45,0.24334799368102075,0.12167399684051038,0.2737664928911483,0.10240797056325222,0,0,0,0
7.5,0.24354100804219533,0.12177050402109767,0.2739836340474697,0.10113583832189879,0,0,0,0
7.55,0.24372264891230874,0.12186132445615437,0.2741879800263473,0.09987950876104561,0,0,0,0
7.6,0.2438931478873883,0.12194657394369415,0.2743797913733118,0.09863878557664278,0,0,0,0
7.65,0.2440527307935355,0.12202636539676776,0.27455932214272744,0.09741347490316847,0,0,0,0
7.7,0.2442016178632506,0.1221008089316253,0.2747268200961569,0.09620338528333704,0,0,0,0
7.75,0.24434002390560394,0.12217001195280197,0.27488252689380444,0.09500832763818344,0,0,0,0
7.8,0.2444681584704921,0.12223407923524605,0.2750266782793036,0.09382811523751924,0,0,0,0
7.85,0.24458622600720628,0.12229311300360314,0.27515950425810703,0.09266256367075569,0,0,0,0
7.9,0.24469442601753136,0.12234721300876568,0.27528122926972276,0.09151149081808915,0,0,0,0
7.95,0.24479295320358457,0.12239647660179229,0.2753920723540326,0.09037471682204451,0,0,0,0
8.0,0.24488199761059407,0.12244099880529703,0.2754922473119183,0.08925206405937211,0,0,0,0
8.05,0.24615766847201667,0.12307883423600834,0.2769273770310187,0.4831744773108463,0,0,0,0
8.1,0.24739157486371566,0.12369578743185783,0.27831552172168006,0.4771723875574264,0,0,0,0
8.15,0.24858497839063654,0.12429248919531827,0.27965810068946606,0.4712448569603771,0,0,0,0
8.2,0.24973909405158118,0.12486954702579059,0.2809564808080288,0.46539095933098307,0,0,0,0
8.25,0.25085509222416813,0.12542754611208407,0.2822119787521891,0.45960977998582964,0,0,0,0
8.3,0.2519341005554506,0.1259670502777253,0.28342586312488194,0.4539004156038824,0,0,0,0
8.35,0.25297720576312077,0.12648860288156039,0.2845993564835108,0.44826197408534085,0,0,0,0
8.4,0.25398545535194716,0.12699272767597358,0.28573363727094053,0.4426935744122462,0,0,0,0
8.45,0.2549598592498326,0.1274799296249163,0.2868298416560616,0.43719434651082056,0,0,0,0
8.5,0.2559013913676297,0.12795069568381484,0.2878890652885833,0.43176343111551596,0,0,0,0
8.55,0.2568109910866225,0.12840549554331124,0.2889123649724502,0.42639997963475273,0,0,0,0
8.6,0.2576895646773635,0.12884478233868174,0.2899007602620338,0.42110315401832493,0,0,0,0
8.65,0.25853798665335076,0.12926899332667538,0.2908552349850195,0.41587212662645356,0,0,0,0
8.7,0.2593571010628376,0.1296785505314188,0.2917767386956922,0.41070608010046594,0,0,0,0
8.75,0.26014772272188674,0.13007386136094337,0.2926661880621225,0.40560420723508206,0,0,0,0
8.8,0.2609106383916096,0.1304553191958048,0.29352446819056077,0.4005657108522868,0,0,0,0
8.85,0.26164660790237226,0.13082330395118613,0.29435243389016874,0.39558980367676955,0,0,0,0
8.9,0.2623563652275979,0.13117818261379896,0.2951509108810476,0.3906757082129104,0,0,0,0
8.95,0.2630406195096545,0.13152030975482726,0.29592069694836126,0.3858226566232955,0,0,0,0
9.0,0.2637000560401813,0.13185002802009066,0.29666256304520394,0.38102989060874026,0,0,0,0
9.05,0.2643353371970839,0.13216766859854195,0.29737725434671936,0.376296661289804,0,0,0,0
9.1,0.2649471033403062,0.1324735516701531,0.29806549125784443,0.3716222290897757,0,0,0,0
9.15,0.2655359736683787,0.13276798683418936,0.298727970376926,0.367005863619114,0,0,0,0
9.2,0.26610254703763436,0.13305127351881718,0.2993653654173386,0.36244684356132206,0,0,0,0
9.25,0.26664740274588533,0.13332370137294267,0.29997832808912095,0.3579444565602404,0,0,0,0
9.3,0.2671711012822602,0.1335855506411301,0.30056748894254265,0.3534979991087399,0,0,0,0
9.35,0.2676741850448111,0.13383709252240555,0.3011334581754124,0.3491067764387974,0,0,0,0
9.4,0.26815717902741937,0.13407858951370968,0.3016768264058467,0.3447701024129367,0,0,0,0
9.45,0.268620591477446,0.134310295738723,0.30219816541212663,0.3404872994170183,0,0,0,0
9.5,0.2690649145255022,0.1345324572627511,0.30269802884118985,0.3362576982543606,0,0,0,0
9.55,0.26949062478864233,0.13474531239432117,0.3031769528872225,0.3320806380411767,0,0,0,0
9.6,0.2698981839482166,0.1349490919741083,0.30363545694174354,0.32795546610331006,0,0,0,0
9.65,0.27028803930355705,0.13514401965177852,0.3040740442165016,0.3238815378742526,0,0,0,0
9.7,0.2706606243026126,0.1353303121513063,0.3044932023404391,0.31985821679443016,0,0,0,0
9.75,0.2710163590505904,0.1355081795252952,0.3048934039319141,0.31588487421173844,0,0,0,0
9.8,0.27135565079761004,0.13567782539880502,0.30527510714731115,0.31196088928331506,0,0,0,0
9.85,0.27167889440632575,0.13583944720316288,0.30563875620711634,0.30808564887853157,0,0,0,0
9.9,0.27198647280042443,0.13599323640021221,0.3059847819004773,0.3042585474831904,0,0,0,0
9.95,0.27227875739486235,0.13613937869743117,0.3063136020692199,0.3004789871049124,0,0,0,0
10.0,0.2725561085086614,0.1362780542543307,0.30662562207224386,0.29674637717969876,0,0,0,0
10.05,0.2728188757610447,0.13640943788052234,0.30692123523117504,0.2930601344796546,0,0,0,0
10.1,0.27306739845165373,0.13653369922582687,0.30720082325811016,0.28941968302185844,0,0,0,0
10.15,0.2733020059255533,0.13665100296277666,0.30746475666624723,0.2858244539783633,0,0,0,0
10.2,0.2735230179236958,0.1367615089618479,0.3077133951641575,0.2822738855873167,0,0,0,0
10.25,0.27373074491948396,0.13686537245974198,0.30794708803441917,0.27876742306518376,0,0,0,0
10.3,0.2739254884420413,0.13696274422102064,0.30816617449729616,0.2753045185200615,0,0,0,0
10.35,0.2741075413867694,0.1370537706933847,0.3083709840601153,0.2718846308660694,0,0,0,0
10.4,0.27427718831374415,0.13713859415687207,0.3085618368529619,0.26850722573880365,0,0,0,0
10.45,0.27443470573447615,0.13721735286723807,0.3087390439512854,0.26517177541184184,0,0,0,0
10.5,0.27458036238753714,0.13729018119376857,0.308902907685979,0.26187775871428426,0,0,0,0
10.55,0.27471441950352893,0.13735720975176446,0.3090537219414698,0.25862466094932024,0,0,0,0
10.6,0.27483713105984997,0.13741856552992499,0.3091917724423309,0.25541197381380554,0,0,0,0
10.65,0.2749487440256934,0.1374743720128467,0.30931733702890485,0.25223919531883887,0,0,0,0
10.7,0.2750494985976904,0.1375247492988452,0.3094306859224014,0.24910582971132547,0,0,0,0
10.75,0.27513962842659223,0.13756981421329612,0.309532081979916,0.24601138739651418,0,0,0,0
10.8,0.2752193608353687,0.13760968041768434,0.3096217809397895,0.24295538486149765,0,0,0,0
10.85,0.2752889170290803,0.13764445851454016,0.3097000316577151,0.23993734459966232,0,0,0,0
10.9,0.27534851229686835,0.13767425614843418,0.3097670763339766,0.23695679503607703,0,0,0,0
10.95,0.2753983562063881,0.13769917810319404,0.3098231507321863,0.23401327045380843,0,0,0,0
11.0,0.27543865279099866,0.13771932639549933,0.3098684843898732,0.23110631092115194,0,0,0,0
11.05,0.2754696007300067,0.13773480036500335,0.3099033008212572,0.22823546221976632,0,0,0,0
11.1,0.2754913935222487,0.13774569676112436,0.3099278177125295,0.2254002757737012,0,0,0,0
11.15,0.27550421965328376,0.13775210982664188,0.3099422471099439,0.22260030857930616,0,0,0,0
11.2,0.27550826275645635,0.13775413137822817,0.30994679560101307,0.21983512313601045,0,0,0,0
11.25,0.27550370176807765,0.13775185088403882,0.30994166448908705,0.2171042873779628,0,0,0,0
11.3,0.2754907110769618,0.1377453555384809,0.30992704996158177,0.21440737460652004,0,0,0,0
11.35,0.2754694606685448,0.1377347303342724,0.30990314325211255,0.21174396342357477,0,0,0,0
11.4,0.27544011626380127,0.13772005813190064,0.30987013079677606,0.20911363766571087,0,0,0,0
11.45,0.2754028394531684,0.1377014197265842,0.3098281943848141,0.20651598633917723,0,0,0,0
11.5,0.2753577878256732,0.1376788939128366,0.30977751130388204,0.2039506035556691,0,0,0,0
11.55,0.2753051150934539,0.13765255754672695,0.3097182544801353,0.2014170884689073,0,0,0,0
11.6,0.2752449712118562,0.1376224856059281,0.3096505926133379,0.19891504521200498,0,0,0,0
11.65,0.2751775024952788,0.1375887512476394,0.3095746903071883,0.19644408283561288,0,0,0,0
11.7,0.2751028517289332,0.1375514258644666,0.30949070819504954,0.1940038152468324,0,0,0,0
11.75,0.2750211582766777,0.13751057913833886,0.30939880306126216,0.1915938611488881,0,0,0,0
11.8,0.27493255818507745,0.13746627909253872,0.30929912795821185,0.18921384398154903,0,0,0,0
11.85,0.27483718428383597,0.13741859214191798,0.3091918323193152,0.18686339186229065,0,0,0,0
11.9,0.27473516628273875,0.13736758314136938,0.30907706206808083,0.18454213752818727,0,0,0,0
11.95,0.27462663086524164,0.13731331543262082,0.3089549597233966,0.18224971827852654,0,0,0,0
12.0,0.2745117017788327,0.13725585088941636,0.3088256645011866,0.17998577591813678,0,0,0,0
12.05,0.2743904999222902,0.1371952499611451,0.30868931241257624,0.17774995670141813,0,0,0,0
12.1,0.2742631434299541,0.13713157171497706,0.30854603635869815,0.17554191127706917,0,0,0,0
12.15,0.2741297477531246,0.1370648738765623,0.3083959662222649,0.17336129463350006,0,0,0,0
12.2,0.27399042573869464,0.13699521286934732,0.30823922895603123,0.17120776604492371,0,0,0,0
12.25,0.2738452877051215,0.13692264385256075,0.30807594866826143,0.1690809890181168,0,0,0,0
12.3,0.2736944415158355,0.13684722075791775,0.30790624670531463,0.1669806312398419,0,0,0,0
12.35,0.27353799265018197,0.13676899632509099,0.3077302417314544,0.16490636452492297,0,0,0,0
12.4,0.2733760442719881,0.13668802213599404,0.3075480498059863,0.16285786476496567,0,0,0,0
12.45,0.2732086972958417,0.13660434864792084,0.3073597844578216,0.16083481187771478,0,0,0,0
12.5,0.27303605045116663,0.13651802522558332,0.30716555675756213,0.15883688975704074,0,0,0,0
12.55,0.27285820034417585,0.13642910017208792,0.3069654753871975,0.15686378622354744,0,0,0,0
12.6,0.272675241517779,0.1363376207588895,0.306759646707501,0.1549151929757934,0,0,0,0
12.65,0.27248726650951977,0.13624363325475988,0.3065481748232094,0.15299080554211925,0,0,0,0
12.7,0.2722943659076142,0.1361471829538071,0.30633116164606566,0.15109032323307323,0,0,0,0
12.75,0.2720966284051584,0.1360483142025792,0.30610870695580294,0.14921344909442805,0,0,0,0
12.8,0.27189414085257224,0.13594707042628612,0.3058809084591435,0.14735988986078102,0,0,0,0
12.85,0.27168698830834165,0.13584349415417082,0.3056478618468841,0.14552935590973073,0,0,0,0
12.9,0.2714752540881211,0.13573762704406056,0.30540966084913596,0.14372156121662313,0,0,0,0
12.95,0.27125901981225436,0.13562950990612718,0.30516639728878586,0.14193622330985942,0,0,0,0
13.0,0.27103836545176974,0.13551918272588487,0.30491816113324066,0.14017306322675935,0,0,0,0
13.05,0.2708133693729043,0.13540668468645214,0.30466504054451704,0.13843180546997277,0,0,0,0
13.1,0.27058410838020824,0.13529205419010412,0.304407121927734,0.13671217796443258,0,0,0,0
13.15,0.2703506577582803,0.13517532887914016,0.3041444899780651,0.13501391201484242,0,0,0,0
13.2,0.2701130913121814,0.1350565456560907,0.3038772277262038,0.13333674226369252,0,0,0,0
13.25,0.2698714814065731,0.13493574070328654,0.3036054165823944,0.13168040664979702,0,0,0,0
13.3,0.2696258990036254,0.1348129495018127,0.30332913637907827,0.13004464636734642,0,0,0,0
13.35,0.2693764136997365,0.13468820684986826,0.3030484654122033,0.1284292058254686,0,0,0,0
13.4,0.26912309376110566,0.13456154688055283,0.30276348048124363,0.12683383260829226,0,0,0,0
13.45,0.26886600615819845,0.13443300307909922,0.302474256927973,0.1252582774355064,0,0,0,0
13.5,0.268605216599143,0.1343026082995715,0.3021808686740356,0.1237022941234098,0,0,0,0
13.55,0.26834078956209373,0.13417039478104686,0.30188338825735517,0.12216563954644424,0,0,0,0
13.6,0.2680727883265975,0.13403639416329874,0.3015818868674219,0.12064807359920575,0,0,0,0
13.65,0.2678012750039965,0.13390063750199824,0.30127643437949575,0.11914935915892753,0,0,0,0
13.7,0.2675263105669007,0.13376315528345034,0.300967099387763,0.11766926204842916,0,0,0,0
13.75,0.2672479548777611,0.13362397743888055,0.30065394923748096,0.11620755099952583,0,0,0,0
13.8,0.266966266716574,0.133483133358287,0.3003370500561454,0.11476399761689227,0,0,0,0
13.85,0.26668130380774596,0.13334065190387298,0.3000164667837139,0.11333837634237551,0,0,0,0
13.9,0.2663931228461475,0.13319656142307376,0.29969226320191567,0.11193046441975098,0,0,0,0
13.95,0.2661017795223822,0.1330508897611911,0.2993645019626796,0.11054004185991632,0,0,0,0
14.0,0.26580732854729777,0.13290366427364889,0.2990332446157097,0.10916689140651775,0,0,0,0
14.05,0.2655098236757648,0.1327549118378824,0.2986985516352351,0.1078107985020032,0,0,0,0
14.1,0.2652093177297461,0.13260465886487305,0.298360482445964,0.10647155125409738,0,0,0,0
14.15,0.26490586262068117,0.13245293131034058,0.29801909544826594,0.10514894040269304,0,0,0,0
14.2,0.26459950937120824,0.13229975468560412,0.2976744480426089,0.10384275928715382,0,0,0,0
14.25,0.26429030813624543,0.13214515406812272,0.29732659665327577,0.10255280381402294,0,0,0,0
14.3,0.2639783082234517,0.13198915411172585,0.2969755967513828,0.10127887242513331,0,0,0,0
14.35,0.2636635581130885,0.13183177905654425,0.2966215028772242,0.10002076606611357,0,0,0,0
14.4,0.2633461054773014,0.1316730527386507,0.29626436866196376,0.0987782881552855,0,0,0,0
14.45,0.26302599719884034,0.13151299859942017,0.2959042468486951,0.09755124455294767,0,0,0,0
14.5,0.26270327938923677,0.13135163969461838,0.29554118931289103,0.09633944353104079,0,0,0,0
14.55,0.2623779974064553,0.13118899870322764,0.29517524708226184,0.09514269574318976,0,0,0,0
14.6,0.26205019587203693,0.13102509793601846,0.2948064703560412,0.09396081419511793,0,0,0,0
14.65,0.26171991868774985,0.13085995934387493,0.29443490852371823,0.09279361421542882,0,0,0,0
14.7,0.26138720905176377,0.13069360452588188,0.2940606101832339,0.09164091342675097,0,0,0,0
14.75,0.2610521094743629,0.13052605473718146,0.2936836231586579,0.09050253171724093,0,0,0,0
14.8,0.2607146617932127,0.13035733089660634,0.2933039945173639,0.08937829121244055,0,0,0,0
14.85,0.2603749071881935,0.13018745359409675,0.2929217705867173,0.08826801624748365,0,0,0,0
14.9,0.26003288619581644,0.13001644309790822,0.2925369969702931,0.08717153333964808,0,0,0,0
14.95,0.2596886387232331,0.12984431936161656,0.29214971856363686,0.08608867116124871,0,0,0,0
15.0,0.25934220406185293,0.12967110203092647,0.2917599795695841,0.08501926051286704,0,0,0,0
15.05,0.25877615082335403,0.12958748487821,0.2909736125763731,0.08396313429691354,0.11850933605926577,0,0,0
15.1,0.25821240252225724,0.1295013792604847,0.29019256933802196,0.08292012749151825,0.11703718944339991,0,0,0
15.15,0.25765091108601906,0.12941282955269728,0.28941674446450527,0.08189007712474583,0.1155833301264986,0,0,0
15.2,0.25709162972610594,0.12932187924073918,0.2886460351586042,0.08087282224913081,0.11414753094008567,0,0,0
15.25,0.2565345129032437,0.12922857094481513,0.2878803411462538,0.07986820391652924,0.11272956753761709,0,0,0
15.3,0.2559795162937071,0.1291329464420858,0.2871195646089959,0.07887606515328276,0.11132921835942634,0,0,0
15.35,0.25542659675661505,0.12903504668860916,0.28636361011846534,0.07789625093569108,0.10994626459810532,0,0,0
15.4,0.2548757123021969,0.1289349118406048,0.2856123845728414,0.07692860816578925,0.10858049016431515,0,0,0
15.45,0.2543268220609972,0.12883258127506428,0.2848657971351973,0.0759729856474258,0.10723168165302188,0,0,0
15.5,0.253779886253988,0.12872809360972998,0.2841237591736842,0.07502923406263799,0.10589962831015146,0,0,0
15.55,0.25323486616355745,0.1286214867224636,0.28338618420348816,0.07409720594832064,0.10458412199965895,0,0,0
15.6,0.2526917241053464,0.12851279777002528,0.28265298783050036,0.07317675567318464,0.10328495717100696,0,0,0
15.65,0.25215042340090466,0.12840206320628314,0.2819240876966443,0.07226773941500185,0.1020019308270478,0,0,0
15.7,0.2516109283511393,0.1282893187998724,0.2811994034268044,0.07137001513813251,0.10073484249230491,0,0,0
15.75,0.2510732042105302,0.12817459965132244,0.2804788565773032,0.07048344257133193,0.09948349418164806,0,0,0
15.8,0.2505372171620862,0.12805794020966987,0.2797623705858766,0.06960788318583279,0.09824769036935785,0,0,0
15.85,0.25000293429301906,0.1279393742885745,0.2790498707230974,0.06874320017369978,0.09702723795857432,0,0,0
15.9,0.2494703235711109,0.12781893508195474,0.2783412840452,0.06788925842645305,0.09582194625112526,0,0,0
15.95,0.24893935382175347,0.12769665517915868,0.27763653934826094,0.0670459245139572,0.09463162691772922,0,0,0
16.0,0.24840999470563702,0.1275725665796856,0.27693556712369105,0.06621306666357267,0.0934560939685686,0,0,0
16.05,0.2478822166970681,0.12744670070747327,0.2762382995149969,0.06539055473956584,0.09229516372422848,0,0,0
16.1,0.24735599106289635,0.12731908842476508,0.27554467027577045,0.06457826022277519,0.09114865478699624,0,0,0
16.15,0.24683128984203082,0.12718976004557064,0.27485461472886796,0.06377605619052984,0.09001638801251785,0,0,0
16.2,0.24630808582552668,0.12705874534873327,0.2741680697267398,0.06298381729681765,0.08889818648180617,0,0,0
16.25,0.24578635253722517,0.12692607359061714,0.2734849736128746,0.06220141975269966,0.08779387547359704,0,0,0
16.3,0.24526606421492847,0.1267917735174264,0.2728052661843226,0.0614287413069678,0.0867032824370487,0,0,0
16.35,0.2447471957920934,0.1266558733771681,0.27212888865526375,0.060665661227042894,0.08562623696478033,0,0,0
16.4,0.24422972288002726,0.12651840093127054,0.27145578362158773,0.05991206028010997,0.08456257076624565,0,0,0
16.45,0.24371362175057074,0.12637938346586797,0.2707858950264549,0.05916782071448785,0.08351211764143708,0,0,0
16.5,0.2431988693192521,0.1262388478027626,0.270119168126806,0.058432826241230224,0.0824747134549167,0,0,0
16.55,0.24268544312889878,0.12609682031007383,0.26945554946079253,0.0577069620159553,0.08145019611016976,0,0,0
16.6,0.2421733213336919,0.12595332691258504,0.2687949868160988,0.056990114620901096,0.08043840552427675,0,0,0
16.65,0.24166248268365043,0.12580839310179737,0.26813742919912736,0.0562821720472037,0.07943918360290012,0,0,0
16.7,0.2411529065095316,0.12566204394569974,0.26748282680502233,0.05558302367739564,0.07845237421558171,0,0,0
16.75,0.24064457270813527,0.12551430409826433,0.2668311309885044,0.05489256026812172,0.07747782317134708,0,0,0
16.8,0.24013746172799966,0.12536519780867572,0.26618229423549244,0.04432126334493367,0.07651537819461283,0,0,0
16.85,0.23963885015134537,0.12527749261440493,0.2655001557662141,0.043770695769299685,0.07556488890139323,0,0,0
16.9,0.23914171261589356,0.12518747226941201,0.2648219647217811,0.04322696745393183,0.07462620677580245,0,0,0
16.95,0.23864601987296785,0.1250951774973727,0.26414764668642204,0.042689993440174594,0.07369918514684858,0,0,0
17.0,0.2381517434839652,0.1250006482420947,0.2634771290443766,0.042159689824745855,0.07278367916551605,0,0,0
17.05,0.23765885579892815,0.12490392368708605,0.2628103409330775,0.04163597374662679,0.07187954578213268,0,0,0
17.1,0.23716732993573125,0.12480504227453725,0.26214721319769374,0.04111876337411467,0.07098664372401785,0,0,0
17.15,0.236677139759862,0.12470404172373671,0.26148767834699027,0.04060797789203654,0.07010483347340835,0,0,0
17.2,0.23618825986477637,0.12460095904893848,0.2608316705104605,0.040103537489121606,0.06923397724565845,0,0,0
17.25,0.23570066555281127,0.12449583057670008,0.26017912539669164,0.03960536334553063,0.06837393896771081,0,0,0
17.3,0.23521433281663484,0.12438869196270827,0.25952998025292084,0.03911337762054013,0.06752458425683473,0,0,0
17.35,0.23472923832121861,0.12427957820810932,0.2588841738257457,0.03862750344037963,0.06668578039962862,0,0,0
17.4,0.23424535938631388,0.12416852367536027,0.2582416463229504,0.03814766488621995,0.06585739633128322,0,0,0
17.45,0.23376267396941686,0.12405556210361655,0.25760233937641264,0.03767378698231077,0.0650393026151025,0,0,0
17.5,0.23328116064920676,0.12394072662367142,0.25696619600605636,0.03720579568426549,0.06423137142227889,0,0,0
17.55,0.2328007986094422,0.12382404977246149,0.2563331605848169,0.03674361786749166,0.06343347651191973,0,0,0
17.6,0.23232156762330122,0.12370556350715252,0.2557031788045872,0.036287181315765096,0.06264549321132198,0,0,0
17.65,0.2318434480381515,0.12358529921881904,0.2550761976431127,0.03583641470994597,0.06186729839649174,0,0,0
17.7,0.2313664207607366,0.12346328774573088,0.2544521653318065,0.035391247616835014,0.061098770472905954,0,0,0
17.75,0.23089046724276646,0.12333955938625915,0.25383103132445506,0.03495161047816825,0.06033978935651297,0,0,0
17.8,0.23041556946689834,0.12321414391141394,0.2532127462667868,0.0345174345997483,0.0595902364549692,0,0,0
17.85,0.22994170993309732,0.12308707057702548,0.2525972619668766,0.03408865214071083,0.05884999464910879,0,0,0
17.9,0.229468871645364,0.12295836813557998,0.25198453136636073,0.03366519610292425,0.058118948274643555,0,0,0
17.95,0.22899703809881855,0.12282806484772135,0.25137450851243653,0.033247000320521115,0.057396983104090145,0,0,0
18.0,0.22852619326713028,0.12269618849342914,0.2507671485306233,0.032833999449559614,0.05668398632892182,0,0,0
18.05,0.22805632159028183,0.12256276638288294,0.25016240759826036,0.0324261289578134,0.05597984654194185,0,0,0
18.1,0.22758740796265864,0.12242782536702324,0.24956024291872037,0.03202332511468831,0.05528445371987595,0,0,0
18.15,0.22711943772145315,0.12229139184781818,0.24896061269631595,0.03162552498126436,0.05459769920618087,0,0,0
18.2,0.22665239663537495,0.12215349178824535,0.24836347611187826,0.031232666400461354,0.05391947569406664,0,0,0
18.25,0.2261862708936573,0.12201415072199753,0.24776879329898766,0.03084468798732678,0.05324967720972963,0,0,0
18.3,0.22572104709535157,0.12187339376292106,0.24717652532083645,0.030461529119444226,0.05258819909579396,0,0,0
18.35,0.2252567122389008,0.12173124561419499,0.24658663414770493,0.03008312992746105,0.05193493799495852,0,0,0
18.4,0.22479325371198455,0.12158773057725913,0.24599908263503245,0.029709431285733643,0.05128979183384725,0,0,0
18.45,0.22433065928162654,0.12144287256049865,0.24541383450206583,0.029340374803088938,0.05065265980705991,0,0,0
18.5,0.22386891708455797,0.1212966950876928,0.24483085431106735,0.028975902813700674,0.050023442361421054,0,0,0
18.55,0.22340801561782872,0.12114922130623487,0.24425010744706693,0.02861595836807898,0.04940204118042466,0,0,0
18.6,0.22294794372965948,0.12100047399513064,0.24367156009814125,0.028260485224171922,0.04878835916887194,0,0,0
18.65,0.22248869061052767,0.12085047557278164,0.2430951792362053,0.027909427838577545,0.04818230043770005,0,0,0
18.7,0.22203024578448055,0.12069924810456015,0.24252093259830076,0.027562731357865116,0.0475837702889992,0,0,0
18.75,0.22157259910066907,0.12054681331018213,0.24194878866836708,0.027220341610004164,0.04699267520121593,0,0,0
18.8,0.22111574072509604,0.12039319257088417,0.241378716659481,0.026882205095899992,0.0464089228145402,0,0,0
18.85,0.22065966113257257,0.1202384069364103,0.24081068649655119,0.026548268981034327,0.04583242191647392,0,0,0
18.9,0.2202043510988771,0.12008247713181458,0.24024466879945477,0.026218481087209818,0.045263082427578885,0,0,0
18.95,0.21974980169311104,0.11992542356408477,0.23968063486660304,0.0258927898843971,0.04470081538740161,0,0,0
19.0,0.2192960042702456,0.11976726632859261,0.23911855665892406,0.02557114448268311,0.044145532940573134,0,0,0
19.05,0.21884295046385466,0.11960802521537578,0.2385584067842503,0.025253494624319438,0.043597148323081404,0,0,0
19.1,0.2183906321790282,0.1194477197152566,0.23800015848210004,0.02493979067586945,0.04305557584871424,0,0,0
19.15,0.21793904158546162,0.1192863690258023,0.23744378560884088,0.024629983620452964,0.0425207308956707,0,0,0
19.2,0.21748817111071567,0.11912399205713152,0.23688926262322502,0.024324025050087267,0.041992529893338695,0,0,0
19.25,0.21703801343364287,0.11896060743757167,0.23633656457228575,0.024021867158123256,0.041470890309236993,0,0,0
19.3,0.2165885614779755,0.11879623351917143,0.2357856670775849,0.02372346273177557,0.04095573063611929,0,0,0
19.35,0.2161398084060707,0.11863088838307273,0.2352365463218017,0.023428765144745487,0.04044697037923856,0,0,0
19.4,0.2156917476128086,0.1184645898447463,0.2346891790356534,0.023137728349935462,0.03994453004376959,0,0,0
19.45,0.21524437271963948,0.11829735545909471,0.23414354248513836,0.02285030687225419,0.039448331122387735,0,0,0
19.5,0.2147976775687755,0.11812920252542697,0.23359961445909322,0.022566455801511016,0.03895829608300201,0,0,0
19.55,0.21435165621752367,0.11796014809230813,0.2330573732570546,0.02228613078539864,0.03847434835664052,0,0,0
19.6,0.2139063029327558,0.11779020896228776,0.23251679767741806,0.022009288022562967,0.03799641232548643,0,0,0
19.65,0.21346161218551216,0.11761940169651067,0.2319778670058854,0.021735884255759064,0.037524413311062495,0,0,0
19.7,0.21301757864573506,0.11744774261921329,0.23144056100419277,0.021465876765092123,0.03705827756256243,0,0,0
19.75,0.21257419717712914,0.1172752478221091,0.23090485989911202,0.021199223361342393,0.03659793224532716,0,0,0
19.8,0.21213146283214485,0.11710193316866613,0.23037074437171784,0.02093588237937303,0.0361433054294643,0,0,0
19.85,0.21168937084708206,0.11692781429827978,0.22983819554691348,0.020675812671619824,0.035694326078608916,0,0,0
19.9,0.21124791663731052,0.11675290663034382,0.22930719498320812,0.020418973601661828,0.03525092403882399,0,0,0
19.95,0.21080709579260415,0.11657722536822258,0.22877772466273952,0.020165325037871818,0.034813030027638685,0,0,0
20.0,0.21036690407258657,0.11640078550312705,0.2282497669815348,0.019914827347145645,0.03438057562322286,0,0,0
20.05,0.20992733740228428,0.11622360181789762,0.2277233047400034,0.019667441388709496,0.03395349325369599,0,0,0
20.1,0.20948839186778562,0.1160456888906963,0.22719832113365637,0.019423128508004053,0.03353171618656893,0,0,0
20.15,0.20905006371200197,0.11586706109861061,0.22667479974404517,0.019181850530644647,0.03311517851831683,0,0,0
20.2,0.20861234933052927,0.11568773262117191,0.22615272452991514,0.018943569756456433,0.032703815164081565,0,0,0
20.25,0.20817524526760683,0.11550771744379046,0.2256320798185676,0.018708248953583657,0.03229756184750212,0,0,0
20.3,0.2077387482121713,0.11532702936110964,0.2251128502974249,0.018475851352672108,0.03189635509067124,0,0,0
20.35,0.20730285499400314,0.11514568198028144,0.22459502100579376,0.018246340641123824,0.03150013220421692,0,0,0
20.4,0.20686756257996347,0.11496368872416546,0.22407857732682118,0.018019680957423186,0.031108831277507028,0,0,0
20.45,0.20643286807031908,0.11478106283445368,0.2235635049796384,0.01779583688553347,0.030722391168975655,0,0,0
20.5,0.2059987686951531,0.11459781737472285,0.22304979001168754,0.017574773449363028,0.030340751496569625,0,0,0
20.55,0.20556526181085966,0.11441396523341668,0.22253741879122702,0.017356456107300206,0.02996385262831367,0,0,0
20.6,0.20513234489672,0.11422951912675958,0.22202637800001035,0.017140850746816132,0.029591635672992823,0,0,0
20.65,0.2047000155515584,0.1140444916016041,0.22151665462613457,0.01692792367913458,0.02922404247095053,0,0,0
20.7,0.20426827149047577,0.11385889503821359,0.2210082359570535,0.016717641633968022,0.0288610155850011,0,0,0
20.75,0.20383711054165907,0.11367274165298205,0.22050110957275207,0.016509971754319078,0.02850249829145502,0,0,0
20.8,0.2034065306432647,0.11348604350109287,0.21999526333907737,0.016304881591346545,0.028148434571255765,0,0,0
20.85,0.2029765298403741,0.11329881247911797,0.21949068540122263,0.016102339099295197,0.0277987691012267,0,0,0
20.9,0.20254710628201977,0.11311106032755919,0.21898736417736023,0.01590231263048858,0.02745344724542674,0,0,0
20.95,0.2021182582182801,0.11292279863333332,0.2184852883524201,0.01570477093038398,0.02711241504661335,0,0,0
21.0,0.20168998399744115,0.11273403883220239,0.21798444687200988,0.01550968313268886,0.026775619217811627,0,0,0
21.05,0.2012622820632241,0.11254479221115053,0.21748482893647325,0.015317018754537916,0.02644300713398811,0,0,0
21.1,0.20083515095207663,0.11235506991070918,0.21698642399508306,0.015126747691730088,0.026114526823827994,0,0,0
21.15,0.20040858929052646,0.1121648829272316,0.216489221740366,0.014938840214024697,0.025790126961614517,0,0,0
21.2,0.19998259579259625,0.11197424211511842,0.21599321210255557,0.014753266960496055,0.025469756859209214,0,0,0
21.25,0.19955716925727768,0.11178315818899523,0.2154983852441701,0.014569998934945746,0.025153366458131786,0,0,0
21.3,0.1991323085660638,0.11159164172584377,0.21500473155471284,0.014389007501371915,0.02484090632173836,0,0,0
21.35,0.19870801268053806,0.11139970316708765,0.21451224164549126,0.014210264379494837,0.024532327627496926,0,0,0
21.4,0.19828428064001885,0.11120735282063413,0.21402090634455262,0.014033741640338063,0.024227582159358694,0,0,0
21.45,0.19786111155925815,0.11101460086287272,0.21353071669173257,0.01385941170186446,0.02392662230022426,0,0,0
21.5,0.197438504626193,0.11082145734063228,0.21304166393381516,0.013687247324666465,0.023629401024503328,0,0,0
21.55,0.1970164590997487,0.1106279321730971,0.21255373951980008,0.013517221607709871,0.023335871890766864,0,0,0
21.6,0.1965949743076925,0.1104340351536835,0.212066935096276,0.013349307984130483,0.023045989034490535,0,0,0
21.65,0.19617404964453655,0.1102397759518777,0.21158124250289648,0.013183480217082993,0.022759707160888272,0,0,0
21.7,0.19575368456948916,0.11004516411503623,0.2110966537679565,0.013019712395641422,0.022476981537834884,0,0,0
21.75,0.1953338786044529,0.10985020907014953,0.21061316110406714,0.01285797893075048,0.022197767988876557,0,0,0
21.8,0.19491463133206896,0.10965492012556997,0.2101307569039259,0.012698254551227228,0.0219220228863282,0,0,0
21.85,0.1944959423938064,0.1094593064727051,0.20964943373618075,0.012540514299812405,0.021649703144456536,0,0,0
21.9,0.1940778114880954,0.10926337718767694,0.20916918434138532,0.012384733529270803,0.021380766212747856,0,0,0
21.95,0.1936602383685032,0.10906714123294836,0.20869000162804346,0.012230887898540085,0.021115170069259424,0,0,0
22.0,0.19324322284195267,0.10887060745891732,0.20821187866874089,0.01207895336892745,0.02085287321405346,0,0,0
22.05,0.19282676476698102,0.10867378460547958,0.20773480869636174,0.01192890620035353,0.020593834662712692,0,0,0
22.1,0.19241086405203967,0.10847668130356117,0.2072587851003885,0.011780722947642965,0.020338013939936454,0,0,0
22.15,0.19199552065383246,0.10827930607662081,0.206783801423283,0.011634380456861035,0.020085371073216344,0,0,0
22.2,0.1915807345756929,0.10808166734212352,0.20630985135694668,0.01148985586169582,0.019835866586590426,0,0,0
22.25,0.19116650586599854,0.10788377341298577,0.2058369287392584,0.01134712657988529,0.01958946149447505,0,0,0
22.3,0.190752834616622,0.10768563249899325,0.205365027550688,0.011206170309688774,0.019346117295573253,0,0,0
22.35,0.19033972096141838,0.10748725270819161,0.20489414191098376,0.011066965026402278,0.019105795966858873,0,0,0
22.4,0.1899271650747471,0.10728864204825105,0.20442426607593228,0.010929488978917072,0.018868459957635357,0,0,0
22.45,0.1895151671700286,0.10708980842780533,0.20395539443418875,0.01079372068632104,0.0186340721836684,0,0,0
22.5,0.1891037274983341,0.1068907596577659,0.2034875215041766,0.010659638934542241,0.01840259602139146,0,0,0
22.55,0.18869284634700884,0.10669150345261166,0.20302064193105437,0.010527222773034169,0.01817399530218323,0,0,0
22.6,0.18828252403832674,0.10649204743165507,0.20255475048374866,0.010396451511502184,0.01794823430671625,0,0,0
22.65,0.1878727609281769,0.10629239912028507,0.20208984205205144,0.010267304716670615,0.01772527775937566,0,0,0
22.7,0.18746355740478088,0.10609256595118753,0.20162591164378058,0.01013976220909002,0.01750509082274733,0,0,0
22.75,0.18705491388743967,0.1058925552655436,0.2011629543820017,0.010013804059984102,0.01728763909217444,0,0,0
22.8,0.18664683082531047,0.10569237431420667,0.20070096550231065,0,0.017072888590381672,0,0,0
22.85,0.1861923750741647,0.10550895628907558,0.20015684539444029,0,0.016860805762166215,0,0,0
22.9,0.1857392922795609,0.10532515106039159,0.1996150751240476,0,0.016651357469154672,0,0,0
22.95,0.1852875701713247,0.10514096849130955,0.19907562888850483,0,0.016444510984625134,0,0,0
23.0,0.184837196716929,0.1049564183177567,0.19853848133707594,0,0.01624023398839356,0,0,0
23.05,0.18438816011650813,0.104771510150278,0.19800360756205368,0,0.016038494561763688,0,0,0
23.1,0.18394044879797927,0.10458625347584505,0.19747098309008512,0,0.01583926118253966,0,0,0
23.15,0.18349405141226896,0.1044006576596297,0.19694058387368113,0,0.015642502720100634,0,0,0
23.2,0.18304895682864208,0.10421473194674308,0.19641238628290575,0,0.015448188430536542,0,0,0
23.25,0.1826051541301311,0.10402848546394076,0.195886367097241,0,0.015256287951844305,0,0,0
23.3,0.182162632609063,0.10384192722129537,0.1953625034976229,0,0.015066771299183702,0,0,0
23.35,0.18172138176268193,0.10365506611383685,0.1948407730586452,0,0.01487960886019218,0,0,0
23.4,0.18128139128886503,0.10346791092316165,0.19432115374092623,0,0.014694771390357863,0,0,0
23.45,0.18084265108192968,0.1032804703190114,0.1938036238836359,0,0.014512230008450035,0,0,0
23.5,0.18040515122852974,0.10309275286082176,0.19328816219717826,0,0.014331956192006388,0,0,0
23.55,0.17996888200363903,0.10290476699924231,0.19277474775602682,0,0.014153921772876334,0,0,0
23.6,0.17953383386661972,0.10271652107762813,0.19226335999170846,0,0.013978098932819668,0,0,0
23.65,0.17909999745737404,0.10252802333350372,0.19175397868593322,0,0.013804460199159919,0,0,0
23.7,0.17866736359257723,0.10233928189999997,0.19124658396386585,0,0.013632978440491682,0,0,0
23.75,0.17823592326199006,0.10215030480726484,0.19074115628753643,0,0.013463626862441281,0,0,0
23.8,0.17780566762484878,0.1019610999838483,0.19023767644938694,0,0.013296379003480099,0,0,0
23.85,0.17737658800633124,0.10177167525806224,0.18973612556595015,0,0.013131208730789903,0,0,0
23.9,0.17694867589409702,0.10158203835931595,0.18923648507165852,0,0.012968090236179544,0,0,0
23.95,0.1765219229349002,0.10139219691942761,0.18873873671277958,0,0.012806998032052375,0,0,0
24.0,0.1760963209312732,0.10120215847391248,0.1882428625414754,0,0.012647906947423753,0,0,0
24.05,0.1756718618382796,0.10101193046324838,0.18774884490998311,0,0.012490792123988032,0,0,0
24.1,0.17524853776033533,0.10082152023411892,0.18725666646491382,0,0.012335629012234398,0,0,0
24.15,0.17482634094809563,0.10063093504063486,0.1867663101416673,0,0.012182393367610959,0,0,0
24.2,0.17440526379540722,0.10044018204553448,0.18627775915895994,0,0.01203106124673648,0,0,0
24.25,0.1739852988363237,0.10024926832136305,0.18579099701346322,0,0.011881609003659187,0,0,0
24.3,0.17356643874218314,0.10005820085163211,0.1853060074745506,0,0.011734013286162038,0,0,0
24.35,0.17314867631874625,0.09986698653195901,0.18482277457915008,0,0.011588251032113887,0,0,0
24.4,0.17273200450339385,0.09967563217118705,0.18434128262670044,0,0.011444299465865984,0,0,0
24.45,0.17231641636238249,0.09948414449248685,0.18386151617420854,0,0.011302136094693232,0,0,0
24.5,0.1719019050881568,0.09929253013443916,0.1833834600314058,0,0.011161738705279648,0,0,0
24.55,0.1714884639967174,0.09910079565209964,0.18290709925600135,0,0.011023085360247499,0,0,0
24.6,0.1710760865250432,0.09890894751804614,0.18243241914903013,0,0.010886154394729529,0,0,0
24.65,0.17066476622856672,0.09871699212340859,0.18195940525029358,0,0.01075092441298379,0,0,0
24.7,0.17025449677870172,0.09852493577888215,0.1814880433338909,0,0.010617374285050505,0,0,0
24.75,0.16984527196042146,0.09833278471572385,0.18101831940383922,0,0.010485483143450474,0,0,0
24.8,0.1694370856698869,0.09814054508673312,0.18055021968978044,0,0.01035523037992449,0,0,0
24.85,0.16902993191212376,0.09794822296721666,0.18008373064277305,0,0.010226595642213248,0,0,0
24.9,0.168623804798747,0.0977558243559378,0.17961883893116706,0,0.010099558830877271,0,0,0
24.95,0.16821869854573226,0.09756335517605086,0.17915553143656018,0,0,0,0,0
25.0,0.167798677045005,0.09731975141968313,0.1787082020027451,0,0,0,0,0
25.05,0.158894003617577,0.1153684203398393,0.1655521886695197,0,0,0.3555280081777973,0,0.7900622403951052
25.1,0.1503662556386029,0.1326397329333605,0.1529551715194751,0,0,0.35111156833019974,0,0.7802479296226662
25.15,0.14219660973770742,0.14917240875058868,0.14088925069198197,0,0,0.34674999037949583,0,0.7705555341766575
25.2,0.1343673180087669,0.16500295495235717,0.12932812039793423,0,0,0.342442592820257,0,0.7609835396005713
25.25,0.12686163958262373,0.18016580708289642,0.11824696749441638,0,0,0.3381887026128513,0,0.7515304502507807
25.3,0.11966377696622814,0.19469346003700921,0.10762237712432748,0,0,0.33398765507827904,0,0.7421947890628424
25.35,0.11275881678911896,0.20861658996024468,0.09743224488871022,0,0,0.32983879379431597,0,0.7329750973207022
25.4,0.1061326746271471,0.2219641677611634,0.08765569506250412,0,0,0.3257414704929455,0,0.7238699344287678
25.45,0.0997720435998429,0.2347635648602695,0.07827300440372006,0,0,0.3216950449590657,0,0.7148778776868127
25.5,0.09366434646206576,0.24704065175032508,0.06926553114195647,0,0,0.3176988849304544,0,0.7059975220676764
25.55,0.08779769093275067,0.25881988989714055,0.060615648765049435,0,0,0.3137523659989769,0,0.6972274799977264
25.6,0.0821608280238698,0.27012441746816523,0.052306684252741986,0,0,0.3098548715130209,0,0.6885663811400463
25.65,0.07674311315132312,0.28097612933794536,0.044322860433822775,0,0,0.3060057924811434,0,0.6800128721803186
25.7,0.07153446982651471,0.2913957517844573,0.03664924216844376,0,0,0.30220452747691473,0,0.671565616615366
25.75,0.06652535574299515,0.30140291225818,0.02927168608048661,0,0,0.2984504825449442,0,0.6632232945443204
25.8,0.061706731086884015,0.31101620457628465,0.02217679358609098,0,0,0.2947430711080736,0,0.6549846024623857
25.85,0.05707002891293883,0.32025324986726067,0.01535186698395502,0,0,0.291081713875723,0,0.6468482530571622
25.9,0.05260712744021431,0.3291307535664514,0.008784868390918271,0,0,0.2874658387533759,0,0.6388129750075019
25.95,0.04831032413234965,0.3376645587401501,0.0024643813227814004,0,0,0.28389488075318775,0,0.6308775127848616
26.0,0.044172311437716466,0.34586969599493295,-0.0036204252645706536,0,0,0.2803682819057059,0,0.6230406264571242
26.05,0.040186154074035196,0.35376043020961895,-0.009479830644781223,0,0,0.2768854911726855,0,0.6153010914948567
26.1,0.03634526775069001,0.36135030430950893,-0.01512359385962711,0,0,0.2734459643609888,0,0.6076576985799751
26.15,0.03264339922990868,0.368652180286228,-0.020560983273111316,0,0,0.2700491640375536,0,0.6001092534167858
26.2,0.02907460763528008,0.37567827765146566,-0.02580080427670775,0,0,0.26669455944541853,0,0.5926545765453746
26.25,0.025633246922812006,0.38244020949906243,-0.030851425271447214,0,0,0.26338162642079116,0,0.5852925031573137
26.3,0.022313949435934524,0.3889490163371314,-0.035720802043340716,0,0,0.2601098473111461,0,0.5780218829136581
26.35,0.019111610471570978,0.3952151978401423,-0.04041650064016161,0,0,0.256878710894341,0,0.5708415797652023
26.4,0.016021373789673374,0.40124874266004457,-0.044945718849790595,0,0,0.25368771229873693,0,0.5637504717749711
26.45,0.013038618003484354,0.4070591564254963,-0.0493153063731154,0,0,0.2505363529243112,0,0.5567474509429139
26.5,0.010158943792280245,0.4126554880490238,-0.05353178377781853,0,0,0.24742414036475008,0,0.5498314230327781
26.55,0.007378161882498777,0.41804635445340255,-0.057601360313236816,0,0,0.24435058833050927,0,0.5430013074011318
26.6,0.004692281746986576,0.42323996382066464,-0.06152995066079647,0,0,0.24131521657283023,0,0.5362560368285118
26.65,0.002097500975645525,0.4282441374598507,-0.06532319068927522,0,0,0.23831755080870032,0,0.5295945573526675
26.7,-0.00040980472596789663,0.43306633038288417,-0.06898645227928848,0,0,0.2353571226467451,0,0.5230158281038781
26.75,-0.0028330909505057678,0.43771365067171264,-0.0725248572769043,0,0,0.23243346951404123,0,0.516518821142314
26.8,-0.005175653452765397,0.442192877714091,-0.0759432906321357,0,0,0.2295461345838385,0,0.510102521297419
26.85,-0.0074406364987144175,0.44651047938004096,-0.0792464127742106,0,0,0.2266946667041797,0,0.5037659260092884
26.9,-0.009631040732214796,0.4506726282060741,-0.08243867127195526,0,0,0.22387862032740732,0,0.4975080451720164
26.95,-0.011749730589827867,0.4546852166496824,-0.08552431182432513,0,0,0.2210975554405457,0,0.4913279009789906
27.0,-0.013799441292018058,0.45855387147235205,-0.08850738862305604,0,0,0.21835103749654813,0,0.4852245277701071
27.05,-0.016595926562471594,0.46433306475292924,-0.09268247229096799,0,0,0.6106697575439506,0,1.368016992325378
27.1,-0.0192825476092659,0.46987203876758055,-0.096691451005359,0,0,0.6030838959833866,0,1.3510232123189518
27.15,-0.021864316571923045,0.4751816612319616,-0.10054188824691757,0,0,0.5955922675085538,0,1.3342405324381286
27.2,-0.02434598116988175,0.48027222646196055,-0.10424094846787385,0,0,0.5881937015372609,0,1.3176663303550322
27.25,-0.026732040318357186,0.4851534892446287,-0.10779542065863637,0,0,0.5808870420285227,0,1.301298016316867
27.3,-0.029026758730704955,0.4898346965108682,-0.11121174038492002,0,0,0.5736711473019254,0,1.2851330327412624
27.35,-0.031234180578654652,0.4943246169646645,-0.11449601040306556,0,0,0.5665448898592369,0,1.2691688538166475
27.4,-0.03335814227637908,0.4986315688119406,-0.1176540199531024,0,0,0.5595071562082335,0,1.2534029851075852
27.45,-0.03540228444940173,0.5027634457213445,-0.12069126282161624,0,0,0.5525568466887139,0,1.2378329631650142
27.5,-0.03737006314477982,0.5067277411393798,-0.12361295425959308,0,0,0.5456928753006748,0,1.2224563551413286
27.55,-0.0392647603347995,0.5105315710731775,-0.12642404683407188,0,0,0.5389141695346223,0,1.2072707584102402
27.6,-0.04108949376255214,0.5141816954458182,-0.12912924528660125,0,0,0.5322196702039891,0,1.1922738001913653
27.65,-0.04284722617419934,0.517684538121391,-0.13173302046612112,0,0,0.5256083312796345,0,1.17746313717947
27.7,-0.044540773979451914,0.5210462056898552,-0.13423962239893647,0,0,0.5190791197264008,0,1.1628364551783263
27.75,-0.04617281537876321,0.5242725050952082,-0.1366530925538859,0,0,0.5126310153416991,0,1.1483914687391135
27.8,-0.047745897992946706,0.5273689601844155,-0.138977275356596,0,0,0.5062630105961003,0,1.1341259208033116
27.85,-0.04926244602835424,0.5303408272489708,-0.14121582900282847,0,0,0.49997411047590745,0,1.1200375823500326
27.9,-0.050724767008374555,0.5331931096258047,-0.1433722356173417,0,0,0.49376333232768155,0,1.1061242520477297
27.95,-0.05213505809981867,0.5359305714194991,-0.1454498108013761,0,0,0.4876297057047012,0,1.0923837559102367
28.0,-0.05349541206073104,0.5385577504033706,-0.14745171260881557,0,0,0.4815722722153275,0,1.0788139469570766
28.05,-0.054807822834292814,0.5410789701529223,-0.14938094998824886,0,0,0.47559008537325387,0,1.0654127048779927
28.1,-0.056074190811751516,0.543498351461406,-0.15124039072554257,0,0,0.46968221044961533,0,1.0521779357016448
28.15,-0.057296327785709436,0.5458198230837653,-0.15303276891911874,0,0,0.46384772432693544,0,1.039107571468423
28.2,-0.05847596161362104,0.5480471318520127,-0.1547606920178941,0,0,0.4580857153548872,0,1.026199569907324
28.25,-0.05961474060997733,0.5501838522021181,-0.15642664744976667,0,0,0.4523952832078457,0,1.013451914116842
28.3,-0.06071423768438451,0.5522333951497316,-0.1580330088666178,0,0,0.4467755387442109,0,1.0008626122498252
28.35,-0.06177595424156705,0.5541990167495077,-0.1595820420300217,0,0,0.44122560386747667,0,0.9884296972022428
28.4,-0.06280132385823425,0.5560838260704337,-0.1610759103602069,0,0,0.43574461138902726,0,0.9761512263058243
28.45,-0.06379171575073761,0.5578907927173702,-0.16251668016928877,0,0,0.4303317048926366,0,0.964025281024511
28.5,-0.0647484380465083,0.5596227539269754,-0.16390632559837487,0,0,0.4249860386006522,0,0.9520499666546826
28.55,-0.0656727408713931,0.5612824212642987,-0.16524673327683193,0,0,0.4197067772418399,0,0.9402234120291045
28.6,-0.06656581926419926,0.562872386944575,-0.1665397067207834,0,0,0.4144930959208717,0,0.9285437692245555
28.65,-0.06742881592900811,0.5643951298031225,-0.16778697048677366,0,0,0.40934417998943384,0,0.9170092132730847
28.7,-0.0682628238351203,0.565853020934737,-0.1689901740954836,0,0,0.4042592249189366,0,0.9056179418768577
28.75,-0.06906888867384749,0.5672483290225694,-0.1701508957394034,0,0,0.3992374361748048,0,0.8943681751265429
28.8,-0.06984801118076311,0.5685832253751654,-0.17127064578746123,0,0,0.39427802909233006,0,0.8832581552231977
28.85,-0.0706011493314652,0.5698597886891349,-0.17235087009875968,0,0,0.38938022875406597,0,0.8722861462036089
28.9,-0.07132922041838237,0.5710800095537857,-0.17339295315678632,0,0,0.3845432698687449,0,0.8614504336690445
28.95,-0.07203310301566992,0.5722457947130056,-0.1743982210347328,0,0,0.3797663966517001,0,0.8507493245173752
29.0,-0.07271363883879127,0.5733589710986977,-0.17536794420187557,0,0,0.37504886270677296,0,0.8401811466785247
29.05,-0.07337163450495929,0.5744212896491611,-0.176303340180337,0,0,0.3703899309096865,0,0.8297442488532047
29.1,-0.07400786320022094,0.5754344289249611,-0.17720557606095383,0,0,0.3657888732928689,0,0.8194370002548956
29.15,-0.07462306625860303,0.5763999985340407,-0.1780757708864303,0,0,0.3612449709317066,0,0.809257790355034
29.2,-0.07521795465839685,0.5773195423770846,-0.17891499790943854,0,0,0.35675751383221094,0,0.7992050286313631
29.25,-0.07579321044034219,0.5781945417234635,-0.17972428673284996,0,0,0.35232580082008036,0,0.7892771443194111
29.3,-0.07634948805217467,0.5790264181274393,-0.18050462533883543,0,0,0.3479491394311403,0,0.779472586167056
29.35,-0.07688741562372454,0.5798165361937155,-0.18125696201315394,0,0,0.34362684580314445,0,0.7697898221921385
29.4,-0.07740759617649673,0.5805662062008572,-0.1819822071705604,0,0,0.33935824456891955,0,0.7602273394430883
29.45,-0.07791060877142107,0.58127668659058,-0.18268123508690023,0,0,0.33514266875083826,0,0.7507836437625205
29.5,-0.07839700959823688,0.581949186330423,-0.1833548855431179,0,0,0.3309794596566023,0,0.7414572595537718
29.55,-0.07886733300976516,0.5825848671568626,-0.18400396538608982,0,0,0.3268679667763207,0,0.7322467295503349
29.6,-0.07932209250412575,0.5831848457054962,-0.18462925001089495,0,0,0.3228075476808659,0,0.7231506145881578
29.65,-0.07976178165777244,0.5837501955345296,-0.18523148476885926,0,0,0.3187975679214933,0,0.7141674933807715
29.7,-0.08018687501204727,0.5842819490474255,-0.18581138630545044,0,0,0.3148374009307071,0,0.7052959622972109
29.75,-0.08059782891579442,0.5847810993202247,-0.18636964383185664,0,0,0.31092642792435804,0,0.6965346351426951
29.8,-0.08099508232642333,0.5852486018387211,-0.18690692033385575,0,0,0.3070640378049569,0,0.687882142942031
29.85,-0.08137905757166972,0.5856853761503699,-0.18742385372136863,0,0,0.3032496270661894,0,0.6793371337257088
29.9,-0.0817501610741713,0.5860923074355189,-0.1879210579218909,0,0,0.2994825996986171,0,0.6708982723186533
29.95,-0.08210878404085095,0.5864702480022865,-0.18839912392081062,0,0,0.2957623670965499,0,0.6625642401316008
30.0,-0.08245530311898447,0.5868200187091566,-0.1888586207514449,0,0,0.29208834796607464,0,0.6543337349550661
30.05,-0.08279008102072107,0.5871424103191262,-0.1893000964374636,0,0,0.2884599682342275,0,0.6462054707558706
30.1,-0.0831134671177231,0.5874381847890215,-0.18972407889021525,0,0,0.2848766609592933,0,0.6381781774761959
30.15,-0.08342579800749576,0.5877080764973873,-0.19013107676332577,0,0,0.28133786624222007,0,0.6302506008351354
30.2,-0.08372739805288773,0.5879527934141637,-0.19052158026680488,0,0,0.2778430311391335,0,0.6224215021327103
30.25,-0.08401857989615989,0.5881730182151803,-0.1908960619427686,0,0,0.27439160957493847,0,0.6146896580563197
30.3,-0.0842996449489397,0.5883694093443255,-0.19125497740476657,0,0,0.2709830622579936,0,0.6070538604895964
30.35,-0.08457088385930504,0.5885426020260888,-0.19159876604259116,0,0,0.2676168565958459,0,0.5995129163236352
30.4,-0.08483257695717145,0.5886932092310231,-0.1919278516943397,0,0,0.264292466612012,0,0.592065647270568
30.45,-0.08508499467909096,0.5888218225965305,-0.1922426432874031,0,0,0.2610093728637934,0,0.5847108896794538
30.5,-0.0853283979735097,0.5889290133052425,-0.19254353544996014,0,0,0.25776706236111246,0,0.5774474943544556
30.55,-0.08556303868747282,0.5890153329231399,-0.19283090909447043,0,0,0.25456502848635665,0,0.5702743263752762
30.6,-0.08578915993571154,0.58908131419944,-0.193105131974576,0,0,0.25140277091521834,0,0.5631902649198252
30.65,-0.0860069964529955,0.589127471830166,-0.19336655921674462,0,0,0.24827979553851848,0,0.5561942030890873
30.7,-0.08621677493058544,0.5891543031872111,-0.1936155338279155,0,0,0.2451956143850007,0,0.5492850477341681
30.75,-0.0864187143375761,0.5891622890146101,-0.19385238718033865,0,0,0.2421497455450849,0,0.5424617192854864
30.8,-0.0866130262278763,0.5891518940936393,-0.19407743947473596,0,0,0.23914171309556803,0,0.53572315158409
30.85,-0.086799915033533,0.5891235678782775,-0.19429100018285025,0,0,0.2361710470252599,0,0.5290682917150659
30.9,-0.08697957834506848,0.5890777451024797,-0.19449336847039228,0,0,0.23323728316154319,0,0.5224960998430199
30.95,-0.08715220717946362,0.5890148463606375,-0.1946848336013412,0,0,0.23033996309784543,0,0.5160055490496012
31.0,-0.08731798623638728,0.5889352786625268,-0.19486567532450347,0,0,0.22747863412201202,0,0.5095956251730428
31.05,-0.08747709414323941,0.5888394359639748,-0.1950361642431876,0,0,0.22465284914556902,0,0.503265326649698
31.1,-0.08762970368954605,0.5887276996744134,-0.19519656216880632,0,0,0.22186216663386482,0,0.49701366435754357
31.15,-0.08777598205121609,0.5886004391424259,-0.19534712245917607,0,0,0.21910615053707921,0,0.4908396614616271
31.2,-0.08791609100514299,0.5884580121203343,-0.19548809034224277,0,0,0.21638437022208998,0,0.48474235326143505
31.25,-0.0880501871346095,0.5883007652088226,-0.19561970322592553,0,0,0.21369640040518534,0,0.4787207870401561
31.3,-0.08817842202593003,0.588129034282536,-0.19574219099473383,0,0,0.2110418210856127,0,0.47277402191581713
31.35,-0.08830094245674233,0.5879431448975541,-0.1958557762937801,0,0,0.20842021747995265,0,0.46690112869426875
31.4,-0.08841789057633997,0.5877434126815814,-0.19596067480077764,0,0,0.20583117995730807,0,0.4611011897239966
31.45,-0.08852940407841599,0.5875301437076645,-0.19605709548658395,0,0,0.2032743039752986,0,0.45537329875273647
31.5,-0.08863561636657019,0.5873036348521976,-0.19614524086482066,0,0,0.20074919001685004,0,0.44971656078587063
31.55,-0.08873665671291435,0.5870641741379411,-0.19622530723107465,0,0,0.19825544352776903,0,0.44413009194658304
31.6,-0.08883265041009251,0.5868120410627442,-0.19629748489215967,0,0,0.19579267485509305,0,0.4386130193377519
31.65,-0.08892371891701817,0.5865475069146242,-0.19636195838589313,0,0,0.19336049918620646,0,0.43316448090555726
31.7,-0.08900997999861458,0.5862708350738248,-0.1964189066918207,0,0,0.19095853648871275,0,0.4277836253047842
31.75,-0.08909154785983049,0.5859822813024432,-0.19646850343329939,0,0,0.18858641145105354,0,0.42246961176579745
31.8,-0.08916853327418986,0.5856820940221886,-0.19651091707132964,0,0,0.18624375342386557,0,0.41722160996317026
31.85,-0.08924104370712165,0.5853705145808051,-0.19654631109050746,0,0,0.18393019636206598,0,0.4120387998859438
31.9,-0.08930918343430343,0.5850477775076666,-0.19657484417744978,0,0,0.18164537876765685,0,0.4069203717094989
31.95,-0.08937305365524123,0.5847141107590262,-0.19659667039202855,0,0,0.17938894363324054,0,0.40186552566901956
32.0,-0.08943275260229724,0.5843697359533806,-0.1966119393317331,0,0,0.17716053838623658,0,0.3968734719345278
32.05,-0.08948837564536662,0.5840148685973842,-0.19662079628946438,0,0,0.17495981483379136,0,0.39194343048747116
32.1,-0.08954001539239498,0.5836497183027308,-0.19662338240505048,0,0,0.17278642910837244,0,0.38707463099884326
32.15,-0.08958776178591904,0.5832744889943984,-0.19661983481075848,0,0,0.17064004161403845,0,0.3822663127088184
32.2,-0.08963170219580394,0.5828893791106322,-0.19661028677106507,0,0,0.1685203169733765,0,0.3775177243078812
32.25,-0.08967192150834255,0.582494581795028,-0.196594867816935,0,0,0.1664269239750989,0,0.37282812381943287
32.3,-0.08970850221187444,0.5820902850810548,-0.19657370387484563,0,0,0.16435953552229057,0,0.368196778483856
32.35,-0.0897415244790743,0.5816766720693441,-0.19654691739078353,0,0,0.1623178285812997,0,0.3636229646440194
32.4,-0.08977106624605298,0.5812539210980565,-0.19651462744942952,0,0,0.16030148413126286,0,0.3591059676322051
32.45,-0.08979720328840729,0.5808222059066197,-0.19647694988873723,0,0,0.1583101871142574,0,0.3546450816584401
32.5,-0.08982000929434851,0.5803816957931222,-0.19643399741010176,0,0,0.15634362638607313,0,0.3502396097002152
32.55,-0.08983955593503339,0.57993255576563,-0.19638587968430496,0,0,0.15440149466759528,0,0.34588886339357405
32.6,-0.08985591293221581,0.5794749466876838,-0.19633270345341614,0,0,0.1524834884967915,0,0.3415921629255545
32.65,-0.08986914812333177,0.5790090254182207,-0.19627457262881756,0,0,0.15058930818129543,0,0.3373488369279667
32.7,-0.08987932752412493,0.5785349449461541,-0.1962115883855177,0,0,0.148718657751579,0,0.3331582223724905
32.75,-0.08988651538891573,0.5780528545198346,-0.1961438492529065,0,0,0.1468712449147067,0,0.3290196644670756
32.8,-0.08989077426861142,0.5775628997716045,-0.1960714512021008,0,0,0.14504678100866425,0,0.3249325165536294
32.85,-0.08989216506655082,0.5770652228376488,-0.19599448773002046,0,0,0.1432449809572543,0,0.3208961400069751
32.9,-0.08989074709227285,0.576559962473337,-0.19591304994033065,0,0,0.14146556322555315,0,0.31690990413506503
32.95,-0.08988657811329398,0.5760472541642392,-0.195827226621378,0,0,0.1397082497759199,0,0.31297318608043434
33.0,-0.08987971440497602,0.5755272302329959,-0.19573710432124408,0,0,0.13797276602455277,0,0.3090853707228777
33.05,-0.089870210798562,0.5750000199422076,-0.1956427674200333,0,0,0.13625884079858477,0,0.3052458505833355
33.1,-0.08985812072745422,0.5744657495935078,-0.19554429819950736,0,0,0.1345662062937123,0,0.3014540257289744
33.15,-0.0898434962718057,0.5739245426229724,-0.19544177691017342,0,0,0.13289459803235032,0,0.2977093036794465
33.2,-0.0898263882014926,0.5733765196930133,-0.19533528183592844,0,0,0.13124375482230702,0,0.2940110993143128
33.25,-0.08980684601753267,0.5728217987808972,-0.1952248893563575,0,0,0.1296134187159722,0,0.29035883478161717
33.3,-0.08978491799201155,0.5722604952640249,-0.19511067400677995,0,0,0.12800333497001232,0,0.2867519394075958
33.35,-0.08976065120657636,0.5716927220020983,-0.19499270853613243,0,0,0.1264132520055663,0,0.2831898496075082
33.4,-0.0897340915895532,0.5711185894163013,-0.19487106396277518,0,0,0.1248429213689359,0,0.27967200879757603
33.45,-0.08970528395174286,0.5705382055656096,-0.19474580962830274,0,0,0.12329209769276431,0,0.27619786730801565
33.5,-0.08967427202094669,0.5699516762203445,-0.1946170132494381,0,0,0.12176053865769693,0,0.272766882297151
33.55,-0.08964109847527223,0.5693591049330775,-0.19448474096808493,0,0,0.12024800495451855,0,0.2693785176665938
33.6,-0.08960580497526625,0.5687605931069903,-0.19434905739961003,0,0,0.11875426024676079,0,0.26603224397747693
33.65,-0.08956843219492072,0.568156240061788,-0.1942100256794243,0,0,0.117279071133774,0,0.2627275383677283
33.7,-0.0895290198515952,0.5675461430972611,-0.1940677075079287,0,0,0.115822207114258,0,0.25946388447037294
33.75,-0.08948760673489754,0.5669303975545877,-0.19392216319388766,0,0,0.1143834405502457,0,0.2562407723328495
33.8,-0.08944423073456288,0.5663090968754615,-0.19377345169629082,0,0,0.1129625466315343,0,0.2530576983373289
33.85,-0.08939892886736905,0.5656823326591301,-0.19362163066476054,0,0,0.11155930334055816,0,0.2499141651220234
33.9,-0.08935173730312546,0.5650501947174238,-0.19346675647856107,0,0,0.11017349141769814,0,0.2468096815034726
33.95,-0.08930269138977019,0.5644127711278499,-0.19330888428426204,0,0,0.10880489432702185,0,0.2437437623997949
34.0,-0.08925182567760952,0.5637701482848279,-0.1931480680321077,0,0,0.10745329822244945,0,0.24071592875489267
34.05,-0.08919917394273166,0.5631224109491344,-0.19298436051114035,0,0,0.10611849191433972,0,0.23772570746359878
34.1,-0.08914476920962623,0.5624696422956265,-0.19281781338312481,0,0,0.10480026683649137,0,0.23477263129775275
34.15,-0.08908864377303878,0.561811923959307,-0.19264847721531925,0,0,0.10349841701355401,0,0.23185623883319567
34.2,-0.08903082921908903,0.5611493360797954,-0.19247640151213474,0,0,0.1022127390288442,0,0.22897607437767142
34.25,-0.08897135644568026,0.5604819573442622,-0.19230163474572554,0,0,0.10094303199256106,0,0.22613168789962412
34.3,-0.08891025568222585,0.5598098650288851,-0.1921242243855492,0,0,0.09968909751039697,0,0.22332263495787968
34.35,-0.08884755650871841,0.5591331350388814,-0.19194421692693486,0,0,0.09845073965253791,0,0.2205484766322008
34.4,-0.08878328787416535,0.55845184194717,-0.191761657918696,0,0,0.09722776492304915,0,0.21780877945470506
34.45,-0.08871747811441445,0.5577660590317121,-0.19157659198982302,0,0,0.09601998222964103,0,0.21510311534213455
34.5,-0.08865015496939131,0.5570758583115802,-0.19138906287528873,0,0,0.09482720285381047,0,0.2124310615289669
34.55,-0.08858134559977038,0.5563813105818028,-0.19119911344099969,0,0,0.09364924042135327,0,0.20979220050135755
34.6,-0.08851107660309979,0.5556824854470268,-0.19100678570792387,0,0,0.09248591087324276,0,0.20718611993190206
34.65,-0.0884393740294,0.5549794513540438,-0.19081212087542482,0,0,0.09133703243687023,0,0.20461241261520935
34.7,-0.08836626339625496,0.5542722756232198,-0.19061515934383064,0,0,0.0902024255976426,0,0.20207067640427498
34.75,-0.08829176970341408,0.5535610244788683,-0.19041594073626544,0,0,0.08908191307093288,0,0.19956051414764475
34.8,-0.08821591744692249,0.5528457630786052,-0.19021450391976968,0,0,0.08797531977437904,0,0.19708153362735914
34.85,-0.08813873063279636,0.5521265555417215,-0.19001088702573482,0,0,0.08688247280052713,0,0.19463334749766825
34.9,-0.08806023279025943,0.5514034649766103,-0.18980512746967643,0,0,0.08580320138981407,0,0.19221557322450852
34.95,-0.0879804469845563,0.5506765535072808,-0.18959726197036952,0,0,0.08473733690388613,0,0.18982783302573075
35.0,-0.08789939582935737,0.5499458822989925,-0.1893873265683686,0,0,0.08368471279924887,0,0.18746975381207096
35.05,-0.08781710149876973,0.5492115115830406,-0.1891753566439339,0,0,0.08264516460124437,0,0.18514096712885447
35.1,-0.08773358573896796,0.5484735006807229,-0.1889613869343849,0,0,0.0816185298783517,0,0.1828411090984241
35.15,-0.08764886987945793,0.5477319080265174,-0.18874545155090122,0,0,0.08060464821680673,0,0.1805698203632835
35.2,-0.08756297484398642,0.5469867911904982,-0.18852758399478978,0,0,0.07960336119553704,0,0.1783267460299468
35.25,-0.08747592116110897,0.5462382069000167,-0.18830781717323736,0,0,0.07861451236140847,0,0.17611153561348586
35.3,-0.08738772897442754,0.5454862110606733,-0.188086183414566,0,0,0.07763794720477883,0,0.17392384298276625
35.35,-0.0872984180525096,0.5447308587766062,-0.18786271448300879,0,0,0.07667351313535557,0,0.17176332630636348
35.4,-0.08720800779849938,0.543972204370119,-0.18763744159302204,0,0,0.07572105945835318,0,0.16962964799915128
35.45,-0.08711651725943206,0.5432103014006712,-0.18741039542315052,0,0,0.07478043735094686,0,0.16752247466955317
35.5,-0.08702396513526076,0.5424452026832548,-0.1871816061294604,0,0,0.07385149983901859,0,0.16544147706744927
35.55,-0.0869303697876063,0.5416769603061763,-0.1869511033585551,0,0,0.07293410177419221,0,0.1633863300327305
35.6,-0.08683574924823914,0.540905625648266,-0.18671891626018833,0,0,0.07202809981115364,0,0.1613567124444914
35.65,-0.08674012122730247,0.5401312493955346,-0.18648507349948734,0,0,0.07113335238525287,0,0.15935230717085452
35.7,-0.08664350312128512,0.5393538815572949,-0.18624960326880066,0,0,0.07024971969038422,0,0.15737280101941786
35.75,-0.0865459120207529,0.5385735714817688,-0.18601253329918196,0,0,0.06937706365714137,0,0.15541788468831796
35.8,-0.08644736471784636,0.537790367871195,-0.18577389087152313,0,0,0.06851524793124367,0,0.15348725271790076
35.85,-0.0863478777135527,0.5370043187964578,-0.1855337028273477,0,0,0.06766413785223058,0,0.15158060344299296
35.9,-0.08624746722475944,0.5362154717112493,-0.1852919955792767,0,0,0.06682360043242067,0,0.14969763894576626
35.95,-0.08614614919109714,0.5354238734657845,-0.18504879512117708,0,0,0.06599350433613199,0,0.14783806500918703
36.0,-0.0860439392815781,0.5346295703200827,-0.1848041270380041,0,0,0.06517371985916066,0,0.14600159107104438
36.05,-0.08594085290103767,0.5338326079568307,-0.18455801651534723,0,0,0.06436411890851429,0,0.14418793017854914
36.1,-0.085836905196385,0.533033031493841,-0.18431048834868968,0,0,0.06356457498239718,0,0.1423967989434969
36.15,-0.08573211106266904,0.53223088549612,-0.18406156695239118,0,0,0.06277496315044422,0,0.14062791749798814
36.2,-0.08562648514896623,0.531426213987559,-0.18381127636840267,0,0,0.06199516003420015,0,0.13888100945069815
36.25,-0.08552004186409551,0.5306190604622603,-0.18355964027472227,0,0,0.06122504378784156,0,0.13715580184369044
36.3,-0.08541279538216626,0.5298094678955108,-0.18330668199360067,0,0,0.06046449407913815,0,0.13545202510976645
36.35,-0.08530475964796472,0.5289974787544159,-0.18305242449950415,0,0,0.05971339207065057,0,0.13376941303034517
36.4,-0.085195948382184,0.528183135008204,-0.18279689042684338,0,0,0.05897162040116187,0,0.13210770269386585
36.45,-0.08508637508650277,0.5273664781382129,-0.18254010207747545,0,0,0.05823906316733954,0,0.13046663445470766
36.5,-0.08497605304851755,0.5265475491475694,-0.1822820814279865,0,0,0.057515605905625405,0,0.12884595189261944
36.55,-0.08486499534653325,0.5257263885705719,-0.1820228501367622,0,0,0.056801135574350445,0,0.12724540177265356
36.6,-0.0847532148542165,0.5249030364817857,-0.1817624295508528,0,0,0.05609554053607177,0,0.12566473400559747
36.65,-0.08464072424511623,0.5240775325048616,-0.18150084071263944,0,0,0.055398710540129126,0,0.1241037016088966
36.7,-0.08452753599705559,0.5232499158210853,-0.18123810436630802,0,0,0.05471053670541793,0,0.12256206066806308
36.75,-0.08441366239639941,0.5224202251776687,-0.1809742409641372,0,0,0.05403091150337641,0,0.12103957029856338
36.8,-0.08429911554220121,0.5215884988957901,-0.18070927067260587,0,0,0.053359728741184026,0,0.11953599260817978
36.85,-0.08418390735023332,0.5207547748783918,-0.18044321337832642,0,0,0.052696883545168674,0,0.11805109265983905
36.9,-0.0840680495569041,0.5199190906177448,-0.18017608869380902,0,0,0.052042272344419896,0,0.11658463843490324
36.95,-0.08395155372306559,0.5190814832027852,-0.17990791596306255,0,0,0.05139579285460576,0,0.1151364007969162
37.0,-0.08383443123771514,0.5182419893262341,-0.17963871426703704,0,0,0.0507573440619907,0,0.11370615345580046
37.05,-0.08371669332159426,0.5174006452915034,-0.17936850242891303,0,0,0.050126826207651944,0,0.11229367293249917
37.1,-0.08359835103068805,0.516557487019399,-0.17909729901924248,0,0,0.04950414077189196,0,0.11089873852405684
37.15,-0.0834794152596281,0.5157125500546249,-0.17882512236094586,0,0,0.048889190458844545,0,0.10952113226913412
37.2,-0.083359896745002,0.5148658695720969,-0.17855199053417012,0,0,0.04828187918127215,0,0.10816063891395095
37.25,-0.08323980606857237,0.5140174803830704,-0.1782779213810118,0,0,0.047682112045552075,0,0.1068170458786526
37.3,-0.0831191536604081,0.5131674169410902,-0.17800293251010962,0,0,0.04708979533684912,0,0.10549014322409377
37.35,-0.08299794980193059,0.512315713347767,-0.17772704130111044,0,0,0.04650483650447249,0,0.10417972361903505
37.4,-0.08287620462887761,0.5114624033583864,-0.17745026490901278,0,0,0.045927144147414514,0,0.10288558230774711
37.45,-0.08275392813418725,0.5106075203873567,-0.17717262026839165,0,0,0.045356628000069066,0,0.10160751707801709
37.5,-0.08263113017080446,0.5097510975134997,-0.17689412409750824,0,0,0.0447931989181274,0,0.10034532822955261
37.55,-0.08250782045441257,0.508893167485191,-0.17661479290230825,0,0,0.04423676886464917,0,0.09909881854277816
37.6,-0.082384008566092,0.5080337627253533,-0.17633464298031215,0,0,0.04368725089630644,0,0.09786779324801911
37.65,-0.08225970395490839,0.5071729153363088,-0.176053690424401,0,0,0.04314455914979867,0,0.09665205999506866
37.7,-0.08213491594043243,0.5063106571044946,-0.17577195112650057,0,0,0.04260860882843634,0,0.09545142882313258
37.75,-0.08200965371519323,0.5054470195050457,-0.1754894407811674,0,0,0.04207931618889134,0,0.09426571213114755
37.8,-0.0818839263470674,0.5045820337062502,-0.1752061748890795,0,0,0.04155659852811189,0,0.0930947246484681
37.85,-0.0817577427816058,0.5037157305738812,-0.17492216876043473,0,0,0.041040374170400004,0,0.09193828340591766
37.9,-0.0816311118442997,0.5028481406754082,-0.17463743751825983,0,0,0.04053056245464954,0,0.09079620770719929
37.95,-0.08150404224278826,0.5019792942840935,-0.17435199610163252,0,0,0.040027083721742684,0,0.08966831910066148
38.0,-0.08137654256900907,0.5011092213829764,-0.17406585926881954,0,0,0.039529859302103086,0,0.08855444135141476
38.05,-0.08124862130129351,0.5002379516687493,-0.17377904160033325,0,0,0.03903881150340356,0,0.0874544004137946
38.1,-0.08112028680640843,0.49936551455552897,-0.17349155750190914,0,0,0.03855386359842653,0,0.08636802440416647
38.15,-0.08099154734154593,0.49849193917852697,-0.17320342120740673,0,0,0.03807493981307519,0,0.0852951435740686
38.2,-0.08086241105626263,0.49761725439762194,-0.172914646781636,0,0,0.03760196531453372,0,0.08423559028368849
38.25,-0.08073288599437003,0.4967414888008371,-0.1726252481231121,0,0,0.03713486619957443,0,0.08318919897566884
38.3,-0.08060298009577732,0.49586467070772666,-0.17233523896673986,0,0,0.0366735694830103,0,0.0821558061492389
38.35,-0.08047270119828814,0.4949868281726732,-0.17204463288643063,0,0,0.03621800308629084,0,0.08113525033466705
38.4,-0.08034205703935257,0.4941079889881,-0.1717534432976536,0,0,0.03576809582623972,0,0.08012737206803094
38.45,-0.08021105525777569,0.49322818068760016,-0.17146168345992313,0,0,0.03532377740393221,0,0.07913201386630087
38.5,-0.08007970339538403,0.4923474305489859,-0.17116936647922432,0,0,0.03488497839371084,0,0.07814902020273275
38.55,-0.079948008898651,0.4914657655972604,-0.17087650531037876,0,0,0.03445163023233752,0,0.0771782374825667
38.6,-0.07981597912028271,0.49058321260751475,-0.170583112759352,0,0,0.0340236652082804,0,0.07621951401902766
38.65,-0.07968362132076517,0.4896997981077526,-0.1702892014855046,0,0,0.03360101645113376,0,0.0752727000096239
38.7,-0.07955094266987409,0.48881554838164487,-0.16999478400378848,0,0,0.0331836179211694,0,0.07433764751274013
38.75,-0.07941795024814818,0.48793048947121664,-0.16969987268689007,0,0,0.03277140439901782,0,0.07341421042452137
38.8,-0.0792846510483274,0.4870446471794688,-0.16940447976732226,0,0,0.03236431147547753,0,0.0725022444560438
38.85,-0.07915105197675662,0.4861580470729364,-0.16910861733946592,0,0,0.03196227554145099,0,0.07160160711076943
38.9,-0.0790171598547563,0.4852707144841857,-0.16881229736156317,0,0,0.03156523377800555,0,0.07071215766228074
38.95,-0.0788829814199606,0.4843826745142522,-0.1685155316576637,0,0,0.031173124146557894,0,0.06983375713229178
39.0,-0.07874852332762418,0.48349395203502155,-0.16821833191952518,0,0,0.03078588537918035,0,0.06896626826893262
39.05,-0.07861379215189848,0.482604571691555,-0.1679207097084694,0,0,0.030403456969027673,0,0.06810955552530344
39.1,-0.07847879438707842,0.4817145579043618,-0.16762267645719553,0,0,0.03002577916088272,0,0.06726348503829507
39.15,-0.0783435364488202,0.48082393487161923,-0.16732424347155161,0,0,0.029652792941819578,0,0.06642792460767255
39.2,-0.07820802467533122,0.47993272657134356,-0.16702542193226547,0,0,0.02928444003198267,0,0.06560274367541863
39.25,-0.07807226532853287,0.4790409567635121,-0.16672622289663622,0,0,0.028920662875480417,0,0.06478781330533383
39.3,-0.07793626459519676,0.47814864899213894,-0.16642665730018785,0,0,0.028561404631392003,0,0.06398300616288981
39.35,-0.07780002858805549,0.47725582658730514,-0.16612673595828553,0,0,0.018246340641123824,0,0.06318819649533317
39.4,-0.07758965499244203,0.4764414795016386,-0.16582336153579655,0,0,0.018019680957423186,0,0.06240326011203633
39.45,-0.07738028782976886,0.47562557003508255,-0.16551976675156424,0,0,0.01779583688553347,0,0.06162807436509239
39.5,-0.07717191379824198,0.47480813524103604,-0.16521595954209622,0,0,0.017574773449363028,0,0.06086251813015131
39.55,-0.07696451985669164,0.47398921173813846,-0.16491194777759582,0,0,0.017356456107300206,0,0.060106471787493815
39.6,-0.07675809321897291,0.4731688357168081,-0.16460773926252853,0,0,0.017140850746816132,0,0.05935981720334067
39.65,-0.0765526213484979,0.472347042945627,-0.164303341736175,0,0,0.01692792367913458,0,0.058622437711394054
39.7,-0.0763480919528965,0.4715238687775758,-0.16399876287317094,0,0,0.016717641633968022,0,0.0578942180946081
39.75,-0.0761444929788018,0.47069934815612335,-0.1636940102840349,0,0,0.016509971754319078,0,0.05717504456718614
39.8,-0.07594181260675723,0.46987351562117574,-0.16338909151568368,0,0,0.016304881591346545,0,0.05646480475680134
39.85,-0.07574003924624224,0.4690464053148877,-0.16308401405193645,0,0,0.016102339099295197,0,0.05576338768703831
39.9,-0.07553916153081333,0.46821805098734165,-0.1627787853140077,0,0,0.01590231263048858,0,0.05507068376005289
39.95,-0.07533916831335734,0.4673884860020969,-0.16247341266098925,0,0,0.01570477093038398,0,0.054386584739447144
40.0,-0.07514004866145436,0.46655774334161426,-0.16216790339032225,0,0,0.01550968313268886,0,0.05371098373335731
40.05,-0.07696570527200441,0.46149945989382124,-0.16176280174558608,0,0,0.015317018754537916,0.4937889002469407,0.05304377517775166
40.1,-0.0787491301268824,0.4565373314428265,-0.16136154343578446,0,0,0.015126747691730088,0.48765495601416636,0.052384854819935926
40.15,-0.08049134313216447,0.4516689853665578,-0.1609640222696743,0,0,0.014938840214024697,0.4815972088604109,0.051734119702263624
40.2,-0.08219333427138698,0.44689211923486555,-0.16057013532594883,0,0,0.014753266960496055,0.475614712250357,0.05109146814604869
40.25,-0.0838560646335707,0.442204498401291,-0.16017978284176831,0,0,0.014569998934945746,0.4697065314067379,0.05045679973567796
40.3,-0.08548046740134327,0.43760395368821564,-0.15979286810559312,0,0,0.014389007501371915,0.4638717431642765,0.049830015302921096
40.35,-0.08706744880087475,0.433088379161378,-0.15940929735413356,0,0,0.014210264379494837,0.45810943582543884,0.04921101691143527
40.4,-0.08861788901526182,0.4286557299899304,-0.15902897967324103,0,0,0.014033741640338063,0.4524187090179798,0.04859970784146245
40.45,-0.09013264306291838,0.42430402038839,-0.1586518269025716,0,0,0.01385941170186446,0.4467986735542579,0.04799599257471672
40.5,-0.09161254164245822,0.42003132163700657,-0.1582777535438625,0,0,0.013687247324666465,0.4412484512922978,0.047399776779459404
40.55,-0.09305839194548682,0.41583576017723195,-0.1579066766726684,0,0,0.013517221607709871,0.43576717499857903,0.04681096729575948
40.6,-0.09447097843865265,0.41171551577912907,-0.15753851585341175,0,0,0.013349307984130483,0.430353988212529,0.046229472120937164
40.65,-0.09585106361624757,0.40766881977770475,-0.15717319305760868,0,0,0.013183480217082993,0.4250080451126992,0.04565520039518833
40.7,-0.09719938872458522,0.403693953375288,-0.15681063258513728,0,0,0.013019712395641422,0.4197285103846038,0.04508806238738748
40.75,-0.09851667445933188,0.3997892460072079,-0.15645076098842217,0,0,0.01285797893075048,0.4145145590902003,0.044527969481067034
40.8,-0.09980362163690876,0.39595307376814937,-0.15609350699941454,0,0,0.012698254551227228,0.4093653765389911,0.043974834160570866
40.85,-0.10106091184103608,0.3921838578966853,-0.15573880145925223,0,0,0.012540514299812405,0.4042801581607264,0.043428569997379776
40.9,-0.1022892080454392,0.388480063315595,-0.15538657725049002,0,0,0.012384733529270803,0.39925810937968864,0.04288909163660689
40.95,-0.10348915521369229,0.38484019722568696,-0.15503676923179488,0,0,0.012230887898540085,0.39429844549053844,0.04235631478366076
41.0,-0.10466138087713073,0.38126280775094756,-0.15468931417500587,0,0,0.01207895336892745,0.38940039153570255,0.041830156191074164
41.05,-0.10580649569172237,0.37774648263293165,-0.15434415070446272,0,0,0.01192890620035353,0.38456318218428537,0.04131053364549654
41.1,-0.10692509397474764,0.37428984797240655,-0.15400121923851162,0,0,0.011780722947642965,0.37978606161248435,0.04079736595484797
41.15,-0.10801775422210128,0.37089156701634773,-0.1536604619331004,0,0,0.011634380456861035,0.37506828338549103,0.040290572935632714
41.2,-0.10908503960699259,0.36755033898846745,-0.15332182262737973,0,0,0.01148985586169582,0.37040911034085905,0.03979007540041046
41.25,-0.11012749846078693,0.3642648979615397,-0.15298524679122996,0,0,0.01134712657988529,0.365807814473321,0.039295795145423064
41.3,-0.11114566473669829,0.3610340117698589,-0.15265068147463742,0,0,0.011206170309688774,0.3612636768210362,0.038807654938375055
41.35,-0.11214005845701269,0.35785648096024314,-0.15231807525884677,0,0,0.011066965026402278,0.3567759873532514,0.038325578506365955
41.4,-0.11311118614449184,0.35473113778006177,-0.15198737820921954,0,0,0.010929488978917072,0.3523440448593569,0.03784949052397246
41.45,-0.11405954123857881,0.3516568452008323,-0.15165854182973185,0,0,0.01079372068632104,0.34796715683932117,0.03737931660147874
41.5,-0.11498560449700054,0.3486324959759956,-0.15133151901904734,0,0,0.010659638934542241,0.3436446393954863,0.0369149832732528
41.55,-0.11588984438333659,0.3456570117315362,-0.1510062640281038,0,0,0.010527222773034169,0.33937581712570736,0.03645641798626742
41.6,-0.11677271744109904,0.3427293420881733,-0.15068273241915503,0,0,0.010396451511502184,0.33516002301781983,0.03600354908876356
41.65,-0.1176346686548455,0.33984846381390155,-0.1503608810262116,0,0,0.010267304716670615,0.33099659834541717,0.035556305819054605
41.7,-0.11847613179882462,0.3370133800057121,-0.15004066791682685,0,0,0.01013976220909002,0.3268848925649238,0.03511461829446975
41.75,-0.11929752977363298,0.33422311929937487,-0.1497220523551764,0,0,0.010013804059984102,0.3228242632139462,0.03467841750043464
41.8,-0.12009927493134132,0.3314767351062089,-0.14940499476638214,0,0,0,0.31881407581088683,0.03424763527968777
41.85,-0.12115622979436808,0.32810558797204625,-0.14906495071981554,0,0,0,0.3148537037558052,0.0338222043216307
41.9,-0.12218763053731105,0.3247938472580331,-0.14872731237704664,0,0,0,0.31094252823251023,0.0334020581518107
41.95,-0.12319404574157308,0.32154015372511546,-0.14839201635760516,0,0,0,0.30707993811186907,0.03298713112153394
42.0,-0.12417602859003037,0.3183431855136092,-0.1480590011469855,0,0,0,0.3032653298563169,0.03257735839760775
42.05,-0.12513411736080798,0.3152016569463094,-0.1477282070372678,0,0,0,0.2994981074255529,0.032172675952210336
42.1,-0.12606883590308748,0.3121143173750684,-0.14739957606987714,0,0,0,0.2957776821834077,0.03177302055288628
42.15,-0.12698069409567156,0.3090799500690876,-0.14707305198039486,0,0,0,0.2921034728058681,0.03137832975266632
42.2,-0.127870188289,0.30609737114324587,-0.14674858014533967,0,0,0,0.28847490519024355,0.030988541880309924
42.25,-0.12873780173127908,0.3031654285248607,-0.14642610753083932,0,0,0,0.2848914123654617,0.030603596030669002
42.3,-0.12958400497935885,0.3002830009573497,-0.14610558264311774,0,0,0,0.28135243440347807,0.030223432055171376
42.35,-0.1304092562949637,0.2974489970393253,-0.1457869554807256,0,0,0,0.27785741833178595,0.029847990552422418
42.4,-0.13121400202685668,0.29466235429772175,-0.1454701774884452,0,0,0,0.27440581804701347,0.029477212858923484
42.45,-0.13199867697949136,0.29192203829361224,-0.14515520151280403,0,0,0,0.2709970942295938,0.02911104103990561
42.5,-0.13276370476868254,0.28922704175943326,-0.1448419817591335,0,0,0,0.26763071425949536,0.0287494178802771
42.55,-0.1335094981648029,0.28657638376638794,-0.14453047375011283,0,0,0,0.2643061521329989,0.0184468710132138
42.6,-0.13482262086713998,0.28289921215915015,-0.14423229815184477,0,0,0,0.26102288838050824,0.018217720301224025
42.65,-0.13610297102962424,0.27929340077459136,-0.1439361600345187,0,0,0,0.25778040998538226,0.017991416145095553
42.7,-0.1373513321224493,0.2757571983388766,-0.1436419986928135,0,0,0,0.2545782103037748,0.017767923184343573
42.75,-0.1385684647596991,0.27228890519994803,-0.1433497553332049,0,0,0,0.25141578898547073,0.017547206497738266
42.8,-0.1397551074830692,0.26888687156041263,-0.14305937300919613,0,0,0,0.248292651895705,0.017329231597848303
42.85,-0.1409119775152272,0.26554949577880144,-0.14277079655903518,0,0,0,0.24520831103795332,0.017113964425652096
42.9,-0.14203977148411465,0.262275222736269,-0.1424839725458125,0,0,0,0.24216228447768148,0.01690137134521603
42.95,-0.14313916611943206,0.2590625422659364,-0.14219884919983677,0,0,0,0.2391540962670423,0.016691419138438763
43.0,-0.1442108189224896,0.2559099876422134,-0.14191537636319243,0,0,0,0.2361832763705076,0.01648407499986083
43.05,-0.14525536881055268,0.25281613412755877,-0.14163350543638603,0,0,0,0.2332493605914244,0.016279306531538737
43.1,-0.1462734367367573,0.24977959757425602,-0.14135318932699353,0,0,0,0.23035189049948313,0.016077081737982703
43.15,-0.14726562628662251,0.24679903307889306,-0.14107438240022457,0,0,0,0.22749041335908696,0.015877369021157307
43.2,-0.1482325242521383,0.24387313368734032,-0.14079704043132318,0,0,0,0.224664482058611,0.015680137175544225
43.25,-0.14917470118436338,0.24100062914812492,-0.14052112055972873,0,0,0,0.22187365504054016,0.015485355383266309
43.3,-0.15009271192542495,0.23818028471219138,-0.140246581244924,0,0,0,0.21911749623247484,0.015292993209272228
43.35,-0.15098709612077105,0.23541089997713283,-0.13997338222390066,0,0,0,0.21639557497899387,0.015103020596580932
43.4,-0.1518583787124884,0.23269130777406266,-0.13970148447017558,0,0,0,0.21370746597436358,0.014915407861585185
43.45,-0.1527070704144619,0.23002037309537876,-0.13943085015429452,0,0,0,0.211052749196083,0.014730125689413445
43.5,-0.15353366817011685,0.22739699206175185,-0.13916144260576252,0,0,0,0.20843100983925444,0.014547145129349348
43.55,-0.1543386555934519,0.22482009092674282,-0.13889322627634285,0,0,0,0.20584183825176947,0.014366437590308109
43.6,-0.15512250339403957,0.2222886251175259,-0.1386261667046695,0,0,0,0.2032848298702998,0.0141879748363691
43.65,-0.15588566978664065,0.21980157831026204,-0.13836023048212,0,0,0,0.20075958515708356,0.014011728982363933
43.7,-0.1566286008860504,0.21735796153873058,-0.13809538521989798,0,0,0,0.19826570953749667,0.013837672489519344
43.75,-0.15735173108776768,0.214956812334889,-0.13783159951727741,0,0,0,0.19580281333839974,0.013665778161154206
43.8,-0.1580554834350516,0.21259719390008958,-0.13756884293096214,0,0,0,0.19337051172725084,0.013496019138429991
43.85,-0.15874026997290594,0.21027819430573497,-0.13730708594551638,0,0,0,0.1909684246519747,0.01332836889615402
43.9,-0.15940649208950836,0.20799892572221096,-0.1370462999448242,0,0,0,0.1885961767815787,0.013162801238634848
43.95,-0.16005454084557835,0.2057585236749825,-0.13678645718453733,0,0,0,0.1862533974475067,0.012999290295589142
44.0,-0.16068479729215723,0.20355614632678792,-0.13652753076547278,0,0,0,0.1839397205857214,0.012837810518099383
44.05,-0.16129763277725273,0.20139097378491255,-0.1362694946079231,0,0,0,0.18165478467950585,0.012678336674621805
44.1,-0.16189340924178158,0.19926220743256595,-0.13601232342684405,0,0,0,0.17939823270297603,0.012520843847043913
44.15,-0.16247247950522473,0.19716906928342898,-0.13575599270788552,0,0,0,0.17716971206529458,0.012365307426790977
44.2,-0.16303518754139246,0.19511080135847675,-0.13550047868423348,0,0,0,0.1749688745555779,0.01221170311098089
44.25,-0.16358186874467995,0.19308666508422045,-0.13524575831423175,0,0,0,0.17279537628848748,0.012060006898626798
44.3,-0.16411285018717725,0.19109594071154884,-0.13499180925975382,0,0,0,0.17064887765049708,0.01191019508688689
44.35,-0.16462845086698294,0.18913792675438273,-0.13473860986529634,0,0,0,0.16852904324682738,0.011762244267360788
44.4,-0.1651289819480558,0.18721193944739037,-0.13448613913776672,0,0,0,0.16643554184904,0.011616131322431934
44.45,-0.16561474699192508,0.18531731222204229,-0.13423437672693886,0,0,0,0.16436804634328228,0.011471833421655411
44.5,-0.16608604218156614,0.18345339520031326,-0.13398330290655192,0,0,0,0.1623262336791751,0.011329328018190648
44.55,-0.1665431565377365,0.18161955470537022,-0.13373289855602796,0,0,0,0.16030978481933555,0.011188592845278426
44.6,-0.16698637212805395,0.1798151727886091,-0.1334831451427856,0,0,0,0.15831838468952683,0.011049605912761646
44.65,-0.16741596426908795,0.1780396467724322,-0.1332340247051273,0,0,0,0.1563517221294271,0.010912345503649334
44.7,-0.16783220172172367,0.17629238880818152,-0.13298551983567952,0,0,0,0.15440948984401015,0.010776790170723307
44.75,-0.1682353468800477,0.17457282544866737,-0.13273761366536496,0,0,0,0.15249138435552986,0.010642918733187004
44.8,-0.16862565595399456,0.1728803972347543,-0.13249028984788763,0,0,0,0.15059710595610126,0.010510710273355948
44.85,-0.16900337914598296,0.17121455829548926,-0.13224353254471222,0,0,0,0.1487263586608705,0.010380144133389311
44.9,-0.16936876082176208,0.16957477596127557,-0.1319973264105194,0,0,0,0.14687885016176663,0.010251199912062083
44.95,-0.16972203967567898,0.16796053038961836,-0.1317516565791202,0,0,0,0.14505429178182788,0.010123857461577342
45.0,-0.1700634488905697,0.1663713142029849,-0.13150650864981275,0,0,0,0.1432523984300953,0
45.05,-0.17127935451269663,0.1633458479486099,-0.13131114958792534,0,0,0,0.14147288855706666,0
45.1,-0.17246336794077277,0.16038151636548548,-0.13111600560656655,0,0,0,0.1397154841107039,0
45.15,-0.1736162524104019,0.157476817114359,-0.13092106097561337,0,0,0,0.1379799104929868,0
45.2,-0.17473874880800452,0.1546302923025198,-0.13072630054808934,0,0,0,0.13626589651700655,0
45.25,-0.17583157644114517,0.15184052695445402,-0.1305317097407733,0,0,0,0.13457317436459218,0
45.3,-0.17689543377887398,0.14910614754195822,-0.1303372745155433,0,0,0,0.13290147954446355,0
45.35,-0.1779309991633748,0.1464258205711497,-0.13014298136142433,0,0,0,0.1312505508509039,0
45.4,-0.17893893149415038,0.14379825122393208,-0.1299488172773092,0,0,0,0.129620130322946,0
45.45,-0.17991987088591888,0.1412221820515896,-0.12975476975532424,0,0,0,0.12800996320406527,0
45.5,-0.18087443930133934,0.13869639171829165,-0.12956082676481195,0,0,0,0.12641979790237348,0
45.55,-0.18180324115963353,0.13621969379239318,-0.12936697673690484,0,0,0,0.12484938595130701,0
45.6,-0.18270686392212032,0.13379093558351443,-0.12917320854966502,0,0,0,0.12329848197080348,0
45.65,-0.18358587865563328,0.13140899702347517,-0.12897951151376635,0,0,0,0.12176684362896059,0
45.7,-0.18444084057474688,0.1290727895892501,-0.12878587535869587,0,0,0,0.1202542316041713,0
45.75,-0.18527228956369426,0.1267812552661928,-0.12859229021945334,0,0,0,0.11876040954772929,0
45.8,-0.18608075067881946,0.12453336554985789,-0.1283987466237279,0,0,0,0.11728514404689905,0
45.85,-0.18686673463236875,0.12232812048482578,-0.1282052354795324,0,0,0,0.11582820458844462,0
45.9,-0.18763073825838916,0.12016454773900676,-0.12801174806327625,0,0,0,0.11438936352261143,0
45.95,-0.1883732449614676,0.11804170171197079,-0.1278182760082594,0,0,0,0.11296839602755564,0
46.0,-0.18909472514901138,0.1159586626759129,-0.1276248112935695,0,0,0,0.11156508007421513,0
46.05,-0.1897956366477393,0.113914535947928,-0.12743134623336672,0,0,0,0.11017919639161713,0
46.1,-0.1904764251050227,0.11190845109232697,-0.1272378734665398,0,0,0,0.10881052843261665,0
46.15,-0.1911375243756877,0.10993956115178208,-0.12704438594671916,0,0,0,0.10745886234006051,0
46.2,-0.1917793568948628,0.10800704190614424,-0.12685087693263195,0,0,0,0.10612398691337174,0
46.25,-0.19240233403742993,0.10611009115782474,-0.1266573399787862,0,0,0,0.10480569357554913,0
46.3,-0.19300685646461313,0.10424792804268293,-0.12646376892647043,0,0,0,0.10350377634057653,0
46.35,-0.19359331445821545,0.10241979236540763,-0.12627015789505663,0,0,0,0.10221803178123721,0
46.4,-0.19416208824299241,0.10062494395842397,-0.12607650127359438,0,0,0,0.10094825899732791,0
46.45,-0.1947135482976291,0.09886266206339953,-0.12588279371268493,0,0,0,0.09969425958426778,0
46.5,-0.19524805565476822,0.09713224473446325,-0.12568903011662433,0,0,0,0.09845583760209724,0
46.55,-0.19576596219051684,0.09543300826228929,-0.12549520563580502,0,0,0,0.09723279954486197,0
46.6,-0.19626761090384123,0.09376428661823386,-0.12530131565936597,0,0,0,0.09602495431037726,0
46.65,-0.19675333618624197,0.09212543091774772,-0.12510735580808197,0,0,0,0.09483211317036784,0
46.7,-0.19722346408208477,0.09051580890232053,-0.12491332192748258,0,0,0,0.09365408974097872,0
46.75,-0.19767831253994622,0.08893480443924437,-0.12471921008119245,0,0,0,0.09249069995365235,0
46.8,-0.19811819165531908,0.08738181703851372,-0.12452501654448413,0,0,0,0.09134176202636753,0
46.85,-0.19854340390500677,0.0858562613862083,-0.12433073779803573,0,0,0,0.09020709643523558,0
46.9,-0.19895424437352321,0.08435756689373225,-0.12413637052188566,0,0,0,0.08908652588644941,0
46.95,-0.19935100097180086,0.08288517726230937,-0.12394191158957686,0,0,0,0.08797987528858095,0
47.0,-0.19973395464849714,0.08143855006215892,-0.12374735806248383,0,0,0,0.08688697172522276,0
47.05,-0.20010337959417762,0.08001715632580078,-0.12355270718431541,0,0,0,0.08580764442796956,0
47.1,-0.2004595434386428,0.07862048015496079,-0.12335795637578696,0,0,0,0.08474172474973525,0
47.15,-0.20080270744165407,0.07724801834056946,-0.12316310322945578,0,0,0,0.08368904613840146,0
47.2,-0.2011331266773045,0.07589927999536789,-0.12296814550471365,0,0,0,0.08264944411079347,0
47.25,-0.20145105021226975,0.07457378619865412,-0.12277308112293096,0,0,0,0.0816227562269794,0
47.3,-0.20175672127816457,0.07327106965272286,-0.12257790816274698,0,0,0,0.08060882206488858,0
47.35,-0.20205037743822218,0.07199067435056873,-0.12238262485550072,0,0,0,0.07960748319524531,0
47.4,-0.20233225074850378,0.07073215525444154,-0.12218722958079778,0,0,0,0.078618583156814,0
47.45,-0.2026025679138382,0.06949507798485771,-0.12199172086220805,0,0,0,0.07764196743195169,0
47.5,-0.2028615504386831,0.06827901851968846,-0.12179609736308973,0,0,0,0.07667748342246443,0
47.55,-0.20310941477309152,0.06708356290296001,-0.12160035788253526,0,0,0,0.07572498042576348,0
47.6,-0.20334637245396087,0.06590830696301626,-0.12140450135143484,0,0,0,0.07478430961131773,0
47.65,-0.20357263024173333,0.06475285603970746,-0.12120852682865346,0,0,0,0.0738553239973986,0
47.7,-0.20378839025271112,0.06361682472028209,-0.12101243349731758,0,0,0,0.07293787842811389,0
47.75,-0.20399385008714294,0.06249983658367181,-0.12081622066120747,0,0,0,0.07203182955072683,0
47.8,-0.2041892029532321,0.06140152395287167,-0.12061988774125192,0,0,0,0.07113703579325698,0
47.85,-0.20437463778721068,0.060321527655129006,-0.12042343427212154,0,0,0,0.07025335734235924,0
47.9,-0.20455033936961892,0.0592594967896658,-0.12022685989891746,0,0,0,0.06938065612147781,0
47.95,-0.20471648843792295,0.05821508850267014,-0.12003016437395216,0,0,0,0.0685187957692714,0
48.0,-0.20487326179559973,0.05718796776930235,-0.11983334755361938,0,0,0,0.06766764161830652,0
48.05,-0.20502083241781227,0.0561778071824712,-0.11963640939535014,0,0,0,0.06682706067401538,0
48.1,-0.2051593695537939,0.055184286748145114,-0.11943934995465197,0,0,0,0.06599692159391526,0
48.15,-0.2052890388260559,0.054207093686972366,-0.11924216938222865,0,0,0,0.06517709466708599,0
48.2,-0.2054100023265281,0.05324592224199233,-0.11904486792117783,0,0,0,0.06436745179390227,0
48.25,-0.20552241870973825,0.05230047349222894,-0.11884744590426399,0,0,0,0.06356786646601795,0
48.3,-0.2056264432831319,0.051370455171964716,-0.11864990375126427,0,0,0,0.06277821374659877,0
48.35,-0.20572222809463017,0.050455581495501584,-0.11845224196638492,0,0,0,0.061998370250800766,0
48.4,-0.2058099220175203,0.04955557298722196,-0.11825446113574588,0,0,0,0.06122821412649111,0
48.45,-0.20588967083276885,0.048670156316771004,-0.11805656192493172,0,0,0,0.06046762503520849,0
48.5,-0.20596161730884535,0.047799064139186456,-0.1178585450766064,0,0,0,0.05971648413335996,0
48.55,-0.2060259012791402,0.046942034939810334,-0.11766041140819022,0,0,0,0.0589746740536514,0
48.6,-0.2060826597170576,0.046098812883821894,-0.11746216180959682,0,0,0,0.05824207888674863,0
48.65,-0.20613202680886183,0.04526914767023767,-0.11726379724102828,0,0,0,0.05751858416316634,0
48.7,-0.2061741340243514,0.04445279439022991,-0.11706531873082687,0,0,0,0.056804076835382016,0
48.75,-0.20620911018543372,0.043649513389620226,-0.11686672737338138,0,0,0,0.05609844526017201,0
48.8,-0.20623708153267,0.042859070135410335,-0.11666802432708653,0,0,0,0.05540157918116709,0
48.85,-0.2062581717898572,0.04208123508621746,-0.11646921081235381,0,0,0,0.054713369711624604,0
48.9,-0.20627250222671187,0.04131578356648549,-0.11627028810967227,0,0,0,0.05403370931741478,0
48.95,-0.20628019171971845,0.040562495644349134,-0.11607125755771763,0,0,0,0.05336249180021824,0
49.0,-0.20628135681120174,0.03982115601303182,-0.1158721205515085,0,0,0,0.05269961228093231,0
49.05,-0.20627611176668173,0.039091553875662294,-0.11567287854060812,0,0,0,0.052044967183283476,0
49.1,-0.20626456863056652,0.03837348283339967,-0.11547353302737032,0,0,0,0.05139845421764334,0
49.15,-0.20624683728023754,0.03766674077676009,-0.11527408556522856,0,0,0,0.05075997236504567,0
49.2,-0.20622302547857843,0.03697112978004195,-0.1150745377570267,0,0,0,0.050129421861402006,0
49.25,-0.20619323892499827,0.036286455998750786,-0.11487489125339025,0,0,0,0.04950670418191329,0
49.3,-0.20615758130499723,0.035612529569927706,-0.11467514775113707,0,0,0,0.04889172202567517,0
49.35,-0.2061161543383213,0.03494916451528923,-0.11447530899172637,0,0,0,0.04828437930047454,0
49.4,-0.20606905782575122,0.03429617864708935,-0.1142753767597448,0,0,0,0.047684581107774945,0
49.45,-0.20601638969456876,0.03365339347661769,-0.114075352881429,0,0,0,0.047092233727888476,0
49.5,-0.2059582460427428,0.033020634125250886,-0.11387523922322293,0,0,0,0.04650724460533188,0
49.55,-0.205894721181875,0.032397729237977096,-0.11367503769036971,0,0,0,0.04592952233436459,0
49.6,-0.20582590767894468,0.03178451089931611,-0.11347475022553669,0,0,0,0.04535897664470639,0
49.65,-0.20575189639689034,0.031180814551560507,-0.11327437880747275,0,0,0,0.044795518387432474,0
49.7,-0.2056727765340643,0.030586478915265766,-0.11307392544969733,0,0,0,0.04423905952104379,0
49.75,-0.20558863566259553,0.03000134591191944,-0.11287339219921991,0,0,0,0.04368951309771033,0
49.8,-0.20549955976569478,0.029425260588722607,-0.11267278113528953,0,0,0,0.04314679324968539,0
49.85,-0.20540563327393482,0.028858071045418196,-0.11247209436817328,0,0,0,0.04261081517588855,0
49.9,-0.20530693910053716,0.028299628363103624,-0.1122713340379631,0,0,0,0.04208149512865532,0
49.95,-0.20520355867569634,0.027749786534967097,-0.11207050231341029,0,0,0,0.041558750400651406,0
50.0,-0.20509557197997103,0.027208402398888956,-0.11186960139078662,0,0,0,0.04104249931194953,0
50.05,-0.20498305757677046,0.026675335571851505,-0.11166863349277202,0,0,0,0.04053266119726676,0
50.1,-0.20486609264396427,0.02615044838610256,-0.11146760086736743,0,0,0,0.0400291563933604,0
50.15,-0.20474475300464187,0.025633605827019776,-0.11126650578683271,0,0,0,0.03953190622658046,0
50.2,-0.2046191131570475,0.025124675472624813,-0.11106535054664884,0,0,0,0.03904083300057671,0
50.25,-0.20448924630371587,0.024623527434697715,-0.1108641374645037,0,0,0,0.03855585998415849,0
50.3,-0.20435522437983247,0.024130034301443837,-0.11066286887930092,0,0,0,0.0380769113993053,0
50.35,-0.20421711808084175,0.02364407108166701,-0.11046154715019134,0,0,0,0.03760391240932633,0
50.4,-0.204074996889326,0.023165515150404437,-0.11026017465562633,0,0,0,0.03713678910716708,0
50.45,-0.20392892910117652,0.022694246195979817,-0.11005875379243267,0,0,0,0.0366754685038612,0
50.5,-0.20377898185107807,0.022230146168433176,-0.10985728697490824,0,0,0,0.03621987851712587,0
50.55,-0.2036252211373275,0.02177309922928676,-0.10965577663393825,0,0,0,0.035769947960098754,0
50.6,-0.20346771184600568,0.02132299170260793,-0.10945422521613132,0,0,0,0.03532560653021493,0
50.65,-0.2033065177745222,0.020879712027331188,-0.10925263518297519,0,0,0,0.03488678479822196,0
50.7,-0.2031417016545513,0.020443150710802716,-0.1090510090100113,0,0,0,0.034453414197331424,0
50.75,-0.20297332517437694,0.02001320028351196,-0.1088493491860281,0,0,0,0.03402542701250524,0
50.8,-0.2028014490006639,0.019589755254975846,-0.10864765821227244,0,0,0,0.033602756369875024,0
50.85,-0.20262613279967237,0.019172712070742545,-0.10844593860167884,0,0,0,0.03318533622629294,0
50.9,-0.2024474352579316,0.01876196907048258,-0.10824419287811597,0,0,0,0.032773101359012305,0
50.95,-0.2022654141023888,0.018357426447136047,-0.10804242357565022,0,0,0,0.03236598735549641,0
51.0,-0.20208012612004803,0.017958986207085872,-0.1078406332378258,0,0,0,0.031963930603353924,0
51.05,-0.20189162717711429,0.017566552131327975,-0.10763882441696113,0,0,0,0.031566868280399334,0
51.1,-0.20169997223765657,0.01718002973760993,-0.10743699967346099,0,0,0,0.031174738344836847,0
51.15,-0.20150521538180405,0.016799326243510757,-0.10723516157514434,0,0,0,0.03078747952556624,0
51.2,-0.20130740982348855,0.016424350530435394,-0.10703331269658728,0,0,0,0.030405031312609115,0
51.25,-0.2011066079277464,0.01605501310849808,-0.1068314556184808,0,0,0,0.0300273339476541,0
51.3,-0.20090286122759202,0.01569122608226975,-0.10662959292700319,0,0,0,0.029654328414719495,0
51.35,-0.20069622044047558,0.015332903117365348,-0.10642772721320665,0,0,0,0.02928595643093189,0
51.4,-0.20048673548433646,0.014979959407847673,-0.10622586107241777,0,0,0,0.028922160437419357,0
51.45,-0.20027445549326373,0.01463231164442498,-0.10602399710365182,0,0,0,0.028562883590317764,0
51.5,-0.20005942883277497,0.014289877983420601,-0.10582213790904021,0,0,0,0.028208069751888797,0
51.55,-0.19984170311472407,0.01395257801649312,-0.10562028609327126,0,0,0,0.027857663481748327,0
51.6,-0.19962132521184817,0.013620332741086469,-0.10541844426304353,0,0,0,0.027511610028203737,0
51.65,-0.19939834127196412,0.013293064531590085,-0.10521661502653198,0,0,0,0.027169855319698857,0
51.7,-0.19917279673182398,0.012970697111189491,-0.10501480099286623,0,0,0,0.026832345956365182,0
51.75,-0.1989447363306392,0.012653155524388796,-0.10481300477162096,0,0,0,0.026499029201678022,0
51.8,-0.19871420412328242,0.01234036611018656,-0.10461122897231817,0,0,0,0.026169852974216316,0
51.85,-0.19848124349317603,0.012032256475887543,-0.10440947620394087,0,0,0,0.02584476583952481,0
51.9,-0.19824589716487595,0.011728755471533112,-0.1042077490744583,0,0,0,0.025523717002077315,0
51.95,-0.19800820721635898,0.011429793164933671,-0.10400605019036217,0,0,0,0.0252066562973398,0
52.0,-0.19776821509102194,0.011135300817286906,-0.10380438215621379,0,0,0,0.024893534183932083,0
52.05,-0.19146342625605972,0.012853414472749541,-0.09807326177378262,0.3950311201975526,0,0,0.024584301735886896,0
52.1,-0.185311816742459,0.014527778890079834,-0.09248372702899638,0.3901239648113331,0,0,0.02427891063500509,0
52.15,-0.179308924459532,0.01615966033357119,-0.08703166306806948,0.3852777670883287,0,0,0.023977313163305834,0
52.2,-0.17345044280394728,0.017750280994561274,-0.08171309836428692,0.38049176980028565,0,0,0.023679462195570565,0
52.25,-0.1677322144234008,0.019300820759827947,-0.0765241989685786,0.37576522512539035,0,0,0.023385311191979594,0
52.3,-0.16215022526065098,0.020812418900475776,-0.07146126301857808,0.3710973945314212,0,0,0.023094814190840158,0
52.35,-0.15670059886402837,0.022286175685251902,-0.0665207154933603,0.3664875486603511,0,0,0.022807925801404803,0
52.4,-0.15137959095127984,0.02372315392201771,-0.06169910320174382,0.3619349672143839,0,0,0.022524601196779005,0
52.45,-0.1461835842143116,0.025124380430902746,-0.05699308999269237,0.35743893884340633,0,0,0.022244796106916858,0
52.5,-0.14110908335306138,0.02649084745247869,-0.052399452176964734,0.3529987610338382,0,0,0.021968466811703807,0
52.55,-0.13615271032735482,0.027823513994113827,-0.047915074149738224,0.3486137399988632,0,0,0.021695570134125278,0
52.6,-0.1313111998161931,0.029123307117500816,-0.043536944204475625,0.34428319057002316,0,0,0.021426063433520187,0
52.65,-0.126581394874474,0.03039112317019288,-0.03926215052881882,0.3400064360901593,0,0,0.02115990459891825,0
52.7,-0.12196024277767437,0.03162782896383465,-0.035087877373776166,0.335782808307683,0,0,0.020897052042460052,0
52.75,-0.11744479104551697,0.032834262901633327,-0.031011401387927184,0.3316116472721602,0,0,0.02063746469289887,0
52.8,-0.11303218363611206,0.03401123605748359,-0.027030088108798922,0.32749230123119283,0,0,0.020381101989183203,0
52.85,-0.10871965730250438,0.03515953320903424,-0.0231413886039748,0.3234241265285811,0,0,0.02012792387411902,0
52.9,-0.10450453810397409,0.03627991382686693,-0.019342836254881313,0.31940648750375095,0,0,0.019877890788110746,0
52.95,-0.10038423806483132,0.0373731130218455,-0.01563204367655907,0.3154387563924308,0,0,0.01963096366298,0
53.0,-0.09635625197381725,0.03843984245258919,-0.012006699767068862,0.3115203132285621,0,0,0.019387103915861098,0
53.05,-0.09241815431757427,0.039480791194923856,-0.008464566880504565,0.30765054574742834,0,0,0.01914627344317242,0
53.1,-0.08856759634197969,0.040496626575070624,-0.00500347811789309,0.30382884928998755,0,0,0.018908434614662635,0
53.15,-0.0848023032354508,0.04148799496824332,-0.0016213347305478187,0.3000546267083929,0,0,0.018673550267530897,0
53.2,-0.08112007142862548,0.04245552256424133,0.0016838963692831221,0.2963272882726873,0,0,0.018441583700620094,0
53.25,-0.0775187660051026,0.04339981610154568,0.004914184995374438,0.29264625157865687,0,0,0.018212498668682207,0
53.3,-0.07399631821819147,0.04432146357135035,0.008071439976744033,0.28901094145682904,0,0,0.017986259376714917,0
53.35,-0.07055072310887034,0.04522103489289028,0.0111575113535613,0.28542078988260117,0,0,0.01776283047436857,0
53.4,-0.06718003722039156,0.04609908256136,0.014174192483950021,0.28187523588748553,0,0,0.0175421770504226,0
53.45,-0.06388237640519495,0.046956142269652945,0.017123222065685062,0.27837372547145695,0,0,0.017324264627330596,0
53.5,-0.06065591372000412,0.04779273350509167,0.020006286076587054,0.27491571151638905,0,0,0.017109059155833103,0
53.55,-0.057498877405182,0.04860936012226155,0.022825019637232102,0.2715006537005659,0,0,0.01689652700963736,0
53.6,-0.054409548944611974,0.049406510893006905,0.025581008799418714,0.2681280184142559,0,0,0.016686634980163123,0
53.65,-0.05138626120255213,0.05018466003459683,0.028275792263667554,0.26479727867633374,0,0,0.01647935027135376,0
53.7,-0.04842739663408169,0.050944267717019875,0.03091086302887075,0.26150791405193907,0,0,0.016274640494551795,0
53.75,-0.04553138556592001,0.05168578055032032,0.03348766997705949,0.258259410571157,0,0,0.016072473663438117,0
53.8,-0.04269670454455371,0.05240963205284531,0.0360076193961148,0.2550512606487095,0,0,0.015872818189034053,0
53.85,-0.039921874748752806,0.053116243101230795,0.03847207644311346,0.2518829630046442,0,0,0.015675642874765524,0
53.9,-0.03720546046369455,0.053806022362914735,0.04088236655087246,0.2487540225860082,0,0,0.01548091691158852,0
53.95,-0.03454606761404644,0.054479366711929086,0.04323977678013491,0.2456639504894953,0,0,0.015288609873175124,0
54.0,-0.031942342353482756,0.05513666162868659,0.045545557119724855,0.24261226388505355,0,0,0.015098691711159328,0
54.05,-0.02939296970822891,0.055778281584444714,0.0478009217368901,0.23959848594044234,0,0,0.014911132750441928,0
54.1,-0.026896672272338773,0.05640459041109762,0.05000705017994783,0.23662214574672621,0,0,0.01472590368455372,0
54.15,-0.02445220895251765,0.05701594165691645,0.05216508853525065,0.23368277824469452,0,0,0.014542975571076307,0
54.2,-0.022058373760404093,0.057612678928829764,0.054276150540396,0.23077992415219487,0,0,0.01436231982711979,0
54.25,-0.01971399465032081,0.05819513622180847,0.05634131865551453,0.2279131298923694,0,0,0.014183908224856625,0
54.3,-0.01741793240059511,0.058763638235893964,0.058361645094387765,0.22508194752278246,0,0,0.01400771288711098,0
54.35,-0.01516907953663732,0.05931850068138331,0.06033815281706617,0.22228593466542876,0,0,0.01383370628300286,0
54.4,-0.012966359294047047,0.05986003057266201,0.06227183648558207,0.21952465443761077,0,0,0.013661861223646352,0
54.45,-0.010808724620096577,0.06038852651115276,0.06416366338427984,0.21679767538367503,0,0,0.013492150857901312,0
54.5,-0.008695157212014498,0.060904278957827185,0.06601457430621696,0.21410457140759628,0,0,0.013324548668177814,0
54.55,-0.006624666590564182,0.06140757049570771,0.06782548440702421,0.2114449217063991,0,0,0.013159028466292723,0
54.6,-0.004596289207478371,0.06189867608276745,0.06959728402755092,0.2088183107044066,0,0,0.012995564389377741,0
54.65,-0.0026090875853766182,0.06237786329561774,0.07133083948656199,0.2062243279883058,0,0,0.012834130895838281,0
54.7,-0.0006621494888523205,0.06284539256435573,0.07302699384469741,0.20366256824301984,0,0,0.012674702761362538,0
54.75,0.0012454128745257032,0.06330151739892798,0.07468656764085096,0.20113263118837657,0,0,0.012517255074980142,0
54.8,0.0031144636244957447,0.06374648460735005,0.07631035960207402,0.19863412151656398,0,0,0.012361763235169763,0
54.85,0.00494584395081743,0.0641805345061076,0.07789914732806161,0.19616664883036264,0,0,0.012208202946015084,0
54.9,0.006740372829513314,0.06460390112304973,0.079453687951232,0.1937298275821452,0,0,0.0120565502134085,0
54.95,0.008498847713687308,0.06501681239307222,0.08097471877336646,0.19132327701363383,0,0,0.011906781341302004,0
55.0,0.010222045199922425,0.06541949034687501,0.08246295787973398,0.1889466210964061,0,0,0.011758872928004621,0
55.05,0.011910721671218066,0.06581215129306636,0.08391910473158645,0.18659948847313954,0,0,0.011612801862525852,0
55.1,0.013565613917385061,0.06619500599387398,0.08534384073787035,0.18428151239958654,0,0,0.011468545320964531,0
55.15,0.015187439733777452,0.06656825983471257,0.08673782980696584,0.1819923306872696,0,0,0.011326080762942546,0
55.2,0.01677689849920233,0.06693211298784635,0.08810171887922896,0.17973158564688885,0,0,0.011185385928082863,0
55.25,0.018334671733813424,0.06728676057037511,0.08943613844107937,0.17749892403243217,0,0,0.011046438832531287,0
55.3,0.019861423637759584,0.06763239279676256,0.09074170302134521,0.17529399698597992,0,0,0.010909217765521449,0
55.35,0.021357801611327082,0.06796919512611652,0.09201901167054599,0.17311645998319514,0,0,0.010773701285982448,0
55.4,0.0228244367572831,0.06829734840442163,0.09326864842376592,0.1709659727794909,0,0,0.010639868219188648,0
55.45,0.024261944366098714,0.06861702900191693,0.0944911827477429,0.16884219935686645,0,0,0.010507697653451076,0
55.5,0.025670924384700505,0.06892840894580257,0.09568716997277199,0.1667448078714036,0,0,0.010377168936849934,0
55.55,0.027051961869373725,0.0692316560484522,0.09685715170999751,0.16467347060141563,0,0,0.010248261674007688,0
55.6,0.028405627423413432,0.0695269340313003,0.09800165625464369,0.1626278638962399,0,0,0.010120955722902256,0
55.65,0.02973247762009587,0.06981440264456676,0.09912119897571162,0.1606076681256669,0,0,0,0
55.7,0.032616325930587386,0.07068073747417157,0.10167760369566514,0.1586125676299974,0,0,0,0
55.75,0.03543364973619029,0.07152520681484406,0.10417278936865865,0.15664225067071985,0,0,0,0
55.8,0.038186146254875375,0.0723483630415499,0.10660831131616455,0.15469640938180074,0,0,0,0
55.85,0.040875460292230825,0.07315074152435827,0.10898567689279695,0.15277473972157982,0,0,0,0
55.9,0.043503186125530724,0.07393286124012152,0.11130634721106022,0.150876941425263,0,0,0,0
55.95,0.046070869311477636,0.07469522535936621,0.11357173879621546,0.14900271795800543,0,0,0,0
56.0,0.04858000842103899,0.07543832180950633,0.11578322517439613,0.14715177646857716,0,0,0,0
56.05,0.051032056704630596,0.0761626238154351,0.11794213839695109,0.14532382774360472,0,0,0,0
56.1,0.05342842369074108,0.07686859041850017,0.12004977050384796,0.14351858616238086,0,0,0,0
56.15,0.05577047672094207,0.07755666697481861,0.12210737492883281,0.1417357696522357,0,0,0,0
56.2,0.05805954242408548,0.07822728563384139,0.1241161678489108,0.13997509964446236,0,0,0,0
56.25,0.060296908132355,0.07888086579803354,0.12607732948059014,0.13823630103079002,0,0,0,0
56.3,0.0624838232417112,0.07951781456449479,0.12799200532521396,0.13651910212039767,0,0,0,0
56.35,0.06462150051914803,0.08013852714930583,0.12986130736559387,0.13482323459746193,0,0,0,0
56.4,0.06671111735906377,0.08074338729534808,0.13168631521605373,0.13314843347923203,0,0,0,0
56.45,0.06875381699094035,0.08133276766430969,0.1334680772278926,0.13149443707462585,0,0,0,0
56.5,0.07075070964042188,0.08190703021355654,0.13520761155218075,0.12986098694334008,0,0,0,0
56.55,0.07270287364578434,0.08246652655851544,0.1369059071617129,0.12824782785546845,0,0,0,0
56.6,0.07461135653169618,0.08301159832118626,0.1385639248338576,0.12665470775162146,0,0,0,0
56.65,0.07647717604207993,0.08354257746537117,0.14018259809596081,0.1250813777035417,0,0,0,0
56.7,0.07830132113380237,0.08405978661918156,0.14176283413488436,0.12352759187520812,0,0,0,0
56.75,0.08008475293283956,0.08456353938535804,0.14330551467218733,0.1219931074844239,0,0,0,0
56.8,0.08182840565448832,0.08505414063991315,0.14481149680638916,0.12047768476488102,0,0,0,0
56.85,0.08353318748912322,0.08553188681958426,0.14628161382368687,0.11898108692869641,0,0,0,0
56.9,0.08519998145493007,0.08599706619856111,0.1477166759784365,0.11750308012941331,0,0,0,0
56.95,0.08682964621898132,0.08644995915493144,0.14911747124464908,0.1160434334254623,0,0,0,0
57.0,0.08842301688795748,0.0868908384272685,0.15048476603969532,0.11460191874407623,0,0,0,0
57.05,0.0899809057697597,0.08731996936176455,0.15181930592135848,0.11317831084565333,0,0,0,0
57.1,0.09150410310720233,0.0877376101502967,0.1531218162593247,0.11177238728856312,0,0,0,0
57.15,0.09299337778492195,0.08814401205979402,0.1543930028821505,0.11038392839438944,0,0,0,0
57.2,0.09444947801058765,0.08853941965325848,0.15563355270070145,0.10901271721360524,0,0,0,0
57.25,0.09587313197144998,0.08892407100277633,0.15684413430901137,0.10765853949167375,0,0,0,0
57.3,0.09726504846721995,0.08929819789484228,0.15802539856346984,0.10632118363557085,0,0,0,0
57.35,0.09862591752022548,0.08966202602830398,0.1591779791412056,0.10500044068072312,0,0,0,0
57.4,0.09995641096375135,0.09001577520522108,0.1603024930784955,0.1036961042583568,0,0,0,0
57.45,0.1012571830094294,0.09035965951492055,0.16139954128999218,0.10240797056325222,0,0,0,0
57.5,0.10252887079450726,0.09069388751151702,0.16246970906952946,0.10113583832189879,0,0,0,0
57.55,0.10377209490978892,0.09101866238515614,0.16351356657323127,0.09987950876104561,0,0,0,0
57.6,0.10498745990900521,0.09133418212722694,0.1645316692856186,0.09863878557664278,0,0,0,0
57.65,0.10617555480034041,0.09164063968977913,0.16552455846937913,0.09741347490316847,0,0,0,0
57.7,0.10733695352080969,0.09193822313937111,0.16649276159943582,0.09620338528333704,0,0,0,0
57.75,0.10847221539415244,0.09222711580556453,0.16743679278192347,0.09500832763818344,0,0,0,0
57.8,0.10958188557287857,0.09250749642427242,0.16835715315865613,0.09382811523751924,0,0,0,0
57.85,0.11066649546507715,0.09277953927615892,0.16925433129764397,0.09266256367075569,0,0,0,0
57.9,0.11172656314657206,0.09304341432028038,0.1701288035701945,0.09151149081808915,0,0,0,0
57.95,0.11276259375898384,0.0932992873231494,0.17098103451511015,0.09037471682204451,0,0,0,0
58.0,0.11377507989423385,0.09354731998339638,0.17181147719047346,0.08925206405937211,0,0,0,0
58.05,0.11476450196600457,0.09378767005219485,0.17262057351349003,0.08814335711329371,0,0,0,0
58.1,0.11573132856864837,0.0940204914496111,0.17340875458884,0.08704842274609333,0,0,0,0
58.15,0.11667601682401676,0.094245934377031,0.17417644102597063,0.0859670898720484,0,0,0,0
58.2,0.11759901271666237,0.09446414542581125,0.17492404324574373,0.08489918953069739,0,0,0,0
58.25,0.11850075141784791,0.09467526768229587,0.17565196177683562,0.08384455486043929,0,0,0,0
58.3,0.11938165759877795,0.09487944082933313,0.1763605875422706,0.08280302107246121,0,0,0,0
58.35,0.12024214573345268,0.09507680124442264,0.17705030213645315,0.08177442542498975,0,0,0,0
58.4,0.1210826203915267,0.09526748209461688,0.17772147809304978,0.08075860719786232,0,0,0,0
58.45,0.12190347652154007,0.09545161342829667,0.17837447914405674,0.07975540766741421,0,0,0,0
58.5,0.12270509972487417,0.09562932226393485,0.17900966047037653,0.07876467008167777,0,0,0,0
58.55,0.12348786652077089,0.09580073267595843,0.17962736894421288,0.07778623963588956,0,0,0,0
58.6,0.12425214460273984,0.09596596587781449,0.18022794336358197,0.07681996344830179,0,0,0,0
58.65,0.12499829308666557,0.09612514030234123,0.18081171467922502,0.07586569053629424,0,0,0,0
58.7,0.1257266627509141,0.09627837167954142,0.1813790062141969,0.07492327179278295,0,0,0,0
58.75,0.12643759626872636,0.0964257731118518,0.18193013387639362,0.07399255996292185,0,0,0,0
58.8,0.127131428433175,0.0965674551469979,0.18246540636427222,0.073073409621094,0,0,0,0
58.85,0.12780848637494951,0.09670352584852088,0.18298512536600547,0.07216567714818845,0,0,0,0
58.9,0.12846908977322524,0.09683409086405884,0.18348958575230534,0.0712692207091595,0,0,0,0
58.95,0.12911355105986042,0.09695925349146244,0.1839790757631391,0.07038390023086473,0,0,0,0
59.0,0.12974217561715756,0.09707911474282123,0.18445387718855427,0.06950957738017818,0,0,0,0
59.05,0.13035526196941505,0.09719377340647431,0.184914265543819,0.06864611554237562,0,0,0,0
59.1,0.13095310196848647,0.09730332610707586,0.1853605102390778,0.06779337979978817,0,0,0,0
59.15,0.1315359809735573,0.09740786736378367,0.18579287474371348,0.06695123691072113,0,0,0,0
59.2,0.13210417802533958,0.09750748964663593,0.18621161674560027,0.06611955528863475,0,0,0,0
59.25,0.13265796601487873,0.09760228343117924,0.18661698830542478,0.0652982049815835,0,0,0,0
59.3,0.13319761184715767,0.09769233725140819,0.18700923600624525,0.06448705765191085,0,0,0,0
59.35,0.13372337659967848,0.09777773775107478,0.18738860109845346,0.06368598655619624,0,0,0,0
59.4,0.13423551567619274,0.0978585697334236,0.18775531964029665,0.06289486652545119,0,0,0,0
59.45,0.13473427895574722,0.09793491620940672,0.18810962263411138,0.062113573945561336,0,0,0,0
59.5,0.1352199109372037,0.09800685844442997,0.18845173615841546,0.061341986737971525,0,0,0,0
59.55,0.1356926508793873,0.09807447600368067,0.18878188149599867,0.060579984340610765,0,0,0,0
59.6,0.1361527329370104,0.09813784679608484,0.18910027525814743,0.05982744768905416,0,0,0,0
59.65,0.13660038629251495,0.09819704711693993,0.18940712950513405,0.059084259197918855,0,0,0,0
59.7,0.13703583528397018,0.09825215168926793,0.1897026518630959,0.05835030274249109,0,0,0,0
59.75,0.13745929952915764,0.09830323370393156,0.1899870456374254,0.05762546364058145,0,0,0,0
59.8,0.13787099404597078,0.09835036485855479,0.19026050992278748,0.056909628634605566,0,0,0,0
59.85,0.1382711293692514,0.09839361539528774,0.19052323970987622,0.05620268587388738,0,0,0,0
59.9,0.1386599116641813,0.09843305413745401,0.1907754259890194,0.05550452489718224,0,0,0,0
59.95,0.1390375428363424,0.09846874852511772,0.19101725585073445,0.05481503661541712,0,0,0,0
60.0,0.13940422063855556,0.0985007646496055,0.19124891258333665,0.054134113294645216,0,0,0,0
60.05,0.13976013877460292,0.09852916728701809,0.19147057576769594,0.05346164853921231,0,0,0,0
60.1,0.14010548699993616,0.09855401993076437,0.19168242136923574,0.05279753727513222,0,0,0,0
60.15,0.1404404512194687,0.09857538482314994,0.19188462182726387,0.0521416757336688,0,0,0,0
60.2,0.14076521358254618,0.09859332298605074,0.19207734614172167,0.051493961435121825,0,0,0,0
60.25,0.14107995257518713,0.09860789425070171,0.19226075995743558,0.05085429317281437,0,0,0,0
60.3,0.14138484310968094,0.09861915728662869,0.19243502564595122,0.050222570997279024,0,0,0,0
60.35,0.14168005661162894,0.09862716962975149,0.192600302385028,0.04959869620064062,0,0,0,0
60.4,0.14196576110450967,0.09863198770968451,0.1927567462358693,0.0489825713011929,0,0,0,0
60.45,0.14224212129184802,0.09863366687626075,0.19290451021816019,0.048374100028166805,0,0,0,0
60.5,0.14250929863706388,0.09863226142530382,0.193043744382983,0.04777318730668798,0,0,0,0
60.55,0.1427674514410744,0.09862782462367195,0.19317459588367775,0.04717973924292113,0,0,0,0
60.6,0.14301673491772043,0.0986204087335971,0.19329720904471262,0.046593663109398914,0,0,0,0
60.65,0.14325730126708586,0.09861006503634136,0.19341172542862714,0.04601486733053308,0,0,0,0
60.7,0.14348929974677593,0.09859684385519209,0.19351828390110865,0.04544326146830562,0,0,0,0
60.75,0.14371287674121863,0.09858079457781675,0.1936170206942607,0.04487875620813762,0,0,0,0
60.8,0.14392817582905035,0.0985619656779973,0.1937080694681196,0.04432126334493367,0,0,0,0
60.85,0.14413533784864577,0.09854040473676345,0.19379156137047385,0.043770695769299685,0,0,0,0
60.9,0.14433450096184935,0.0985161584629437,0.19386762509503902,0.04322696745393183,0,0,0,0
60.95,0.14452580071596408,0.09848927271315197,0.193936386938039,0.042689993440174594,0,0,0,0
61.0,0.14470937010405072,0.09845979251122738,0.1939979708532427,0.042159689824745855,0,0,0,0
61.05,0.14488533962359004,0.09842776206714403,0.19405249850550377,0.04163597374662679,0,0,0,0
61.1,0.1450538373335576,0.09839322479540696,0.1941000893228491,0.04111876337411467,0,0,0,0
61.15,0.14521498890995965,0.09835622333295016,0.19414086054716048,0.04060797789203654,0,0,0,0
61.2,0.1453689176998772,0.09831679955655169,0.19417492728349217,0.040103537489121606,0,0,0,0
61.25,0.14551574477406284,0.09827499459978069,0.19420240254806612,0.03960536334553063,0,0,0,0
61.3,0.14565558897813474,0.09823084886949042,0.19422339731498425,0.03911337762054013,0,0,0,0
61.35,0.14578856698240947,0.09818440206187112,0.19423802056169712,0.03862750344037963,0,0,0,0
61.4,0.14591479333041493,0.09813569317807593,0.1942463793132659,0.03814766488621995,0,0,0,0
61.45,0.1460343804861227,0.0980847605394326,0.1942485786854542,0.03767378698231077,0,0,0,0
61.5,0.14614743887993778,0.09803164180225368,0.1942447219266843,0.03720579568426549,0,0,0,0
61.55,0.1462540769534833,0.09797637397225681,0.19423491045889213,0.03674361786749166,0,0,0,0
61.6,0.14635440120321508,0.09791899341860703,0.19421924391731324,0.036287181315765096,0,0,0,0
61.65,0.14644851622290145,0.09785953588759223,0.1941978201892317,0.03583641470994597,0,0,0,0
61.7,0.14653652474500106,0.09779803651594252,0.19417073545172245,0.035391247616835014,0,0,0,0
61.75,0.14661852768097158,0.09773452984380412,0.19413808420841663,0.03495161047816825,0,0,0,0
61.8,0.14669462416054022,0.09766904982737801,0.19409995932531887,0.0345174345997483,0,0,0,0
61.85,0.1467649115699665,0.09760162985123294,0.19405645206570388,0.03408865214071083,0,0,0,0
61.9,0.1468294855893267,0.09753230274030264,0.19400765212411938,0.03366519610292425,0,0,0,0
61.95,0.1468884402288483,0.0974611007715761,0.19395364765952156,0.033247000320521115,0,0,0,0
62.0,0.14694186786432162,0.09738805568549022,0.19389452532756765,0.032833999449559614,0,0,0,0
62.05,0.14698985927161573,0.09731319869703309,0.1938303703120907,0.0324261289578134,0,0,0,0
62.1,0.1470325036603241,0.09723656050656654,0.19376126635577942,0.03202332511468831,0,0,0,0
62.15,0.14706988870656496,0.09715817131037598,0.19368729579008656,0.03162552498126436,0,0,0,0
62.2,0.1471021005849604,0.09707806081095524,0.1936085395643873,0.031232666400461354,0,0,0,0
62.25,0.147129223999818,0.09699625822703427,0.19352507727440976,0.03084468798732678,0,0,0,0
62.3,0.1471513422155372,0.0969127923033567,0.19343698718995758,0.030461529119444226,0,0,0,0
62.35,0.14716853708626246,0.09682769132021475,0.1933443462819454,0.03008312992746105,0,0,0,0
62.4,0.14718088908480484,0.09674098310274817,0.19324723024876628,0.029709431285733643,0,0,0,0
62.45,0.14718847733085189,0.09665269503001386,0.19314571354200982,0.029340374803088938,0,0,0,0
62.5,0.1471913796184865,0.09656285404383289,0.1930398693915497,0.028975902813700674,0,0,0,0
62.55,0.1471896724430337,0.09647148665742081,0.19292976983001794,0.02861595836807898,0,0,0,0
62.6,0.14718343102725415,0.09637861896380784,0.19281548571668305,0.028260485224171922,0,0,0,0
62.65,0.14717272934690256,0.0962842766440543,0.192697086760749,0.027909427838577545,0,0,0,0
62.7,0.1471576401556687,0.09618848497526737,0.19257464154409082,0.027562731357865116,0,0,0,0
62.75,0.1471382350095179,0.09609126883842456,0.19244821754344246,0.027220341610004164,0,0,0,0
62.8,0.14711458429044771,0.09599265272600929,0.19231788115205245,0.026882205095899992,0,0,0,0
62.85,0.14708675722967685,0.09589266074946377,0.19218369770082136,0.026548268981034327,0,0,0,0
62.9,0.14705482193028172,0.09579131664646424,0.1920457314789359,0.026218481087209818,0,0,0,0
62.95,0.14701884538929585,0.09568864378802347,0.1919040457540132,0.0258927898843971,0,0,0,0
63.0,0.14697889351928675,0.09558466518542519,0.19175870279176865,0.02557114448268311,0,0,0,0
63.05,0.14693503116942436,0.09547940349699521,0.1916097638752203,0.025253494624319438,0,0,0,0
63.1,0.14688732214605504,0.0953728810347135,0.19145728932344247,0.02493979067586945,0,0,0,0
63.15,0.14683582923279415,0.09526511977067167,0.19130133850988074,0.024629983620452964,0,0,0,0
63.2,0.14678061421015035,0.09515614134338007,0.1911419698802401,0.024324025050087267,0,0,0,0
63.25,0.14672173787469434,0.09504596706392844,0.19097924096995794,0.024021867158123256,0,0,0,0
63.3,0.1466592600577838,0.09493461792200426,0.1908132084212728,0.02372346273177557,0,0,0,0
63.35,0.14659323964385684,0.09482211459177249,0.19064392799989988,0.023428765144745487,0,0,0,0
63.4,0.14652373458830514,0.09470847743762043,0.1904714546113237,0.023137728349935462,0,0,0,0
63.45,0.14645080193493795,0.09459372651977135,0.19029584231671826,0.02285030687225419,0,0,0,0
63.5,0.14637449783304796,0.09447788159977047,0.1901171443485043,0.022566455801511016,0,0,0,0
63.55,0.14629487755408926,0.09436096214584641,0.1899354131255536,0.02228613078539864,0,0,0,0
63.6,0.14621199550797787,0.09424298733815178,0.18975070026804938,0.022009288022562967,0,0,0,0
63.65,0.1461259052590245,0.0941239760738859,0.189563056612012,0.021735884255759064,0,0,0,0
63.7,0.14603665954150927,0.09400394697230265,0.18937253222349873,0.021465876765092123,0,0,0,0
63.75,0.1459443102749077,0.09388291837960681,0.18917917641248588,0.021199223361342393,0,0,0,0
63.8,0.14584890857877703,0.09376090837374151,0.18898303774644207,0.02093588237937303,0,0,0,0
63.85,0.1457505047873116,0.09363793476906974,0.1887841640636001,0.020675812671619824,0,0,0,0
63.9,0.14564914846357602,0.09351401512095273,0.18858260248593572,0.020418973601661828,0,0,0,0
63.95,0.14554488841342417,0.09338916673022782,0.18837839943186058,0.020165325037871818,0,0,0,0
64.0,0.14543777269911234,0.09326340664758848,0.18817160062863672,0.019914827347145645,0,0,0,0
64.05,0.14532784865261417,0.09313675167786895,0.1879622511245202,0.019667441388709496,0,0,0,0
64.1,0.14521516288864506,0.09300921838423601,0.18775039530064003,0.019423128508004053,0,0,0,0
64.15,0.14509976131740351,0.09288082309229023,0.18753607688261997,0.019181850530644647,0,0,0,0
64.2,0.14498168915703644,0.09275158189407909,0.18731933895194927,0.018943569756456433,0,0,0,0
64.25,0.14486099094583557,0.09262151065202404,0.1871002239571088,0.018708248953583657,0,0,0,0
64.3,0.14473771055417167,0.09249062500276406,0.18687877372445882,0.018475851352672108,0,0,0,0
64.35,0.14461189119617307,0.09235894036091737,0.18665502946889473,0.018246340641123824,0,0,0,0
64.4,0.1444835754411552,0.09222647192276373,0.18642903180427572,0.018019680957423186,0,0,0,0
64.45,0.14435280522480698,0.09209323466984926,0.18620082075363326,0.01779583688553347,0,0,0,0
64.5,0.1442196218601405,0.09195924337251546,0.18597043575916394,0.017574773449363028,0,0,0,0
64.55,0.14408406604820953,0.09182451259335488,0.1857379156920125,0.017356456107300206,0,0,0,0
64.6,0.1439461778886028,0.09168905669059466,0.1855032988618503,0.017140850746816132,0,0,0,0
64.65,0.14380599688971776,0.0915528898214102,0.185266623026254,0.01692792367913458,0,0,0,0
64.7,0.1436635619788196,0.09141602594517054,0.18502792539988983,0.016717641633968022,0,0,0,0
64.75,0.14351891151189172,0.091278478826617,0.18478724266350788,0.016509971754319078,0,0,0,0
64.8,0.1433720832832819,0.09114026203897704,0.1845446109727512,0.016304881591346545,0,0,0,0
64.85,0.14322311453514985,0.0910013889670147,0.18430006596678428,0.016102339099295197,0,0,0,0
64.9,0.14307204196672027,0.09086187281001926,0.1840536427767453,0.01590231263048858,0,0,0,0
64.95,0.14291890174334693,0.09072172658473354,0.18380537603402655,0.01570477093038398,0,0,0,0
65.0,0.1427637295053917,0.09058096312822361,0.1835552998783871,0.01550968313268886,0,0,0,0
65.05,0.14260656037692324,0.09043959510069091,0.1833034479659015,0.015317018754537916,0,0,0,0
65.1,0.14244742897423973,0.09029763498822854,0.1830498534767493,0.015126747691730088,0,0,0,0
65.15,0.14228636941421985,0.0901550951055229,0.18279454912284804,0.014938840214024697,0,0,0,0
65.2,0.142123415322506,0.09001198759850201,0.18253756715533476,0.014753266960496055,0,0,0,0
65.25,0.14195859984152379,0.08986832444693188,0.18227893937189843,0.014569998934945746,0,0,0,0
65.3,0.14179195563834188,0.08972411746696203,0.18201869712396782,0.014389007501371915,0,0,0,0
65.35,0.14162351491237563,0.08957937831362153,0.18175687132375773,0.014210264379494837,0,0,0,0
65.4,0.1414533094029386,0.08943411848326668,0.18149349245117707,0.014033741640338063,0,0,0,0
65.45,0.14128137039664512,0.08928834931598141,0.18122859056060214,0.01385941170186446,0,0,0,0
65.5,0.1411077287346677,0.08914208199793164,0.18096219528751797,0.013687247324666465,0,0,0,0
65.55,0.14093241481985264,0.08899532756367465,0.1806943358550314,0.013517221607709871,0,0,0,0
65.6,0.1407554586236969,0.08884809689842442,0.18042504108025825,0.013349307984130483,0,0,0,0
65.65,0.14057688969318993,0.08870040074027416,0.1801543393805881,0.013183480217082993,0,0,0,0
65.7,0.14039673715752304,0.08855224968237684,0.17988225877982908,0.013019712395641422,0,0,0,0
65.75,0.14021502973466973,0.08840365417508483,0.17960882691423552,0.01285797893075048,0,0,0,0
65.8,0.14003179573783997,0.08825462452804964,0.17933407103842172,0.012698254551227228,0,0,0,0
65.85,0.13984706308181105,0.08810517091228237,0.1790580180311635,0.012540514299812405,0,0,0,0
65.9,0.13966085928913805,0.08795530336217633,0.17878069440109107,0.012384733529270803,0,0,0,0
65.95,0.1394732114962467,0.0878050317774921,0.17850212629227497,0.012230887898540085,0,0,0,0
66.0,0.13928414645941106,0.08765436592530634,0.17822233948970798,0.01207895336892745,0,0,0,0
66.05,0.139093690560619,0.087503315441925,0.1779413594246852,0.01192890620035353,0,0,0,0
66.1,0.13890186981332758,0.08735188983476165,0.17765921118008457,0.011780722947642965,0,0,0,0
66.15,0.13870870986811126,0.08720009848418199,0.1773759194955502,0.011634380456861035,0,0,0,0
66.2,0.13851423601820495,0.08704795064531498,0.17709150877258067,0.01148985586169582,0,0,0,0
66.25,0.1383184732049446,0.08689545544983165,0.17680600307952418,0.01134712657988529,0,0,0,0
66.3,0.13812144602310725,0.08674262190769208,0.17651942615648314,0.011206170309688774,0,0,0,0
66.35,0.13792317872615323,0.08658945890886137,0.17623180142012979,0.011066965026402278,0,0,0,0
66.4,0.13772369523137218,0.08643597522499533,0.17594315196843496,0.010929488978917072,0,0,0,0
66.45,0.13752301912493547,0.08628217951109644,0.17565350058531198,0.01079372068632104,0,0,0,0
66.5,0.13732117366685664,0.0861280803071409,0.17536286974517748,0.010659638934542241,0,0,0,0
66.55,0.13711818179586238,0.08597368603967724,0.17507128161743102,0.010527222773034169,0,0,0,0
66.6,0.13691406613417556,0.08581900502339723,0.1747787580708553,0.010396451511502184,0,0,0,0
66.65,0.13670884899221247,0.08566404546267967,0.17448532067793854,0.010267304716670615,0,0,0,0
66.7,0.13650255237319606,0.08550881545310762,0.17419099071912106,0.01013976220909002,0,0,0,0
66.75,0.13629519797768708,0.08535332298295975,0.17389578918696735,0.010013804059984102,0,0,0,0
66.8,0.1360868072080347,0.0851975759346762,0.17359973679026547,0,0,0,0,0
66.85,0.1357470151071158,0.08498484801553421,0.17316627949566704,0,0,0,0,0
66.9,0.1354080714254832,0.08477265125196896,0.17273390449087914,0,0,0,0,0
66.95,0.13506997404473778,0.08456098431775,0.1723026090735566,0,0,0,0,0
67.0,0.13473272085176982,0.08434984588995828,0.17187239054810163,0,0,0,0,0
67.05,0.13439630973874578,0.08413923464897795,0.17144324622564708,0,0,0,0,0
67.1,0.1340607386030951,0.08392914927848806,0.17101517342403952,0,0,0,0,0
67.15,0.13372600534749707,0.08371958846545438,0.17058816946782254,0,0,0,0,0
67.2,0.13339210787986777,0.08351055090012113,0.17016223168822006,0,0,0,0,0
67.25,0.13305904411334693,0.08330203527600286,0.16973735742311954,0,0,0,0,0
67.3,0.13272681196628494,0.08309404028987621,0.16931354401705545,0,0,0,0,0
67.35,0.1323954093622298,0.08288656464177187,0.1688907888211926,0,0,0,0,0
67.4,0.13206483422991414,0.08267960703496635,0.16846908919330966,0,0,0,0,0
67.45,0.1317350845032423,0.08247316617597394,0.16804844249778259,0,0,0,0,0
67.5,0.13140615812127746,0.0822672407745386,0.16762884610556816,0,0,0,0,0
67.55,0.1310780530282286,0.0820618295436259,0.16721029739418755,0,0,0,0,0
67.6,0.1307507671734379,0.08185693119941496,0.16679279374770997,0,0,0,0,0
67.65,0.13042429851136764,0.0816525444612905,0.16637633255673626,0,0,0,0,0
67.7,0.13009864500158763,0.0814486680518347,0.1659609112183826,0,0,0,0,0
67.75,0.12977380460876237,0.08124530069681937,0.1655465271362643,0,0,0,0,0
67.8,0.12944977530263835,0.08104244112519786,0.1651331777204795,0,0,0,0,0
67.85,0.12912655505803136,0.08084008806909719,0.16472086038759298,0,0,0,0,0
67.9,0.12880414185481381,0.08063824026381011,0.1643095725606201,0,0,0,0,0
67.95,0.12848253367790216,0.08043689644778718,0.16389931166901056,0,0,0,0,0
68.0,0.12816172851724422,0.08023605536262887,0.1634900751486325,0,0,0,0,0
68.05,0.12784172436780672,0.08003571575307777,0.16308186044175632,0,0,0,0,0
68.1,0.12752251922956268,0.07983587636701066,0.16267466499703875,0,0,0,0,0
68.15,0.12720411110747892,0.07963653595543073,0.16226848626950696,0,0,0,0,0
68.2,0.12688649801150367,0.07943769327245975,0.16186332172054257,0,0,0,0,0
68.25,0.12656967795655402,0.07923934707533031,0.16145916881786584,0,0,0,0,0
68.3,0.1262536489625036,0.07904149612437804,0.1610560250355198,0,0,0,0,0
68.35,0.1259384090541702,0.07884413918303383,0.1606538878538545,0,0,0,0,0
68.4,0.12562395626130332,0.07864727501781618,0.16025275475951126,0,0,0,0,0
68.45,0.12531028861857202,0.0784509023983234,0.15985262324540692,0,0,0,0,0
68.5,0.1249974041655525,0.07825502009722599,0.15945349081071822,0,0,0,0,0
68.55,0.1246853009467159,0.07805962689025892,0.15905535496086612,0,0,0,0,0
68.6,0.1243739770114161,0.077864721556214,0.1586582132075003,0,0,0,0,0
68.65,0.12406343041387748,0.07767030287693229,0.15826206306848348,0,0,0,0,0
68.7,0.12375365921318279,0.07747636963729639,0.157866902067876,0,0,0,0,0
68.75,0.12344466147326104,0.07728292062522292,0.15747272773592036,0,0,0,0,0
68.8,0.12313643526287534,0.07708995463165493,0.15707953760902568,0,0,0,0,0
68.85,0.12282897865561085,0.07689747045055433,0.15668732922975237,0,0,0,0,0
68.9,0.1225222897298628,0.07670546687889436,0.1562961001467968,0,0,0,0,0
68.95,0.1222163665688244,0.07651394271665209,0.15590584791497591,0,0,0,0,0
69.0,0.12191120726047489,0.07632289676680086,0.15551657009521203,0,0,0,0,0
69.05,0.1216068098975676,0.07613232783530287,0.15512826425451745,0,0,0,0,0
69.1,0.12130317257761804,0.07594223473110168,0.15474092796597946,0,0,0,0,0
69.15,0.12100029340289195,0.07575261626611476,0.15435455880874496,0,0,0,0,0
69.2,0.12069817048039351,0.0755634712552261,0.15396915436800548,0,0,0,0,0
69.25,0.12039680192185347,0.07537479851627875,0.153584712234982,0,0,0,0,0
69.3,0.12009618584371735,0.0751865968700675,0.15320123000690994,0,0,0,0,0
69.35,0.11979632036713371,0.07499886514033142,0.15281870528702413,0,0,0,0,0
69.4,0.11949720361794232,0.07481160215374662,0.1524371356845438,0,0,0,0,0
69.45,0.11919883372666253,0.0746248067399188,0.15205651881465773,0,0,0,0,0
69.5,0.11890120882848154,0.07443847773137602,0.15167685229850922,0,0,0,0,0
69.55,0.11860432706324278,0.07425261396356138,0.15129813376318133,0,0,0,0,0
69.6,0.11830818657543425,0.07406721427482572,0.15092036084168195,0,0,0,0,0
69.65,0.11801278551417693,0.07388227750642039,0.15054353117292912,0,0,0,0,0
69.7,0.11771812203321323,0.07369780250248997,0.15016764240173616,0,0,0,0,0
69.75,0.11742419429089544,0.07351378811006509,0.14979269217879704,0,0,0,0,0
69.8,0.11713100045017422,0.07333023317905521,0.14941867816067164,0,0,0,0,0
69.85,0.11683853867858708,0.0731471365622414,0.14904559800977113,0,0,0,0,0
69.9,0.11654680714824703,0.0729644971152692,0.14867344939434338,0,0,0,0,0
69.95,0.11625580403583104,0.0727823136966415,0.1483022299884583,0,0,0,0,0
70.0,0.1159655275225687,0.07260058516771131,0.1479319374719934,0,0,0,0,0
70.05,0.11567597579423086,0.07241931039267477,0.14756256953061925,0,0,0,0,0
